ISO-10303-21;
HEADER;

/* File generated by Shapr3D Version 3.0 */

FILE_DESCRIPTION(('HOOPS Exchange Step'),'2;1');

FILE_NAME('C:\\Users\\30abd\\AppData\\Local\\Packages\\Shapr3D.Shapr3D_j403pzjkqtqbj\\TempState\\export\\temp_export',
'2023-03-23T20:28:15+08:00',
('30abd'),
('Shapr3D Limited'),
'HOOPS Exchange 2022.2',
'Shapr3D',
'Authorized');

FILE_SCHEMA( ('AUTOMOTIVE_DESIGN { 1 0 10303 214 1 1 1 1 }') );

ENDSEC;

DATA;
#3=(NAMED_UNIT(*)PLANE_ANGLE_UNIT()SI_UNIT($,.RADIAN.));
#4=PLANE_ANGLE_MEASURE_WITH_UNIT(PLANE_ANGLE_MEASURE(0.0174532925),#3);
#5=(CONVERSION_BASED_UNIT('DEGREE',#4)NAMED_UNIT(#6)PLANE_ANGLE_UNIT());
#6=DIMENSIONAL_EXPONENTS(0.,0.,0.,0.,0.,0.,0.);
#7=(NAMED_UNIT(*)SI_UNIT($,.STERADIAN.)SOLID_ANGLE_UNIT());
#8=(LENGTH_UNIT()NAMED_UNIT(*)SI_UNIT(.MILLI.,.METRE.));
#9=UNCERTAINTY_MEASURE_WITH_UNIT(LENGTH_MEASURE(1.000000E-03),#8,'DISTANCE_ACCURACY_VALUE','Maximum Tolerance applied to model');
#10=(GEOMETRIC_REPRESENTATION_CONTEXT(3)GLOBAL_UNCERTAINTY_ASSIGNED_CONTEXT((#9))GLOBAL_UNIT_ASSIGNED_CONTEXT((#8,#5,#7))REPRESENTATION_CONTEXT('','root'));
#12=CARTESIAN_POINT('',(0.,0.,0.));
#13=DIRECTION('',(0.,0.,1.));
#14=DIRECTION('',(1.,0.,0.));
#15=AXIS2_PLACEMENT_3D('',#12,#13,#14);
#26=(NAMED_UNIT(*)PLANE_ANGLE_UNIT()SI_UNIT($,.RADIAN.));
#27=PLANE_ANGLE_MEASURE_WITH_UNIT(PLANE_ANGLE_MEASURE(0.0174532925),#26);
#28=(CONVERSION_BASED_UNIT('DEGREE',#27)NAMED_UNIT(#29)PLANE_ANGLE_UNIT());
#29=DIMENSIONAL_EXPONENTS(0.,0.,0.,0.,0.,0.,0.);
#30=(NAMED_UNIT(*)SI_UNIT($,.STERADIAN.)SOLID_ANGLE_UNIT());
#31=(LENGTH_UNIT()NAMED_UNIT(*)SI_UNIT(.MILLI.,.METRE.));
#32=UNCERTAINTY_MEASURE_WITH_UNIT(LENGTH_MEASURE(1.000000E-05),#31,'DISTANCE_ACCURACY_VALUE','Maximum Tolerance applied to model');
#33=(GEOMETRIC_REPRESENTATION_CONTEXT(3)GLOBAL_UNCERTAINTY_ASSIGNED_CONTEXT((#32))GLOBAL_UNIT_ASSIGNED_CONTEXT((#31,#28,#30))REPRESENTATION_CONTEXT('','temp_import.STEP'));
#45=CARTESIAN_POINT('',(0.,0.,0.));
#46=DIRECTION('',(0.,0.,1.));
#47=DIRECTION('',(1.,0.,-0.));
#48=AXIS2_PLACEMENT_3D('',#45,#46,#47);
#49=ITEM_DEFINED_TRANSFORMATION('','',#48,#15);
#50=(REPRESENTATION_RELATIONSHIP('','',#35,#16)REPRESENTATION_RELATIONSHIP_WITH_TRANSFORMATION(#49)SHAPE_REPRESENTATION_RELATIONSHIP());
#51=NEXT_ASSEMBLY_USAGE_OCCURRENCE('temp_import.STEP_1','temp_import.STEP','temp_import.STEP',#25,#44,$);
#52=PRODUCT_DEFINITION_SHAPE('','',#51);
#53=CONTEXT_DEPENDENT_SHAPE_REPRESENTATION(#50,#52);
#55=CARTESIAN_POINT('',(0.564719601,7.363506409,24.9));
#56=CARTESIAN_POINT('',(0.375297439,7.363506409,25.048585226));
#57=CARTESIAN_POINT('',(0.035497413,7.363506409,25.34220659));
#58=CARTESIAN_POINT('',(-0.366108288,7.363506409,25.772937094));
#59=CARTESIAN_POINT('',(-0.668658201,7.363506409,26.194911784));
#60=CARTESIAN_POINT('',(-0.881190878,7.363506409,26.609076388));
#61=CARTESIAN_POINT('',(-1.041979088,7.363506409,27.106887798));
#62=CARTESIAN_POINT('',(-1.093450149,7.363506409,27.683811528));
#63=CARTESIAN_POINT('',(-0.994851271,7.363506409,28.337430479));
#64=CARTESIAN_POINT('',(-0.63137424,7.363506409,29.430752817));
#65=CARTESIAN_POINT('',(0.223165324,7.363506409,30.922208467));
#66=CARTESIAN_POINT('',(0.898984407,7.363506409,33.154563965));
#67=CARTESIAN_POINT('',(1.037645947,7.363506409,35.695276587));
#68=CARTESIAN_POINT('',(0.580366972,7.363506409,38.572286693));
#69=CARTESIAN_POINT('',(-0.257660616,7.363506409,41.243832963));
#70=CARTESIAN_POINT('',(-1.243485184,7.363506409,43.672860873));
#71=CARTESIAN_POINT('',(-2.571461344,7.363506409,46.560017575));
#72=CARTESIAN_POINT('',(-3.850643141,7.363506409,49.390861988));
#73=CARTESIAN_POINT('',(-4.545362584,7.363506409,52.123530465));
#74=CARTESIAN_POINT('',(-4.630968704,7.363506409,53.895174244));
#75=CARTESIAN_POINT('',(-4.344238932,7.363506409,55.403036374));
#76=CARTESIAN_POINT('',(-3.811019993,7.363506409,56.663828591));
#77=CARTESIAN_POINT('',(-3.237592198,7.363506409,57.481491127));
#78=CARTESIAN_POINT('',(-2.889812477,7.363506409,57.884166431));
#79=CARTESIAN_POINT('',(0.564719601,9.239822979,24.9));
#80=CARTESIAN_POINT('',(0.375297439,9.239822979,25.048585226));
#81=CARTESIAN_POINT('',(0.035497413,9.239822979,25.34220659));
#82=CARTESIAN_POINT('',(-0.366108288,9.239822979,25.772937094));
#83=CARTESIAN_POINT('',(-0.668658201,9.239822979,26.194911784));
#84=CARTESIAN_POINT('',(-0.881190878,9.239822979,26.609076388));
#85=CARTESIAN_POINT('',(-1.041979088,9.239822979,27.106887798));
#86=CARTESIAN_POINT('',(-1.093450149,9.239822979,27.683811528));
#87=CARTESIAN_POINT('',(-0.994851271,9.239822979,28.337430479));
#88=CARTESIAN_POINT('',(-0.63137424,9.239822979,29.430752817));
#89=CARTESIAN_POINT('',(0.223165324,9.239822979,30.922208467));
#90=CARTESIAN_POINT('',(0.898984407,9.239822979,33.154563965));
#91=CARTESIAN_POINT('',(1.037645947,9.239822979,35.695276587));
#92=CARTESIAN_POINT('',(0.580366972,9.239822979,38.572286693));
#93=CARTESIAN_POINT('',(-0.257660616,9.239822979,41.243832963));
#94=CARTESIAN_POINT('',(-1.243485184,9.239822979,43.672860873));
#95=CARTESIAN_POINT('',(-2.571461344,9.239822979,46.560017575));
#96=CARTESIAN_POINT('',(-3.850643141,9.239822979,49.390861988));
#97=CARTESIAN_POINT('',(-4.545362584,9.239822979,52.123530465));
#98=CARTESIAN_POINT('',(-4.630968704,9.239822979,53.895174244));
#99=CARTESIAN_POINT('',(-4.344238932,9.239822979,55.403036374));
#100=CARTESIAN_POINT('',(-3.811019993,9.239822979,56.663828591));
#101=CARTESIAN_POINT('',(-3.237592198,9.239822979,57.481491127));
#102=CARTESIAN_POINT('',(-2.889812477,9.239822979,57.884166431));
#103=CARTESIAN_POINT('',(-1.311596969,9.239822979,24.9));
#104=CARTESIAN_POINT('',(-1.50101913,9.239822979,25.048585226));
#105=CARTESIAN_POINT('',(-1.840819157,9.239822979,25.34220659));
#106=CARTESIAN_POINT('',(-2.242424857,9.239822979,25.772937094));
#107=CARTESIAN_POINT('',(-2.544974771,9.239822979,26.194911784));
#108=CARTESIAN_POINT('',(-2.757507447,9.239822979,26.609076388));
#109=CARTESIAN_POINT('',(-2.918295658,9.239822979,27.106887798));
#110=CARTESIAN_POINT('',(-2.969766718,9.239822979,27.683811528));
#111=CARTESIAN_POINT('',(-2.87116784,9.239822979,28.337430479));
#112=CARTESIAN_POINT('',(-2.507690809,9.239822979,29.430752817));
#113=CARTESIAN_POINT('',(-1.653151245,9.239822979,30.922208467));
#114=CARTESIAN_POINT('',(-0.977332163,9.239822979,33.154563965));
#115=CARTESIAN_POINT('',(-0.838670623,9.239822979,35.695276587));
#116=CARTESIAN_POINT('',(-1.295949597,9.239822979,38.572286693));
#117=CARTESIAN_POINT('',(-2.133977186,9.239822979,41.243832963));
#118=CARTESIAN_POINT('',(-3.119801753,9.239822979,43.672860873));
#119=CARTESIAN_POINT('',(-4.447777914,9.239822979,46.560017575));
#120=CARTESIAN_POINT('',(-5.726959711,9.239822979,49.390861988));
#121=CARTESIAN_POINT('',(-6.421679153,9.239822979,52.123530465));
#122=CARTESIAN_POINT('',(-6.507285273,9.239822979,53.895174244));
#123=CARTESIAN_POINT('',(-6.220555501,9.239822979,55.403036374));
#124=CARTESIAN_POINT('',(-5.687336562,9.239822979,56.663828591));
#125=CARTESIAN_POINT('',(-5.113908767,9.239822979,57.481491127));
#126=CARTESIAN_POINT('',(-4.766129046,9.239822979,57.884166431));
#127=CARTESIAN_POINT('',(-1.311596969,7.363506409,24.9));
#128=CARTESIAN_POINT('',(-1.50101913,7.363506409,25.048585226));
#129=CARTESIAN_POINT('',(-1.840819157,7.363506409,25.34220659));
#130=CARTESIAN_POINT('',(-2.242424857,7.363506409,25.772937094));
#131=CARTESIAN_POINT('',(-2.544974771,7.363506409,26.194911784));
#132=CARTESIAN_POINT('',(-2.757507447,7.363506409,26.609076388));
#133=CARTESIAN_POINT('',(-2.918295658,7.363506409,27.106887798));
#134=CARTESIAN_POINT('',(-2.969766718,7.363506409,27.683811528));
#135=CARTESIAN_POINT('',(-2.87116784,7.363506409,28.337430479));
#136=CARTESIAN_POINT('',(-2.507690809,7.363506409,29.430752817));
#137=CARTESIAN_POINT('',(-1.653151245,7.363506409,30.922208467));
#138=CARTESIAN_POINT('',(-0.977332163,7.363506409,33.154563965));
#139=CARTESIAN_POINT('',(-0.838670623,7.363506409,35.695276587));
#140=CARTESIAN_POINT('',(-1.295949597,7.363506409,38.572286693));
#141=CARTESIAN_POINT('',(-2.133977186,7.363506409,41.243832963));
#142=CARTESIAN_POINT('',(-3.119801753,7.363506409,43.672860873));
#143=CARTESIAN_POINT('',(-4.447777914,7.363506409,46.560017575));
#144=CARTESIAN_POINT('',(-5.726959711,7.363506409,49.390861988));
#145=CARTESIAN_POINT('',(-6.421679153,7.363506409,52.123530465));
#146=CARTESIAN_POINT('',(-6.507285273,7.363506409,53.895174244));
#147=CARTESIAN_POINT('',(-6.220555501,7.363506409,55.403036374));
#148=CARTESIAN_POINT('',(-5.687336562,7.363506409,56.663828591));
#149=CARTESIAN_POINT('',(-5.113908767,7.363506409,57.481491127));
#150=CARTESIAN_POINT('',(-4.766129046,7.363506409,57.884166431));
#151=(BOUNDED_SURFACE()
B_SPLINE_SURFACE(3,3,((#55,#56,#57,#58,#59,#60,#61,#62,#63,#64,#65,#66,#67,#68,#69,#70,#71,#72,#73,#74,#75,#76,#77,#78),(#79,#80,#81,#82,#83,#84,#85,#86,#87,#88,#89,#90,#91,#92,#93,#94,#95,#96,#97,#98,#99,#100,#101,#102),(#103,#104,#105,#106,#107,#108,#109,#110,#111,#112,#113,#114,#115,#116,#117,#118,#119,#120,#121,#122,#123,#124,#125,#126),(#127,#128,#129,#130,#131,#132,#133,#134,#135,#136,#137,#138,#139,#140,#141,#142,#143,#144,#145,#146,#147,#148,#149,#150)),.UNSPECIFIED.,.F.,.F.,.U.)
B_SPLINE_SURFACE_WITH_KNOTS((4,4),(4,1,1,1,1,1,1,1,1,1,1,1,1,1,1,1,1,1,1,1,1,4),(0.,0.5),(0.,0.0125,0.025,0.0375,0.05,0.0625,0.083333333,0.104166667,0.125,0.189122061,0.25,0.333333333,0.416666667,0.5,0.562219381,0.625,0.75,0.8125,0.875,0.916666667,0.958333333,1.),.UNSPECIFIED.)
GEOMETRIC_REPRESENTATION_ITEM()
RATIONAL_B_SPLINE_SURFACE(((1.,1.,1.,1.,1.,1.,1.,1.,1.,1.,1.,1.,1.,1.,1.,1.,1.,1.,1.,1.,1.,1.,1.,1.),(0.333333333,0.333333333,0.333333333,0.333333333,0.333333333,0.333333333,0.333333333,0.333333333,0.333333333,0.333333333,0.333333333,0.333333333,0.333333333,0.333333333,0.333333333,0.333333333,0.333333333,0.333333333,0.333333333,0.333333333,0.333333333,0.333333333,0.333333333,0.333333333),(0.333333333,0.333333333,0.333333333,0.333333333,0.333333333,0.333333333,0.333333333,0.333333333,0.333333333,0.333333333,0.333333333,0.333333333,0.333333333,0.333333333,0.333333333,0.333333333,0.333333333,0.333333333,0.333333333,0.333333333,0.333333333,0.333333333,0.333333333,0.333333333),(1.,1.,1.,1.,1.,1.,1.,1.,1.,1.,1.,1.,1.,1.,1.,1.,1.,1.,1.,1.,1.,1.,1.,1.)))
REPRESENTATION_ITEM('')
SURFACE()
);
#152=CARTESIAN_POINT('',(0.564719601,7.363506409,24.9));
#153=VERTEX_POINT('',#152);
#154=CARTESIAN_POINT('',(-1.311596969,7.363506409,24.9));
#155=VERTEX_POINT('',#154);
#156=CARTESIAN_POINT('',(0.564719601,7.363506409,24.9));
#157=CARTESIAN_POINT('',(0.564719601,8.301664694,24.9));
#158=CARTESIAN_POINT('',(-0.373438684,8.301664694,24.9));
#159=CARTESIAN_POINT('',(-1.311596969,8.301664694,24.9));
#160=CARTESIAN_POINT('',(-1.311596969,7.363506409,24.9));
#161=(BOUNDED_CURVE()
B_SPLINE_CURVE(2,(#156,#157,#158,#159,#160),.UNSPECIFIED.,.F.,.F.)
B_SPLINE_CURVE_WITH_KNOTS((3,2,3),(0.,90.,180.),.UNSPECIFIED.)
CURVE()
GEOMETRIC_REPRESENTATION_ITEM()
RATIONAL_B_SPLINE_CURVE((1.,0.707106781,1.,0.707106781,1.))
REPRESENTATION_ITEM(''));
#162=EDGE_CURVE('NONE',#153,#155,#161,.T.);
#163=ORIENTED_EDGE('',*,*,#162,.T.);
#164=CARTESIAN_POINT('',(-4.766129046,7.363506409,57.884166431));
#165=VERTEX_POINT('',#164);
#166=CARTESIAN_POINT('',(-1.311596969,7.363506409,24.9));
#167=CARTESIAN_POINT('',(-1.50101913,7.363506409,25.048585226));
#168=CARTESIAN_POINT('',(-1.840819157,7.363506409,25.34220659));
#169=CARTESIAN_POINT('',(-2.242424857,7.363506409,25.772937094));
#170=CARTESIAN_POINT('',(-2.544974771,7.363506409,26.194911784));
#171=CARTESIAN_POINT('',(-2.757507447,7.363506409,26.609076388));
#172=CARTESIAN_POINT('',(-2.918295658,7.363506409,27.106887798));
#173=CARTESIAN_POINT('',(-2.969766718,7.363506409,27.683811528));
#174=CARTESIAN_POINT('',(-2.87116784,7.363506409,28.337430479));
#175=CARTESIAN_POINT('',(-2.507690809,7.363506409,29.430752817));
#176=CARTESIAN_POINT('',(-1.653151245,7.363506409,30.922208467));
#177=CARTESIAN_POINT('',(-0.977332163,7.363506409,33.154563965));
#178=CARTESIAN_POINT('',(-0.838670623,7.363506409,35.695276587));
#179=CARTESIAN_POINT('',(-1.295949597,7.363506409,38.572286693));
#180=CARTESIAN_POINT('',(-2.133977186,7.363506409,41.243832963));
#181=CARTESIAN_POINT('',(-3.119801753,7.363506409,43.672860873));
#182=CARTESIAN_POINT('',(-4.447777914,7.363506409,46.560017575));
#183=CARTESIAN_POINT('',(-5.726959711,7.363506409,49.390861988));
#184=CARTESIAN_POINT('',(-6.421679153,7.363506409,52.123530465));
#185=CARTESIAN_POINT('',(-6.507285273,7.363506409,53.895174244));
#186=CARTESIAN_POINT('',(-6.220555501,7.363506409,55.403036374));
#187=CARTESIAN_POINT('',(-5.687336562,7.363506409,56.663828591));
#188=CARTESIAN_POINT('',(-5.113908767,7.363506409,57.481491127));
#189=CARTESIAN_POINT('',(-4.766129046,7.363506409,57.884166431));
#190=B_SPLINE_CURVE_WITH_KNOTS('',3,(#166,#167,#168,#169,#170,#171,#172,#173,#174,#175,#176,#177,#178,#179,#180,#181,#182,#183,#184,#185,#186,#187,#188,#189),.UNSPECIFIED.,.F.,.F.,(4,1,1,1,1,1,1,1,1,1,1,1,1,1,1,1,1,1,1,1,1,4),(0.,0.0125,0.025,0.0375,0.05,0.0625,0.083333333,0.104166667,0.125,0.189122061,0.25,0.333333333,0.416666667,0.5,0.562219381,0.625,0.75,0.8125,0.875,0.916666667,0.958333333,1.),.UNSPECIFIED.);
#191=EDGE_CURVE('NONE',#155,#165,#190,.T.);
#192=ORIENTED_EDGE('',*,*,#191,.T.);
#193=CARTESIAN_POINT('',(-2.889812477,7.363506409,57.884166431));
#194=VERTEX_POINT('',#193);
#195=CARTESIAN_POINT('',(-2.889812477,7.363506409,57.884166431));
#196=CARTESIAN_POINT('',(-2.889812477,8.301664694,57.884166431));
#197=CARTESIAN_POINT('',(-3.827970762,8.301664694,57.884166431));
#198=CARTESIAN_POINT('',(-4.766129046,8.301664694,57.884166431));
#199=CARTESIAN_POINT('',(-4.766129046,7.363506409,57.884166431));
#200=(BOUNDED_CURVE()
B_SPLINE_CURVE(2,(#195,#196,#197,#198,#199),.UNSPECIFIED.,.F.,.F.)
B_SPLINE_CURVE_WITH_KNOTS((3,2,3),(0.,90.,180.),.UNSPECIFIED.)
CURVE()
GEOMETRIC_REPRESENTATION_ITEM()
RATIONAL_B_SPLINE_CURVE((1.,0.707106781,1.,0.707106781,1.))
REPRESENTATION_ITEM(''));
#201=EDGE_CURVE('NONE',#194,#165,#200,.T.);
#202=ORIENTED_EDGE('',*,*,#201,.F.);
#203=CARTESIAN_POINT('',(0.564719601,7.363506409,24.9));
#204=CARTESIAN_POINT('',(0.375297439,7.363506409,25.048585226));
#205=CARTESIAN_POINT('',(0.035497413,7.363506409,25.34220659));
#206=CARTESIAN_POINT('',(-0.366108288,7.363506409,25.772937094));
#207=CARTESIAN_POINT('',(-0.668658201,7.363506409,26.194911784));
#208=CARTESIAN_POINT('',(-0.881190878,7.363506409,26.609076388));
#209=CARTESIAN_POINT('',(-1.041979088,7.363506409,27.106887798));
#210=CARTESIAN_POINT('',(-1.093450149,7.363506409,27.683811528));
#211=CARTESIAN_POINT('',(-0.994851271,7.363506409,28.337430479));
#212=CARTESIAN_POINT('',(-0.63137424,7.363506409,29.430752817));
#213=CARTESIAN_POINT('',(0.223165324,7.363506409,30.922208467));
#214=CARTESIAN_POINT('',(0.898984407,7.363506409,33.154563965));
#215=CARTESIAN_POINT('',(1.037645947,7.363506409,35.695276587));
#216=CARTESIAN_POINT('',(0.580366972,7.363506409,38.572286693));
#217=CARTESIAN_POINT('',(-0.257660616,7.363506409,41.243832963));
#218=CARTESIAN_POINT('',(-1.243485184,7.363506409,43.672860873));
#219=CARTESIAN_POINT('',(-2.571461344,7.363506409,46.560017575));
#220=CARTESIAN_POINT('',(-3.850643141,7.363506409,49.390861988));
#221=CARTESIAN_POINT('',(-4.545362584,7.363506409,52.123530465));
#222=CARTESIAN_POINT('',(-4.630968704,7.363506409,53.895174244));
#223=CARTESIAN_POINT('',(-4.344238932,7.363506409,55.403036374));
#224=CARTESIAN_POINT('',(-3.811019993,7.363506409,56.663828591));
#225=CARTESIAN_POINT('',(-3.237592198,7.363506409,57.481491127));
#226=CARTESIAN_POINT('',(-2.889812477,7.363506409,57.884166431));
#227=B_SPLINE_CURVE_WITH_KNOTS('',3,(#203,#204,#205,#206,#207,#208,#209,#210,#211,#212,#213,#214,#215,#216,#217,#218,#219,#220,#221,#222,#223,#224,#225,#226),.UNSPECIFIED.,.F.,.F.,(4,1,1,1,1,1,1,1,1,1,1,1,1,1,1,1,1,1,1,1,1,4),(0.,0.0125,0.025,0.0375,0.05,0.0625,0.083333333,0.104166667,0.125,0.189122061,0.25,0.333333333,0.416666667,0.5,0.562219381,0.625,0.75,0.8125,0.875,0.916666667,0.958333333,1.),.UNSPECIFIED.);
#228=EDGE_CURVE('NONE',#153,#194,#227,.T.);
#229=ORIENTED_EDGE('',*,*,#228,.F.);
#230=EDGE_LOOP('',(#163,#192,#202,#229));
#231=FACE_BOUND('',#230,.T.);
#232=ADVANCED_FACE('NONE',(#231),#151,.T.);
#233=CARTESIAN_POINT('',(-3.827970762,7.363506409,57.884166431));
#234=DIRECTION('',(0.,0.,1.));
#235=DIRECTION('',(1.,0.,0.));
#236=AXIS2_PLACEMENT_3D('',#233,#234,#235);
#237=PLANE('',#236);
#238=ORIENTED_EDGE('',*,*,#201,.T.);
#239=CARTESIAN_POINT('',(-4.766129046,7.363506409,57.884166431));
#240=CARTESIAN_POINT('',(-4.766129046,6.821860471,57.884166431));
#241=CARTESIAN_POINT('',(-4.297049904,6.551037502,57.884166431));
#242=CARTESIAN_POINT('',(-3.827970762,6.280214533,57.884166431));
#243=CARTESIAN_POINT('',(-3.358891619,6.551037502,57.884166431));
#244=CARTESIAN_POINT('',(-2.889812477,6.821860471,57.884166431));
#245=CARTESIAN_POINT('',(-2.889812477,7.363506409,57.884166431));
#246=(BOUNDED_CURVE()
B_SPLINE_CURVE(2,(#239,#240,#241,#242,#243,#244,#245),.UNSPECIFIED.,.F.,.F.)
B_SPLINE_CURVE_WITH_KNOTS((3,2,2,3),(180.,240.,300.,360.),.UNSPECIFIED.)
CURVE()
GEOMETRIC_REPRESENTATION_ITEM()
RATIONAL_B_SPLINE_CURVE((1.,0.866025404,1.,0.866025404,1.,0.866025404,1.))
REPRESENTATION_ITEM(''));
#247=EDGE_CURVE('NONE',#165,#194,#246,.T.);
#248=ORIENTED_EDGE('',*,*,#247,.T.);
#249=EDGE_LOOP('',(#238,#248));
#250=FACE_BOUND('',#249,.T.);
#251=ADVANCED_FACE('NONE',(#250),#237,.T.);
#252=CARTESIAN_POINT('',(-0.373438684,7.363506409,24.9));
#253=DIRECTION('',(0.,0.,1.));
#254=DIRECTION('',(1.,0.,0.));
#255=AXIS2_PLACEMENT_3D('',#252,#253,#254);
#256=PLANE('',#255);
#257=ORIENTED_EDGE('',*,*,#162,.F.);
#258=CARTESIAN_POINT('',(-1.311596969,7.363506409,24.9));
#259=CARTESIAN_POINT('',(-1.311596969,6.425348125,24.9));
#260=CARTESIAN_POINT('',(-0.373438684,6.425348125,24.9));
#261=CARTESIAN_POINT('',(0.564719601,6.425348125,24.9));
#262=CARTESIAN_POINT('',(0.564719601,7.363506409,24.9));
#263=(BOUNDED_CURVE()
B_SPLINE_CURVE(2,(#258,#259,#260,#261,#262),.UNSPECIFIED.,.F.,.F.)
B_SPLINE_CURVE_WITH_KNOTS((3,2,3),(180.,270.,360.),.UNSPECIFIED.)
CURVE()
GEOMETRIC_REPRESENTATION_ITEM()
RATIONAL_B_SPLINE_CURVE((1.,0.707106781,1.,0.707106781,1.))
REPRESENTATION_ITEM(''));
#264=EDGE_CURVE('NONE',#155,#153,#263,.T.);
#265=ORIENTED_EDGE('',*,*,#264,.F.);
#266=EDGE_LOOP('',(#257,#265));
#267=FACE_BOUND('',#266,.T.);
#268=ADVANCED_FACE('NONE',(#267),#256,.F.);
#269=CARTESIAN_POINT('',(-1.311596969,7.363506409,24.9));
#270=CARTESIAN_POINT('',(-1.50101913,7.363506409,25.048585226));
#271=CARTESIAN_POINT('',(-1.840819157,7.363506409,25.34220659));
#272=CARTESIAN_POINT('',(-2.242424857,7.363506409,25.772937094));
#273=CARTESIAN_POINT('',(-2.544974771,7.363506409,26.194911784));
#274=CARTESIAN_POINT('',(-2.757507447,7.363506409,26.609076388));
#275=CARTESIAN_POINT('',(-2.918295658,7.363506409,27.106887798));
#276=CARTESIAN_POINT('',(-2.969766718,7.363506409,27.683811528));
#277=CARTESIAN_POINT('',(-2.87116784,7.363506409,28.337430479));
#278=CARTESIAN_POINT('',(-2.507690809,7.363506409,29.430752817));
#279=CARTESIAN_POINT('',(-1.653151245,7.363506409,30.922208467));
#280=CARTESIAN_POINT('',(-0.977332163,7.363506409,33.154563965));
#281=CARTESIAN_POINT('',(-0.838670623,7.363506409,35.695276587));
#282=CARTESIAN_POINT('',(-1.295949597,7.363506409,38.572286693));
#283=CARTESIAN_POINT('',(-2.133977186,7.363506409,41.243832963));
#284=CARTESIAN_POINT('',(-3.119801753,7.363506409,43.672860873));
#285=CARTESIAN_POINT('',(-4.447777914,7.363506409,46.560017575));
#286=CARTESIAN_POINT('',(-5.726959711,7.363506409,49.390861988));
#287=CARTESIAN_POINT('',(-6.421679153,7.363506409,52.123530465));
#288=CARTESIAN_POINT('',(-6.507285273,7.363506409,53.895174244));
#289=CARTESIAN_POINT('',(-6.220555501,7.363506409,55.403036374));
#290=CARTESIAN_POINT('',(-5.687336562,7.363506409,56.663828591));
#291=CARTESIAN_POINT('',(-5.113908767,7.363506409,57.481491127));
#292=CARTESIAN_POINT('',(-4.766129046,7.363506409,57.884166431));
#293=CARTESIAN_POINT('',(-1.311596969,7.363473075,24.9));
#294=CARTESIAN_POINT('',(-1.50101913,7.363473075,25.048585226));
#295=CARTESIAN_POINT('',(-1.840819157,7.363473075,25.34220659));
#296=CARTESIAN_POINT('',(-2.242424857,7.363473075,25.772937094));
#297=CARTESIAN_POINT('',(-2.544974771,7.363473075,26.194911784));
#298=CARTESIAN_POINT('',(-2.757507447,7.363473075,26.609076388));
#299=CARTESIAN_POINT('',(-2.918295658,7.363473075,27.106887798));
#300=CARTESIAN_POINT('',(-2.969766718,7.363473075,27.683811528));
#301=CARTESIAN_POINT('',(-2.87116784,7.363473075,28.337430479));
#302=CARTESIAN_POINT('',(-2.507690809,7.363473075,29.430752817));
#303=CARTESIAN_POINT('',(-1.653151245,7.363473075,30.922208467));
#304=CARTESIAN_POINT('',(-0.977332163,7.363473075,33.154563965));
#305=CARTESIAN_POINT('',(-0.838670623,7.363473075,35.695276587));
#306=CARTESIAN_POINT('',(-1.295949597,7.363473075,38.572286693));
#307=CARTESIAN_POINT('',(-2.133977186,7.363473075,41.243832963));
#308=CARTESIAN_POINT('',(-3.119801753,7.363473075,43.672860873));
#309=CARTESIAN_POINT('',(-4.447777914,7.363473075,46.560017575));
#310=CARTESIAN_POINT('',(-5.726959711,7.363473075,49.390861988));
#311=CARTESIAN_POINT('',(-6.421679153,7.363473075,52.123530465));
#312=CARTESIAN_POINT('',(-6.507285273,7.363473075,53.895174244));
#313=CARTESIAN_POINT('',(-6.220555501,7.363473075,55.403036374));
#314=CARTESIAN_POINT('',(-5.687336562,7.363473075,56.663828591));
#315=CARTESIAN_POINT('',(-5.113908767,7.363473075,57.481491127));
#316=CARTESIAN_POINT('',(-4.766129046,7.363473075,57.884166431));
#317=CARTESIAN_POINT('',(-1.311596967,7.36343974,24.9));
#318=CARTESIAN_POINT('',(-1.501019128,7.36343974,25.048585226));
#319=CARTESIAN_POINT('',(-1.840819155,7.36343974,25.34220659));
#320=CARTESIAN_POINT('',(-2.242424856,7.36343974,25.772937094));
#321=CARTESIAN_POINT('',(-2.544974769,7.36343974,26.194911784));
#322=CARTESIAN_POINT('',(-2.757507445,7.36343974,26.609076388));
#323=CARTESIAN_POINT('',(-2.918295656,7.36343974,27.106887798));
#324=CARTESIAN_POINT('',(-2.969766716,7.36343974,27.683811528));
#325=CARTESIAN_POINT('',(-2.871167838,7.36343974,28.337430479));
#326=CARTESIAN_POINT('',(-2.507690807,7.36343974,29.430752817));
#327=CARTESIAN_POINT('',(-1.653151243,7.36343974,30.922208467));
#328=CARTESIAN_POINT('',(-0.977332161,7.36343974,33.154563965));
#329=CARTESIAN_POINT('',(-0.838670621,7.36343974,35.695276587));
#330=CARTESIAN_POINT('',(-1.295949595,7.36343974,38.572286693));
#331=CARTESIAN_POINT('',(-2.133977184,7.36343974,41.243832963));
#332=CARTESIAN_POINT('',(-3.119801752,7.36343974,43.672860873));
#333=CARTESIAN_POINT('',(-4.447777912,7.36343974,46.560017575));
#334=CARTESIAN_POINT('',(-5.726959709,7.36343974,49.390861988));
#335=CARTESIAN_POINT('',(-6.421679151,7.36343974,52.123530465));
#336=CARTESIAN_POINT('',(-6.507285271,7.36343974,53.895174244));
#337=CARTESIAN_POINT('',(-6.220555499,7.36343974,55.403036374));
#338=CARTESIAN_POINT('',(-5.68733656,7.36343974,56.663828591));
#339=CARTESIAN_POINT('',(-5.113908766,7.36343974,57.481491127));
#340=CARTESIAN_POINT('',(-4.766129044,7.36343974,57.884166431));
#341=CARTESIAN_POINT('',(-1.311596963,7.363406404,24.9));
#342=CARTESIAN_POINT('',(-1.501019125,7.363406404,25.048585226));
#343=CARTESIAN_POINT('',(-1.840819151,7.363406404,25.34220659));
#344=CARTESIAN_POINT('',(-2.242424852,7.363406404,25.772937094));
#345=CARTESIAN_POINT('',(-2.544974765,7.363406404,26.194911784));
#346=CARTESIAN_POINT('',(-2.757507442,7.363406404,26.609076388));
#347=CARTESIAN_POINT('',(-2.918295652,7.363406404,27.106887798));
#348=CARTESIAN_POINT('',(-2.969766713,7.363406404,27.683811528));
#349=CARTESIAN_POINT('',(-2.871167835,7.363406404,28.337430479));
#350=CARTESIAN_POINT('',(-2.507690804,7.363406404,29.430752817));
#351=CARTESIAN_POINT('',(-1.65315124,7.363406404,30.922208467));
#352=CARTESIAN_POINT('',(-0.977332157,7.363406404,33.154563965));
#353=CARTESIAN_POINT('',(-0.838670617,7.363406404,35.695276587));
#354=CARTESIAN_POINT('',(-1.295949592,7.363406404,38.572286693));
#355=CARTESIAN_POINT('',(-2.13397718,7.363406404,41.243832963));
#356=CARTESIAN_POINT('',(-3.119801748,7.363406404,43.672860873));
#357=CARTESIAN_POINT('',(-4.447777908,7.363406404,46.560017575));
#358=CARTESIAN_POINT('',(-5.726959705,7.363406404,49.390861988));
#359=CARTESIAN_POINT('',(-6.421679148,7.363406404,52.123530465));
#360=CARTESIAN_POINT('',(-6.507285268,7.363406404,53.895174244));
#361=CARTESIAN_POINT('',(-6.220555496,7.363406404,55.403036374));
#362=CARTESIAN_POINT('',(-5.687336557,7.363406404,56.663828591));
#363=CARTESIAN_POINT('',(-5.113908762,7.363406404,57.481491127));
#364=CARTESIAN_POINT('',(-4.766129041,7.363406404,57.884166431));
#365=CARTESIAN_POINT('',(-1.311396963,5.487189856,24.9));
#366=CARTESIAN_POINT('',(-1.500819125,5.487189856,25.048585226));
#367=CARTESIAN_POINT('',(-1.840619151,5.487189856,25.34220659));
#368=CARTESIAN_POINT('',(-2.242224852,5.487189856,25.772937094));
#369=CARTESIAN_POINT('',(-2.544774765,5.487189856,26.194911784));
#370=CARTESIAN_POINT('',(-2.757307442,5.487189856,26.609076388));
#371=CARTESIAN_POINT('',(-2.918095652,5.487189856,27.106887798));
#372=CARTESIAN_POINT('',(-2.969566713,5.487189856,27.683811528));
#373=CARTESIAN_POINT('',(-2.870967835,5.487189856,28.337430479));
#374=CARTESIAN_POINT('',(-2.507490804,5.487189856,29.430752817));
#375=CARTESIAN_POINT('',(-1.65295124,5.487189856,30.922208467));
#376=CARTESIAN_POINT('',(-0.977132157,5.487189856,33.154563965));
#377=CARTESIAN_POINT('',(-0.838470617,5.487189856,35.695276587));
#378=CARTESIAN_POINT('',(-1.295749592,5.487189856,38.572286693));
#379=CARTESIAN_POINT('',(-2.13377718,5.487189856,41.243832963));
#380=CARTESIAN_POINT('',(-3.119601748,5.487189856,43.672860873));
#381=CARTESIAN_POINT('',(-4.447577908,5.487189856,46.560017575));
#382=CARTESIAN_POINT('',(-5.726759705,5.487189856,49.390861988));
#383=CARTESIAN_POINT('',(-6.421479148,5.487189856,52.123530465));
#384=CARTESIAN_POINT('',(-6.507085268,5.487189856,53.895174244));
#385=CARTESIAN_POINT('',(-6.220355496,5.487189856,55.403036374));
#386=CARTESIAN_POINT('',(-5.687136557,5.487189856,56.663828591));
#387=CARTESIAN_POINT('',(-5.113708762,5.487189856,57.481491127));
#388=CARTESIAN_POINT('',(-4.765929041,5.487189856,57.884166431));
#389=CARTESIAN_POINT('',(0.564719601,5.487489808,24.9));
#390=CARTESIAN_POINT('',(0.375297439,5.487489808,25.048585226));
#391=CARTESIAN_POINT('',(0.035497413,5.487489808,25.34220659));
#392=CARTESIAN_POINT('',(-0.366108288,5.487489808,25.772937094));
#393=CARTESIAN_POINT('',(-0.668658201,5.487489808,26.194911784));
#394=CARTESIAN_POINT('',(-0.881190878,5.487489808,26.609076388));
#395=CARTESIAN_POINT('',(-1.041979088,5.487489808,27.106887798));
#396=CARTESIAN_POINT('',(-1.093450149,5.487489808,27.683811528));
#397=CARTESIAN_POINT('',(-0.994851271,5.487489808,28.337430479));
#398=CARTESIAN_POINT('',(-0.63137424,5.487489808,29.430752817));
#399=CARTESIAN_POINT('',(0.223165324,5.487489808,30.922208467));
#400=CARTESIAN_POINT('',(0.898984407,5.487489808,33.154563965));
#401=CARTESIAN_POINT('',(1.037645947,5.487489808,35.695276587));
#402=CARTESIAN_POINT('',(0.580366972,5.487489808,38.572286693));
#403=CARTESIAN_POINT('',(-0.257660616,5.487489808,41.243832963));
#404=CARTESIAN_POINT('',(-1.243485184,5.487489808,43.672860873));
#405=CARTESIAN_POINT('',(-2.571461344,5.487489808,46.560017575));
#406=CARTESIAN_POINT('',(-3.850643141,5.487489808,49.390861988));
#407=CARTESIAN_POINT('',(-4.545362584,5.487489808,52.123530465));
#408=CARTESIAN_POINT('',(-4.630968704,5.487489808,53.895174244));
#409=CARTESIAN_POINT('',(-4.344238932,5.487489808,55.403036374));
#410=CARTESIAN_POINT('',(-3.811019993,5.487489808,56.663828591));
#411=CARTESIAN_POINT('',(-3.237592198,5.487489808,57.481491127));
#412=CARTESIAN_POINT('',(-2.889812477,5.487489808,57.884166431));
#413=CARTESIAN_POINT('',(0.564719601,7.363506409,24.9));
#414=CARTESIAN_POINT('',(0.375297439,7.363506409,25.048585226));
#415=CARTESIAN_POINT('',(0.035497413,7.363506409,25.34220659));
#416=CARTESIAN_POINT('',(-0.366108288,7.363506409,25.772937094));
#417=CARTESIAN_POINT('',(-0.668658201,7.363506409,26.194911784));
#418=CARTESIAN_POINT('',(-0.881190878,7.363506409,26.609076388));
#419=CARTESIAN_POINT('',(-1.041979088,7.363506409,27.106887798));
#420=CARTESIAN_POINT('',(-1.093450149,7.363506409,27.683811528));
#421=CARTESIAN_POINT('',(-0.994851271,7.363506409,28.337430479));
#422=CARTESIAN_POINT('',(-0.63137424,7.363506409,29.430752817));
#423=CARTESIAN_POINT('',(0.223165324,7.363506409,30.922208467));
#424=CARTESIAN_POINT('',(0.898984407,7.363506409,33.154563965));
#425=CARTESIAN_POINT('',(1.037645947,7.363506409,35.695276587));
#426=CARTESIAN_POINT('',(0.580366972,7.363506409,38.572286693));
#427=CARTESIAN_POINT('',(-0.257660616,7.363506409,41.243832963));
#428=CARTESIAN_POINT('',(-1.243485184,7.363506409,43.672860873));
#429=CARTESIAN_POINT('',(-2.571461344,7.363506409,46.560017575));
#430=CARTESIAN_POINT('',(-3.850643141,7.363506409,49.390861988));
#431=CARTESIAN_POINT('',(-4.545362584,7.363506409,52.123530465));
#432=CARTESIAN_POINT('',(-4.630968704,7.363506409,53.895174244));
#433=CARTESIAN_POINT('',(-4.344238932,7.363506409,55.403036374));
#434=CARTESIAN_POINT('',(-3.811019993,7.363506409,56.663828591));
#435=CARTESIAN_POINT('',(-3.237592198,7.363506409,57.481491127));
#436=CARTESIAN_POINT('',(-2.889812477,7.363506409,57.884166431));
#437=(BOUNDED_SURFACE()
B_SPLINE_SURFACE(3,3,((#269,#270,#271,#272,#273,#274,#275,#276,#277,#278,#279,#280,#281,#282,#283,#284,#285,#286,#287,#288,#289,#290,#291,#292),(#293,#294,#295,#296,#297,#298,#299,#300,#301,#302,#303,#304,#305,#306,#307,#308,#309,#310,#311,#312,#313,#314,#315,#316),(#317,#318,#319,#320,#321,#322,#323,#324,#325,#326,#327,#328,#329,#330,#331,#332,#333,#334,#335,#336,#337,#338,#339,#340),(#341,#342,#343,#344,#345,#346,#347,#348,#349,#350,#351,#352,#353,#354,#355,#356,#357,#358,#359,#360,#361,#362,#363,#364),(#365,#366,#367,#368,#369,#370,#371,#372,#373,#374,#375,#376,#377,#378,#379,#380,#381,#382,#383,#384,#385,#386,#387,#388),(#389,#390,#391,#392,#393,#394,#395,#396,#397,#398,#399,#400,#401,#402,#403,#404,#405,#406,#407,#408,#409,#410,#411,#412),(#413,#414,#415,#416,#417,#418,#419,#420,#421,#422,#423,#424,#425,#426,#427,#428,#429,#430,#431,#432,#433,#434,#435,#436)),.UNSPECIFIED.,.F.,.F.,.U.)
B_SPLINE_SURFACE_WITH_KNOTS((4,3,4),(4,1,1,1,1,1,1,1,1,1,1,1,1,1,1,1,1,1,1,1,1,4),(0.5,0.500026648,1.),(0.,0.0125,0.025,0.0375,0.05,0.0625,0.083333333,0.104166667,0.125,0.189122061,0.25,0.333333333,0.416666667,0.5,0.562219381,0.625,0.75,0.8125,0.875,0.916666667,0.958333333,1.),.UNSPECIFIED.)
GEOMETRIC_REPRESENTATION_ITEM()
RATIONAL_B_SPLINE_SURFACE(((1.,1.,1.,1.,1.,1.,1.,1.,1.,1.,1.,1.,1.,1.,1.,1.,1.,1.,1.,1.,1.,1.,1.,1.),(0.999964469,0.999964469,0.999964469,0.999964469,0.999964469,0.999964469,0.999964469,0.999964469,0.999964469,0.999964469,0.999964469,0.999964469,0.999964469,0.999964469,0.999964469,0.999964469,0.999964469,0.999964469,0.999964469,0.999964469,0.999964469,0.999964469,0.999964469,0.999964469),(0.999928941,0.999928941,0.999928941,0.999928941,0.999928941,0.999928941,0.999928941,0.999928941,0.999928941,0.999928941,0.999928941,0.999928941,0.999928941,0.999928941,0.999928941,0.999928941,0.999928941,0.999928941,0.999928941,0.999928941,0.999928941,0.999928941,0.999928941,0.999928941),(0.999893414,0.999893414,0.999893414,0.999893414,0.999893414,0.999893414,0.999893414,0.999893414,0.999893414,0.999893414,0.999893414,0.999893414,0.999893414,0.999893414,0.999893414,0.999893414,0.999893414,0.999893414,0.999893414,0.999893414,0.999893414,0.999893414,0.999893414,0.999893414),(0.333333335,0.333333335,0.333333335,0.333333335,0.333333335,0.333333335,0.333333335,0.333333335,0.333333335,0.333333335,0.333333335,0.333333335,0.333333335,0.333333335,0.333333335,0.333333335,0.333333335,0.333333335,0.333333335,0.333333335,0.333333335,0.333333335,0.333333335,0.333333335),(0.333368864,0.333368864,0.333368864,0.333368864,0.333368864,0.333368864,0.333368864,0.333368864,0.333368864,0.333368864,0.333368864,0.333368864,0.333368864,0.333368864,0.333368864,0.333368864,0.333368864,0.333368864,0.333368864,0.333368864,0.333368864,0.333368864,0.333368864,0.333368864),(1.,1.,1.,1.,1.,1.,1.,1.,1.,1.,1.,1.,1.,1.,1.,1.,1.,1.,1.,1.,1.,1.,1.,1.)))
REPRESENTATION_ITEM('')
SURFACE()
);
#438=ORIENTED_EDGE('',*,*,#191,.F.);
#439=ORIENTED_EDGE('',*,*,#264,.T.);
#440=ORIENTED_EDGE('',*,*,#228,.T.);
#441=ORIENTED_EDGE('',*,*,#247,.F.);
#442=EDGE_LOOP('',(#438,#439,#440,#441));
#443=FACE_BOUND('',#442,.T.);
#444=ADVANCED_FACE('NONE',(#443),#437,.T.);
#445=CLOSED_SHELL('',(#232,#251,#268,#444));
#446=MANIFOLD_SOLID_BREP('Sweep1[2]',#445);
#447=COLOUR_RGB('',1.,0.937254906,0.137254909);
#448=FILL_AREA_STYLE_COLOUR('',#447);
#449=FILL_AREA_STYLE('',(#448));
#450=SURFACE_STYLE_FILL_AREA(#449);
#451=SURFACE_SIDE_STYLE('',(#450));
#452=SURFACE_STYLE_USAGE(.BOTH.,#451);
#453=PRESENTATION_STYLE_ASSIGNMENT((#452));
#54=STYLED_ITEM('',(#453),#446);
#455=CARTESIAN_POINT('',(3.955472662,5.096200114,24.9));
#456=CARTESIAN_POINT('',(3.766050501,5.096200114,25.048585226));
#457=CARTESIAN_POINT('',(3.426250474,5.096200114,25.34220659));
#458=CARTESIAN_POINT('',(3.024644774,5.096200114,25.772937094));
#459=CARTESIAN_POINT('',(2.722094861,5.096200114,26.194911784));
#460=CARTESIAN_POINT('',(2.509562184,5.096200114,26.609076388));
#461=CARTESIAN_POINT('',(2.348773973,5.096200114,27.106887798));
#462=CARTESIAN_POINT('',(2.297302913,5.096200114,27.683811528));
#463=CARTESIAN_POINT('',(2.395901791,5.096200114,28.337430479));
#464=CARTESIAN_POINT('',(2.759378822,5.096200114,29.430752817));
#465=CARTESIAN_POINT('',(3.613918386,5.096200114,30.922208467));
#466=CARTESIAN_POINT('',(4.289737469,5.096200114,33.154563965));
#467=CARTESIAN_POINT('',(4.428399008,5.096200114,35.695276587));
#468=CARTESIAN_POINT('',(3.971120034,5.096200114,38.572286693));
#469=CARTESIAN_POINT('',(3.133092445,5.096200114,41.243832963));
#470=CARTESIAN_POINT('',(2.147267878,5.096200114,43.672860873));
#471=CARTESIAN_POINT('',(0.819291718,5.096200114,46.560017575));
#472=CARTESIAN_POINT('',(-0.459890079,5.096200114,49.390861988));
#473=CARTESIAN_POINT('',(-1.154609522,5.096200114,52.123530465));
#474=CARTESIAN_POINT('',(-1.240215642,5.096200114,53.895174244));
#475=CARTESIAN_POINT('',(-0.95348587,5.096200114,55.403036374));
#476=CARTESIAN_POINT('',(-0.420266931,5.096200114,56.663828591));
#477=CARTESIAN_POINT('',(0.153160864,5.096200114,57.481491127));
#478=CARTESIAN_POINT('',(0.500940585,5.096200114,57.884166431));
#479=CARTESIAN_POINT('',(3.955472662,7.138823261,24.9));
#480=CARTESIAN_POINT('',(3.766050501,7.138823261,25.048585226));
#481=CARTESIAN_POINT('',(3.426250474,7.138823261,25.34220659));
#482=CARTESIAN_POINT('',(3.024644774,7.138823261,25.772937094));
#483=CARTESIAN_POINT('',(2.722094861,7.138823261,26.194911784));
#484=CARTESIAN_POINT('',(2.509562184,7.138823261,26.609076388));
#485=CARTESIAN_POINT('',(2.348773973,7.138823261,27.106887798));
#486=CARTESIAN_POINT('',(2.297302913,7.138823261,27.683811528));
#487=CARTESIAN_POINT('',(2.395901791,7.138823261,28.337430479));
#488=CARTESIAN_POINT('',(2.759378822,7.138823261,29.430752817));
#489=CARTESIAN_POINT('',(3.613918386,7.138823261,30.922208467));
#490=CARTESIAN_POINT('',(4.289737469,7.138823261,33.154563965));
#491=CARTESIAN_POINT('',(4.428399008,7.138823261,35.695276587));
#492=CARTESIAN_POINT('',(3.971120034,7.138823261,38.572286693));
#493=CARTESIAN_POINT('',(3.133092445,7.138823261,41.243832963));
#494=CARTESIAN_POINT('',(2.147267878,7.138823261,43.672860873));
#495=CARTESIAN_POINT('',(0.819291718,7.138823261,46.560017575));
#496=CARTESIAN_POINT('',(-0.459890079,7.138823261,49.390861988));
#497=CARTESIAN_POINT('',(-1.154609522,7.138823261,52.123530465));
#498=CARTESIAN_POINT('',(-1.240215642,7.138823261,53.895174244));
#499=CARTESIAN_POINT('',(-0.95348587,7.138823261,55.403036374));
#500=CARTESIAN_POINT('',(-0.420266931,7.138823261,56.663828591));
#501=CARTESIAN_POINT('',(0.153160864,7.138823261,57.481491127));
#502=CARTESIAN_POINT('',(0.500940585,7.138823261,57.884166431));
#503=CARTESIAN_POINT('',(1.912849515,7.138823261,24.9));
#504=CARTESIAN_POINT('',(1.723427354,7.138823261,25.048585226));
#505=CARTESIAN_POINT('',(1.383627327,7.138823261,25.34220659));
#506=CARTESIAN_POINT('',(0.982021626,7.138823261,25.772937094));
#507=CARTESIAN_POINT('',(0.679471713,7.138823261,26.194911784));
#508=CARTESIAN_POINT('',(0.466939037,7.138823261,26.609076388));
#509=CARTESIAN_POINT('',(0.306150826,7.138823261,27.106887798));
#510=CARTESIAN_POINT('',(0.254679766,7.138823261,27.683811528));
#511=CARTESIAN_POINT('',(0.353278644,7.138823261,28.337430479));
#512=CARTESIAN_POINT('',(0.716755675,7.138823261,29.430752817));
#513=CARTESIAN_POINT('',(1.571295239,7.138823261,30.922208467));
#514=CARTESIAN_POINT('',(2.247114321,7.138823261,33.154563965));
#515=CARTESIAN_POINT('',(2.385775861,7.138823261,35.695276587));
#516=CARTESIAN_POINT('',(1.928496887,7.138823261,38.572286693));
#517=CARTESIAN_POINT('',(1.090469298,7.138823261,41.243832963));
#518=CARTESIAN_POINT('',(0.10464473,7.138823261,43.672860873));
#519=CARTESIAN_POINT('',(-1.22333143,7.138823261,46.560017575));
#520=CARTESIAN_POINT('',(-2.502513227,7.138823261,49.390861988));
#521=CARTESIAN_POINT('',(-3.197232669,7.138823261,52.123530465));
#522=CARTESIAN_POINT('',(-3.282838789,7.138823261,53.895174244));
#523=CARTESIAN_POINT('',(-2.996109017,7.138823261,55.403036374));
#524=CARTESIAN_POINT('',(-2.462890078,7.138823261,56.663828591));
#525=CARTESIAN_POINT('',(-1.889462284,7.138823261,57.481491127));
#526=CARTESIAN_POINT('',(-1.541682562,7.138823261,57.884166431));
#527=CARTESIAN_POINT('',(1.912849515,5.096200114,24.9));
#528=CARTESIAN_POINT('',(1.723427354,5.096200114,25.048585226));
#529=CARTESIAN_POINT('',(1.383627327,5.096200114,25.34220659));
#530=CARTESIAN_POINT('',(0.982021626,5.096200114,25.772937094));
#531=CARTESIAN_POINT('',(0.679471713,5.096200114,26.194911784));
#532=CARTESIAN_POINT('',(0.466939037,5.096200114,26.609076388));
#533=CARTESIAN_POINT('',(0.306150826,5.096200114,27.106887798));
#534=CARTESIAN_POINT('',(0.254679766,5.096200114,27.683811528));
#535=CARTESIAN_POINT('',(0.353278644,5.096200114,28.337430479));
#536=CARTESIAN_POINT('',(0.716755675,5.096200114,29.430752817));
#537=CARTESIAN_POINT('',(1.571295239,5.096200114,30.922208467));
#538=CARTESIAN_POINT('',(2.247114321,5.096200114,33.154563965));
#539=CARTESIAN_POINT('',(2.385775861,5.096200114,35.695276587));
#540=CARTESIAN_POINT('',(1.928496887,5.096200114,38.572286693));
#541=CARTESIAN_POINT('',(1.090469298,5.096200114,41.243832963));
#542=CARTESIAN_POINT('',(0.10464473,5.096200114,43.672860873));
#543=CARTESIAN_POINT('',(-1.22333143,5.096200114,46.560017575));
#544=CARTESIAN_POINT('',(-2.502513227,5.096200114,49.390861988));
#545=CARTESIAN_POINT('',(-3.197232669,5.096200114,52.123530465));
#546=CARTESIAN_POINT('',(-3.282838789,5.096200114,53.895174244));
#547=CARTESIAN_POINT('',(-2.996109017,5.096200114,55.403036374));
#548=CARTESIAN_POINT('',(-2.462890078,5.096200114,56.663828591));
#549=CARTESIAN_POINT('',(-1.889462284,5.096200114,57.481491127));
#550=CARTESIAN_POINT('',(-1.541682562,5.096200114,57.884166431));
#551=(BOUNDED_SURFACE()
B_SPLINE_SURFACE(3,3,((#455,#456,#457,#458,#459,#460,#461,#462,#463,#464,#465,#466,#467,#468,#469,#470,#471,#472,#473,#474,#475,#476,#477,#478),(#479,#480,#481,#482,#483,#484,#485,#486,#487,#488,#489,#490,#491,#492,#493,#494,#495,#496,#497,#498,#499,#500,#501,#502),(#503,#504,#505,#506,#507,#508,#509,#510,#511,#512,#513,#514,#515,#516,#517,#518,#519,#520,#521,#522,#523,#524,#525,#526),(#527,#528,#529,#530,#531,#532,#533,#534,#535,#536,#537,#538,#539,#540,#541,#542,#543,#544,#545,#546,#547,#548,#549,#550)),.UNSPECIFIED.,.F.,.F.,.U.)
B_SPLINE_SURFACE_WITH_KNOTS((4,4),(4,1,1,1,1,1,1,1,1,1,1,1,1,1,1,1,1,1,1,1,1,4),(0.,0.5),(0.,0.0125,0.025,0.0375,0.05,0.0625,0.083333333,0.104166667,0.125,0.189122061,0.25,0.333333333,0.416666667,0.5,0.562219381,0.625,0.75,0.8125,0.875,0.916666667,0.958333333,1.),.UNSPECIFIED.)
GEOMETRIC_REPRESENTATION_ITEM()
RATIONAL_B_SPLINE_SURFACE(((1.,1.,1.,1.,1.,1.,1.,1.,1.,1.,1.,1.,1.,1.,1.,1.,1.,1.,1.,1.,1.,1.,1.,1.),(0.333333333,0.333333333,0.333333333,0.333333333,0.333333333,0.333333333,0.333333333,0.333333333,0.333333333,0.333333333,0.333333333,0.333333333,0.333333333,0.333333333,0.333333333,0.333333333,0.333333333,0.333333333,0.333333333,0.333333333,0.333333333,0.333333333,0.333333333,0.333333333),(0.333333333,0.333333333,0.333333333,0.333333333,0.333333333,0.333333333,0.333333333,0.333333333,0.333333333,0.333333333,0.333333333,0.333333333,0.333333333,0.333333333,0.333333333,0.333333333,0.333333333,0.333333333,0.333333333,0.333333333,0.333333333,0.333333333,0.333333333,0.333333333),(1.,1.,1.,1.,1.,1.,1.,1.,1.,1.,1.,1.,1.,1.,1.,1.,1.,1.,1.,1.,1.,1.,1.,1.)))
REPRESENTATION_ITEM('')
SURFACE()
);
#552=CARTESIAN_POINT('',(3.955472662,5.096200114,24.9));
#553=VERTEX_POINT('',#552);
#554=CARTESIAN_POINT('',(1.912849515,5.096200114,24.9));
#555=VERTEX_POINT('',#554);
#556=CARTESIAN_POINT('',(3.955472662,5.096200114,24.9));
#557=CARTESIAN_POINT('',(3.955472662,6.117511687,24.9));
#558=CARTESIAN_POINT('',(2.934161089,6.117511687,24.9));
#559=CARTESIAN_POINT('',(1.912849515,6.117511687,24.9));
#560=CARTESIAN_POINT('',(1.912849515,5.096200114,24.9));
#561=(BOUNDED_CURVE()
B_SPLINE_CURVE(2,(#556,#557,#558,#559,#560),.UNSPECIFIED.,.F.,.F.)
B_SPLINE_CURVE_WITH_KNOTS((3,2,3),(0.,90.,180.),.UNSPECIFIED.)
CURVE()
GEOMETRIC_REPRESENTATION_ITEM()
RATIONAL_B_SPLINE_CURVE((1.,0.707106781,1.,0.707106781,1.))
REPRESENTATION_ITEM(''));
#562=EDGE_CURVE('NONE',#553,#555,#561,.T.);
#563=ORIENTED_EDGE('',*,*,#562,.T.);
#564=CARTESIAN_POINT('',(-1.541682562,5.096200114,57.884166431));
#565=VERTEX_POINT('',#564);
#566=CARTESIAN_POINT('',(1.912849515,5.096200114,24.9));
#567=CARTESIAN_POINT('',(1.723427354,5.096200114,25.048585226));
#568=CARTESIAN_POINT('',(1.383627327,5.096200114,25.34220659));
#569=CARTESIAN_POINT('',(0.982021626,5.096200114,25.772937094));
#570=CARTESIAN_POINT('',(0.679471713,5.096200114,26.194911784));
#571=CARTESIAN_POINT('',(0.466939037,5.096200114,26.609076388));
#572=CARTESIAN_POINT('',(0.306150826,5.096200114,27.106887798));
#573=CARTESIAN_POINT('',(0.254679766,5.096200114,27.683811528));
#574=CARTESIAN_POINT('',(0.353278644,5.096200114,28.337430479));
#575=CARTESIAN_POINT('',(0.716755675,5.096200114,29.430752817));
#576=CARTESIAN_POINT('',(1.571295239,5.096200114,30.922208467));
#577=CARTESIAN_POINT('',(2.247114321,5.096200114,33.154563965));
#578=CARTESIAN_POINT('',(2.385775861,5.096200114,35.695276587));
#579=CARTESIAN_POINT('',(1.928496887,5.096200114,38.572286693));
#580=CARTESIAN_POINT('',(1.090469298,5.096200114,41.243832963));
#581=CARTESIAN_POINT('',(0.10464473,5.096200114,43.672860873));
#582=CARTESIAN_POINT('',(-1.22333143,5.096200114,46.560017575));
#583=CARTESIAN_POINT('',(-2.502513227,5.096200114,49.390861988));
#584=CARTESIAN_POINT('',(-3.197232669,5.096200114,52.123530465));
#585=CARTESIAN_POINT('',(-3.282838789,5.096200114,53.895174244));
#586=CARTESIAN_POINT('',(-2.996109017,5.096200114,55.403036374));
#587=CARTESIAN_POINT('',(-2.462890078,5.096200114,56.663828591));
#588=CARTESIAN_POINT('',(-1.889462284,5.096200114,57.481491127));
#589=CARTESIAN_POINT('',(-1.541682562,5.096200114,57.884166431));
#590=B_SPLINE_CURVE_WITH_KNOTS('',3,(#566,#567,#568,#569,#570,#571,#572,#573,#574,#575,#576,#577,#578,#579,#580,#581,#582,#583,#584,#585,#586,#587,#588,#589),.UNSPECIFIED.,.F.,.F.,(4,1,1,1,1,1,1,1,1,1,1,1,1,1,1,1,1,1,1,1,1,4),(0.,0.0125,0.025,0.0375,0.05,0.0625,0.083333333,0.104166667,0.125,0.189122061,0.25,0.333333333,0.416666667,0.5,0.562219381,0.625,0.75,0.8125,0.875,0.916666667,0.958333333,1.),.UNSPECIFIED.);
#591=EDGE_CURVE('NONE',#555,#565,#590,.T.);
#592=ORIENTED_EDGE('',*,*,#591,.T.);
#593=CARTESIAN_POINT('',(0.500940585,5.096200114,57.884166431));
#594=VERTEX_POINT('',#593);
#595=CARTESIAN_POINT('',(0.500940585,5.096200114,57.884166431));
#596=CARTESIAN_POINT('',(0.500940585,6.117511687,57.884166431));
#597=CARTESIAN_POINT('',(-0.520370989,6.117511687,57.884166431));
#598=CARTESIAN_POINT('',(-1.541682562,6.117511687,57.884166431));
#599=CARTESIAN_POINT('',(-1.541682562,5.096200114,57.884166431));
#600=(BOUNDED_CURVE()
B_SPLINE_CURVE(2,(#595,#596,#597,#598,#599),.UNSPECIFIED.,.F.,.F.)
B_SPLINE_CURVE_WITH_KNOTS((3,2,3),(0.,90.,180.),.UNSPECIFIED.)
CURVE()
GEOMETRIC_REPRESENTATION_ITEM()
RATIONAL_B_SPLINE_CURVE((1.,0.707106781,1.,0.707106781,1.))
REPRESENTATION_ITEM(''));
#601=EDGE_CURVE('NONE',#594,#565,#600,.T.);
#602=ORIENTED_EDGE('',*,*,#601,.F.);
#603=CARTESIAN_POINT('',(3.955472662,5.096200114,24.9));
#604=CARTESIAN_POINT('',(3.766050501,5.096200114,25.048585226));
#605=CARTESIAN_POINT('',(3.426250474,5.096200114,25.34220659));
#606=CARTESIAN_POINT('',(3.024644774,5.096200114,25.772937094));
#607=CARTESIAN_POINT('',(2.722094861,5.096200114,26.194911784));
#608=CARTESIAN_POINT('',(2.509562184,5.096200114,26.609076388));
#609=CARTESIAN_POINT('',(2.348773973,5.096200114,27.106887798));
#610=CARTESIAN_POINT('',(2.297302913,5.096200114,27.683811528));
#611=CARTESIAN_POINT('',(2.395901791,5.096200114,28.337430479));
#612=CARTESIAN_POINT('',(2.759378822,5.096200114,29.430752817));
#613=CARTESIAN_POINT('',(3.613918386,5.096200114,30.922208467));
#614=CARTESIAN_POINT('',(4.289737469,5.096200114,33.154563965));
#615=CARTESIAN_POINT('',(4.428399008,5.096200114,35.695276587));
#616=CARTESIAN_POINT('',(3.971120034,5.096200114,38.572286693));
#617=CARTESIAN_POINT('',(3.133092445,5.096200114,41.243832963));
#618=CARTESIAN_POINT('',(2.147267878,5.096200114,43.672860873));
#619=CARTESIAN_POINT('',(0.819291718,5.096200114,46.560017575));
#620=CARTESIAN_POINT('',(-0.459890079,5.096200114,49.390861988));
#621=CARTESIAN_POINT('',(-1.154609522,5.096200114,52.123530465));
#622=CARTESIAN_POINT('',(-1.240215642,5.096200114,53.895174244));
#623=CARTESIAN_POINT('',(-0.95348587,5.096200114,55.403036374));
#624=CARTESIAN_POINT('',(-0.420266931,5.096200114,56.663828591));
#625=CARTESIAN_POINT('',(0.153160864,5.096200114,57.481491127));
#626=CARTESIAN_POINT('',(0.500940585,5.096200114,57.884166431));
#627=B_SPLINE_CURVE_WITH_KNOTS('',3,(#603,#604,#605,#606,#607,#608,#609,#610,#611,#612,#613,#614,#615,#616,#617,#618,#619,#620,#621,#622,#623,#624,#625,#626),.UNSPECIFIED.,.F.,.F.,(4,1,1,1,1,1,1,1,1,1,1,1,1,1,1,1,1,1,1,1,1,4),(0.,0.0125,0.025,0.0375,0.05,0.0625,0.083333333,0.104166667,0.125,0.189122061,0.25,0.333333333,0.416666667,0.5,0.562219381,0.625,0.75,0.8125,0.875,0.916666667,0.958333333,1.),.UNSPECIFIED.);
#628=EDGE_CURVE('NONE',#553,#594,#627,.T.);
#629=ORIENTED_EDGE('',*,*,#628,.F.);
#630=EDGE_LOOP('',(#563,#592,#602,#629));
#631=FACE_BOUND('',#630,.T.);
#632=ADVANCED_FACE('NONE',(#631),#551,.T.);
#633=CARTESIAN_POINT('',(-0.520370989,5.096200114,57.884166431));
#634=DIRECTION('',(0.,0.,1.));
#635=DIRECTION('',(1.,0.,0.));
#636=AXIS2_PLACEMENT_3D('',#633,#634,#635);
#637=PLANE('',#636);
#638=ORIENTED_EDGE('',*,*,#601,.T.);
#639=CARTESIAN_POINT('',(-1.541682562,5.096200114,57.884166431));
#640=CARTESIAN_POINT('',(-1.541682562,4.506545602,57.884166431));
#641=CARTESIAN_POINT('',(-1.031026776,4.211718346,57.884166431));
#642=CARTESIAN_POINT('',(-0.520370989,3.91689109,57.884166431));
#643=CARTESIAN_POINT('',(-0.009715202,4.211718346,57.884166431));
#644=CARTESIAN_POINT('',(0.500940585,4.506545602,57.884166431));
#645=CARTESIAN_POINT('',(0.500940585,5.096200114,57.884166431));
#646=(BOUNDED_CURVE()
B_SPLINE_CURVE(2,(#639,#640,#641,#642,#643,#644,#645),.UNSPECIFIED.,.F.,.F.)
B_SPLINE_CURVE_WITH_KNOTS((3,2,2,3),(180.,240.,300.,360.),.UNSPECIFIED.)
CURVE()
GEOMETRIC_REPRESENTATION_ITEM()
RATIONAL_B_SPLINE_CURVE((1.,0.866025404,1.,0.866025404,1.,0.866025404,1.))
REPRESENTATION_ITEM(''));
#647=EDGE_CURVE('NONE',#565,#594,#646,.T.);
#648=ORIENTED_EDGE('',*,*,#647,.T.);
#649=EDGE_LOOP('',(#638,#648));
#650=FACE_BOUND('',#649,.T.);
#651=ADVANCED_FACE('NONE',(#650),#637,.T.);
#652=CARTESIAN_POINT('',(2.934161089,5.096200114,24.9));
#653=DIRECTION('',(0.,0.,1.));
#654=DIRECTION('',(1.,0.,0.));
#655=AXIS2_PLACEMENT_3D('',#652,#653,#654);
#656=PLANE('',#655);
#657=ORIENTED_EDGE('',*,*,#562,.F.);
#658=CARTESIAN_POINT('',(1.912849515,5.096200114,24.9));
#659=CARTESIAN_POINT('',(1.912849515,4.07488854,24.9));
#660=CARTESIAN_POINT('',(2.934161089,4.07488854,24.9));
#661=CARTESIAN_POINT('',(3.955472662,4.07488854,24.9));
#662=CARTESIAN_POINT('',(3.955472662,5.096200114,24.9));
#663=(BOUNDED_CURVE()
B_SPLINE_CURVE(2,(#658,#659,#660,#661,#662),.UNSPECIFIED.,.F.,.F.)
B_SPLINE_CURVE_WITH_KNOTS((3,2,3),(180.,270.,360.),.UNSPECIFIED.)
CURVE()
GEOMETRIC_REPRESENTATION_ITEM()
RATIONAL_B_SPLINE_CURVE((1.,0.707106781,1.,0.707106781,1.))
REPRESENTATION_ITEM(''));
#664=EDGE_CURVE('NONE',#555,#553,#663,.T.);
#665=ORIENTED_EDGE('',*,*,#664,.F.);
#666=EDGE_LOOP('',(#657,#665));
#667=FACE_BOUND('',#666,.T.);
#668=ADVANCED_FACE('NONE',(#667),#656,.F.);
#669=CARTESIAN_POINT('',(1.912849515,5.096200114,24.9));
#670=CARTESIAN_POINT('',(1.723427354,5.096200114,25.048585226));
#671=CARTESIAN_POINT('',(1.383627327,5.096200114,25.34220659));
#672=CARTESIAN_POINT('',(0.982021626,5.096200114,25.772937094));
#673=CARTESIAN_POINT('',(0.679471713,5.096200114,26.194911784));
#674=CARTESIAN_POINT('',(0.466939037,5.096200114,26.609076388));
#675=CARTESIAN_POINT('',(0.306150826,5.096200114,27.106887798));
#676=CARTESIAN_POINT('',(0.254679766,5.096200114,27.683811528));
#677=CARTESIAN_POINT('',(0.353278644,5.096200114,28.337430479));
#678=CARTESIAN_POINT('',(0.716755675,5.096200114,29.430752817));
#679=CARTESIAN_POINT('',(1.571295239,5.096200114,30.922208467));
#680=CARTESIAN_POINT('',(2.247114321,5.096200114,33.154563965));
#681=CARTESIAN_POINT('',(2.385775861,5.096200114,35.695276587));
#682=CARTESIAN_POINT('',(1.928496887,5.096200114,38.572286693));
#683=CARTESIAN_POINT('',(1.090469298,5.096200114,41.243832963));
#684=CARTESIAN_POINT('',(0.10464473,5.096200114,43.672860873));
#685=CARTESIAN_POINT('',(-1.22333143,5.096200114,46.560017575));
#686=CARTESIAN_POINT('',(-2.502513227,5.096200114,49.390861988));
#687=CARTESIAN_POINT('',(-3.197232669,5.096200114,52.123530465));
#688=CARTESIAN_POINT('',(-3.282838789,5.096200114,53.895174244));
#689=CARTESIAN_POINT('',(-2.996109017,5.096200114,55.403036374));
#690=CARTESIAN_POINT('',(-2.462890078,5.096200114,56.663828591));
#691=CARTESIAN_POINT('',(-1.889462284,5.096200114,57.481491127));
#692=CARTESIAN_POINT('',(-1.541682562,5.096200114,57.884166431));
#693=CARTESIAN_POINT('',(1.912849515,5.096166779,24.9));
#694=CARTESIAN_POINT('',(1.723427354,5.096166779,25.048585226));
#695=CARTESIAN_POINT('',(1.383627327,5.096166779,25.34220659));
#696=CARTESIAN_POINT('',(0.982021626,5.096166779,25.772937094));
#697=CARTESIAN_POINT('',(0.679471713,5.096166779,26.194911784));
#698=CARTESIAN_POINT('',(0.466939037,5.096166779,26.609076388));
#699=CARTESIAN_POINT('',(0.306150826,5.096166779,27.106887798));
#700=CARTESIAN_POINT('',(0.254679766,5.096166779,27.683811528));
#701=CARTESIAN_POINT('',(0.353278644,5.096166779,28.337430479));
#702=CARTESIAN_POINT('',(0.716755675,5.096166779,29.430752817));
#703=CARTESIAN_POINT('',(1.571295239,5.096166779,30.922208467));
#704=CARTESIAN_POINT('',(2.247114321,5.096166779,33.154563965));
#705=CARTESIAN_POINT('',(2.385775861,5.096166779,35.695276587));
#706=CARTESIAN_POINT('',(1.928496887,5.096166779,38.572286693));
#707=CARTESIAN_POINT('',(1.090469298,5.096166779,41.243832963));
#708=CARTESIAN_POINT('',(0.10464473,5.096166779,43.672860873));
#709=CARTESIAN_POINT('',(-1.22333143,5.096166779,46.560017575));
#710=CARTESIAN_POINT('',(-2.502513227,5.096166779,49.390861988));
#711=CARTESIAN_POINT('',(-3.197232669,5.096166779,52.123530465));
#712=CARTESIAN_POINT('',(-3.282838789,5.096166779,53.895174244));
#713=CARTESIAN_POINT('',(-2.996109017,5.096166779,55.403036374));
#714=CARTESIAN_POINT('',(-2.462890078,5.096166779,56.663828591));
#715=CARTESIAN_POINT('',(-1.889462284,5.096166779,57.481491127));
#716=CARTESIAN_POINT('',(-1.541682562,5.096166779,57.884166431));
#717=CARTESIAN_POINT('',(1.912849517,5.096133444,24.9));
#718=CARTESIAN_POINT('',(1.723427355,5.096133444,25.048585226));
#719=CARTESIAN_POINT('',(1.383627329,5.096133444,25.34220659));
#720=CARTESIAN_POINT('',(0.982021628,5.096133444,25.772937094));
#721=CARTESIAN_POINT('',(0.679471715,5.096133444,26.194911784));
#722=CARTESIAN_POINT('',(0.466939039,5.096133444,26.609076388));
#723=CARTESIAN_POINT('',(0.306150828,5.096133444,27.106887798));
#724=CARTESIAN_POINT('',(0.254679767,5.096133444,27.683811528));
#725=CARTESIAN_POINT('',(0.353278646,5.096133444,28.337430479));
#726=CARTESIAN_POINT('',(0.716755676,5.096133444,29.430752817));
#727=CARTESIAN_POINT('',(1.571295241,5.096133444,30.922208467));
#728=CARTESIAN_POINT('',(2.247114323,5.096133444,33.154563965));
#729=CARTESIAN_POINT('',(2.385775863,5.096133444,35.695276587));
#730=CARTESIAN_POINT('',(1.928496888,5.096133444,38.572286693));
#731=CARTESIAN_POINT('',(1.0904693,5.096133444,41.243832963));
#732=CARTESIAN_POINT('',(0.104644732,5.096133444,43.672860873));
#733=CARTESIAN_POINT('',(-1.223331428,5.096133444,46.560017575));
#734=CARTESIAN_POINT('',(-2.502513225,5.096133444,49.390861988));
#735=CARTESIAN_POINT('',(-3.197232668,5.096133444,52.123530465));
#736=CARTESIAN_POINT('',(-3.282838788,5.096133444,53.895174244));
#737=CARTESIAN_POINT('',(-2.996109016,5.096133444,55.403036374));
#738=CARTESIAN_POINT('',(-2.462890077,5.096133444,56.663828591));
#739=CARTESIAN_POINT('',(-1.889462282,5.096133444,57.481491127));
#740=CARTESIAN_POINT('',(-1.541682561,5.096133444,57.884166431));
#741=CARTESIAN_POINT('',(1.91284952,5.096100109,24.9));
#742=CARTESIAN_POINT('',(1.723427359,5.096100109,25.048585226));
#743=CARTESIAN_POINT('',(1.383627332,5.096100109,25.34220659));
#744=CARTESIAN_POINT('',(0.982021631,5.096100109,25.772937094));
#745=CARTESIAN_POINT('',(0.679471718,5.096100109,26.194911784));
#746=CARTESIAN_POINT('',(0.466939042,5.096100109,26.609076388));
#747=CARTESIAN_POINT('',(0.306150831,5.096100109,27.106887798));
#748=CARTESIAN_POINT('',(0.25467977,5.096100109,27.683811528));
#749=CARTESIAN_POINT('',(0.353278649,5.096100109,28.337430479));
#750=CARTESIAN_POINT('',(0.71675568,5.096100109,29.430752817));
#751=CARTESIAN_POINT('',(1.571295244,5.096100109,30.922208467));
#752=CARTESIAN_POINT('',(2.247114326,5.096100109,33.154563965));
#753=CARTESIAN_POINT('',(2.385775866,5.096100109,35.695276587));
#754=CARTESIAN_POINT('',(1.928496891,5.096100109,38.572286693));
#755=CARTESIAN_POINT('',(1.090469303,5.096100109,41.243832963));
#756=CARTESIAN_POINT('',(0.104644735,5.096100109,43.672860873));
#757=CARTESIAN_POINT('',(-1.223331425,5.096100109,46.560017575));
#758=CARTESIAN_POINT('',(-2.502513222,5.096100109,49.390861988));
#759=CARTESIAN_POINT('',(-3.197232665,5.096100109,52.123530465));
#760=CARTESIAN_POINT('',(-3.282838784,5.096100109,53.895174244));
#761=CARTESIAN_POINT('',(-2.996109012,5.096100109,55.403036374));
#762=CARTESIAN_POINT('',(-2.462890073,5.096100109,56.663828591));
#763=CARTESIAN_POINT('',(-1.889462279,5.096100109,57.481491127));
#764=CARTESIAN_POINT('',(-1.541682558,5.096100109,57.884166431));
#765=CARTESIAN_POINT('',(1.91304952,3.053576981,24.9));
#766=CARTESIAN_POINT('',(1.723627359,3.053576981,25.048585226));
#767=CARTESIAN_POINT('',(1.383827332,3.053576981,25.34220659));
#768=CARTESIAN_POINT('',(0.982221631,3.053576981,25.772937094));
#769=CARTESIAN_POINT('',(0.679671718,3.053576981,26.194911784));
#770=CARTESIAN_POINT('',(0.467139042,3.053576981,26.609076388));
#771=CARTESIAN_POINT('',(0.306350831,3.053576981,27.106887798));
#772=CARTESIAN_POINT('',(0.25487977,3.053576981,27.683811528));
#773=CARTESIAN_POINT('',(0.353478649,3.053576981,28.337430479));
#774=CARTESIAN_POINT('',(0.71695568,3.053576981,29.430752817));
#775=CARTESIAN_POINT('',(1.571495244,3.053576981,30.922208467));
#776=CARTESIAN_POINT('',(2.247314326,3.053576981,33.154563965));
#777=CARTESIAN_POINT('',(2.385975866,3.053576981,35.695276587));
#778=CARTESIAN_POINT('',(1.928696891,3.053576981,38.572286693));
#779=CARTESIAN_POINT('',(1.090669303,3.053576981,41.243832963));
#780=CARTESIAN_POINT('',(0.104844735,3.053576981,43.672860873));
#781=CARTESIAN_POINT('',(-1.223131425,3.053576981,46.560017575));
#782=CARTESIAN_POINT('',(-2.502313222,3.053576981,49.390861988));
#783=CARTESIAN_POINT('',(-3.197032665,3.053576981,52.123530465));
#784=CARTESIAN_POINT('',(-3.282638784,3.053576981,53.895174244));
#785=CARTESIAN_POINT('',(-2.995909012,3.053576981,55.403036374));
#786=CARTESIAN_POINT('',(-2.462690073,3.053576981,56.663828591));
#787=CARTESIAN_POINT('',(-1.889262279,3.053576981,57.481491127));
#788=CARTESIAN_POINT('',(-1.541482558,3.053576981,57.884166431));
#789=CARTESIAN_POINT('',(3.955472662,3.053876937,24.9));
#790=CARTESIAN_POINT('',(3.766050501,3.053876937,25.048585226));
#791=CARTESIAN_POINT('',(3.426250474,3.053876937,25.34220659));
#792=CARTESIAN_POINT('',(3.024644774,3.053876937,25.772937094));
#793=CARTESIAN_POINT('',(2.722094861,3.053876937,26.194911784));
#794=CARTESIAN_POINT('',(2.509562184,3.053876937,26.609076388));
#795=CARTESIAN_POINT('',(2.348773973,3.053876937,27.106887798));
#796=CARTESIAN_POINT('',(2.297302913,3.053876937,27.683811528));
#797=CARTESIAN_POINT('',(2.395901791,3.053876937,28.337430479));
#798=CARTESIAN_POINT('',(2.759378822,3.053876937,29.430752817));
#799=CARTESIAN_POINT('',(3.613918386,3.053876937,30.922208467));
#800=CARTESIAN_POINT('',(4.289737469,3.053876937,33.154563965));
#801=CARTESIAN_POINT('',(4.428399008,3.053876937,35.695276587));
#802=CARTESIAN_POINT('',(3.971120034,3.053876937,38.572286693));
#803=CARTESIAN_POINT('',(3.133092445,3.053876937,41.243832963));
#804=CARTESIAN_POINT('',(2.147267878,3.053876937,43.672860873));
#805=CARTESIAN_POINT('',(0.819291718,3.053876937,46.560017575));
#806=CARTESIAN_POINT('',(-0.459890079,3.053876937,49.390861988));
#807=CARTESIAN_POINT('',(-1.154609522,3.053876937,52.123530465));
#808=CARTESIAN_POINT('',(-1.240215642,3.053876937,53.895174244));
#809=CARTESIAN_POINT('',(-0.95348587,3.053876937,55.403036374));
#810=CARTESIAN_POINT('',(-0.420266931,3.053876937,56.663828591));
#811=CARTESIAN_POINT('',(0.153160864,3.053876937,57.481491127));
#812=CARTESIAN_POINT('',(0.500940585,3.053876937,57.884166431));
#813=CARTESIAN_POINT('',(3.955472662,5.096200114,24.9));
#814=CARTESIAN_POINT('',(3.766050501,5.096200114,25.048585226));
#815=CARTESIAN_POINT('',(3.426250474,5.096200114,25.34220659));
#816=CARTESIAN_POINT('',(3.024644774,5.096200114,25.772937094));
#817=CARTESIAN_POINT('',(2.722094861,5.096200114,26.194911784));
#818=CARTESIAN_POINT('',(2.509562184,5.096200114,26.609076388));
#819=CARTESIAN_POINT('',(2.348773973,5.096200114,27.106887798));
#820=CARTESIAN_POINT('',(2.297302913,5.096200114,27.683811528));
#821=CARTESIAN_POINT('',(2.395901791,5.096200114,28.337430479));
#822=CARTESIAN_POINT('',(2.759378822,5.096200114,29.430752817));
#823=CARTESIAN_POINT('',(3.613918386,5.096200114,30.922208467));
#824=CARTESIAN_POINT('',(4.289737469,5.096200114,33.154563965));
#825=CARTESIAN_POINT('',(4.428399008,5.096200114,35.695276587));
#826=CARTESIAN_POINT('',(3.971120034,5.096200114,38.572286693));
#827=CARTESIAN_POINT('',(3.133092445,5.096200114,41.243832963));
#828=CARTESIAN_POINT('',(2.147267878,5.096200114,43.672860873));
#829=CARTESIAN_POINT('',(0.819291718,5.096200114,46.560017575));
#830=CARTESIAN_POINT('',(-0.459890079,5.096200114,49.390861988));
#831=CARTESIAN_POINT('',(-1.154609522,5.096200114,52.123530465));
#832=CARTESIAN_POINT('',(-1.240215642,5.096200114,53.895174244));
#833=CARTESIAN_POINT('',(-0.95348587,5.096200114,55.403036374));
#834=CARTESIAN_POINT('',(-0.420266931,5.096200114,56.663828591));
#835=CARTESIAN_POINT('',(0.153160864,5.096200114,57.481491127));
#836=CARTESIAN_POINT('',(0.500940585,5.096200114,57.884166431));
#837=(BOUNDED_SURFACE()
B_SPLINE_SURFACE(3,3,((#669,#670,#671,#672,#673,#674,#675,#676,#677,#678,#679,#680,#681,#682,#683,#684,#685,#686,#687,#688,#689,#690,#691,#692),(#693,#694,#695,#696,#697,#698,#699,#700,#701,#702,#703,#704,#705,#706,#707,#708,#709,#710,#711,#712,#713,#714,#715,#716),(#717,#718,#719,#720,#721,#722,#723,#724,#725,#726,#727,#728,#729,#730,#731,#732,#733,#734,#735,#736,#737,#738,#739,#740),(#741,#742,#743,#744,#745,#746,#747,#748,#749,#750,#751,#752,#753,#754,#755,#756,#757,#758,#759,#760,#761,#762,#763,#764),(#765,#766,#767,#768,#769,#770,#771,#772,#773,#774,#775,#776,#777,#778,#779,#780,#781,#782,#783,#784,#785,#786,#787,#788),(#789,#790,#791,#792,#793,#794,#795,#796,#797,#798,#799,#800,#801,#802,#803,#804,#805,#806,#807,#808,#809,#810,#811,#812),(#813,#814,#815,#816,#817,#818,#819,#820,#821,#822,#823,#824,#825,#826,#827,#828,#829,#830,#831,#832,#833,#834,#835,#836)),.UNSPECIFIED.,.F.,.F.,.U.)
B_SPLINE_SURFACE_WITH_KNOTS((4,3,4),(4,1,1,1,1,1,1,1,1,1,1,1,1,1,1,1,1,1,1,1,1,4),(0.5,0.500024478,1.),(0.,0.0125,0.025,0.0375,0.05,0.0625,0.083333333,0.104166667,0.125,0.189122061,0.25,0.333333333,0.416666667,0.5,0.562219381,0.625,0.75,0.8125,0.875,0.916666667,0.958333333,1.),.UNSPECIFIED.)
GEOMETRIC_REPRESENTATION_ITEM()
RATIONAL_B_SPLINE_SURFACE(((1.,1.,1.,1.,1.,1.,1.,1.,1.,1.,1.,1.,1.,1.,1.,1.,1.,1.,1.,1.,1.,1.,1.,1.),(0.999967362,0.999967362,0.999967362,0.999967362,0.999967362,0.999967362,0.999967362,0.999967362,0.999967362,0.999967362,0.999967362,0.999967362,0.999967362,0.999967362,0.999967362,0.999967362,0.999967362,0.999967362,0.999967362,0.999967362,0.999967362,0.999967362,0.999967362,0.999967362),(0.999934726,0.999934726,0.999934726,0.999934726,0.999934726,0.999934726,0.999934726,0.999934726,0.999934726,0.999934726,0.999934726,0.999934726,0.999934726,0.999934726,0.999934726,0.999934726,0.999934726,0.999934726,0.999934726,0.999934726,0.999934726,0.999934726,0.999934726,0.999934726),(0.999902091,0.999902091,0.999902091,0.999902091,0.999902091,0.999902091,0.999902091,0.999902091,0.999902091,0.999902091,0.999902091,0.999902091,0.999902091,0.999902091,0.999902091,0.999902091,0.999902091,0.999902091,0.999902091,0.999902091,0.999902091,0.999902091,0.999902091,0.999902091),(0.333333335,0.333333335,0.333333335,0.333333335,0.333333335,0.333333335,0.333333335,0.333333335,0.333333335,0.333333335,0.333333335,0.333333335,0.333333335,0.333333335,0.333333335,0.333333335,0.333333335,0.333333335,0.333333335,0.333333335,0.333333335,0.333333335,0.333333335,0.333333335),(0.333365971,0.333365971,0.333365971,0.333365971,0.333365971,0.333365971,0.333365971,0.333365971,0.333365971,0.333365971,0.333365971,0.333365971,0.333365971,0.333365971,0.333365971,0.333365971,0.333365971,0.333365971,0.333365971,0.333365971,0.333365971,0.333365971,0.333365971,0.333365971),(1.,1.,1.,1.,1.,1.,1.,1.,1.,1.,1.,1.,1.,1.,1.,1.,1.,1.,1.,1.,1.,1.,1.,1.)))
REPRESENTATION_ITEM('')
SURFACE()
);
#838=ORIENTED_EDGE('',*,*,#591,.F.);
#839=ORIENTED_EDGE('',*,*,#664,.T.);
#840=ORIENTED_EDGE('',*,*,#628,.T.);
#841=ORIENTED_EDGE('',*,*,#647,.F.);
#842=EDGE_LOOP('',(#838,#839,#840,#841));
#843=FACE_BOUND('',#842,.T.);
#844=ADVANCED_FACE('NONE',(#843),#837,.T.);
#845=CLOSED_SHELL('',(#632,#651,#668,#844));
#846=MANIFOLD_SOLID_BREP('Sweep1[3]',#845);
#847=COLOUR_RGB('',0.694117665,0.098039217,0.098039217);
#848=FILL_AREA_STYLE_COLOUR('',#847);
#849=FILL_AREA_STYLE('',(#848));
#850=SURFACE_STYLE_FILL_AREA(#849);
#851=SURFACE_SIDE_STYLE('',(#850));
#852=SURFACE_STYLE_USAGE(.BOTH.,#851);
#853=PRESENTATION_STYLE_ASSIGNMENT((#852));
#454=STYLED_ITEM('',(#853),#846);
#855=CARTESIAN_POINT('',(-0.,3.4,-22.));
#856=DIRECTION('',(0.,-1.,0.));
#857=DIRECTION('',(0.,0.,-1.));
#858=AXIS2_PLACEMENT_3D('',#855,#856,#857);
#859=TOROIDAL_SURFACE('',#858,2.,0.1);
#860=CARTESIAN_POINT('',(-0.,3.5,-24.));
#861=VERTEX_POINT('',#860);
#862=CARTESIAN_POINT('',(-0.,3.4,-23.9));
#863=VERTEX_POINT('',#862);
#864=CARTESIAN_POINT('',(-0.,3.4,-24.));
#865=DIRECTION('',(1.,-0.,-0.));
#866=DIRECTION('',(0.,0.,-1.));
#867=AXIS2_PLACEMENT_3D('',#864,#865,#866);
#868=CIRCLE('',#867,0.1);
#869=EDGE_CURVE('',#861,#863,#868,.T.);
#870=ORIENTED_EDGE('',*,*,#869,.T.);
#871=CARTESIAN_POINT('',(-0.,3.4,-22.));
#872=DIRECTION('',(-0.,1.,-0.));
#873=DIRECTION('',(0.,0.,-1.));
#874=AXIS2_PLACEMENT_3D('',#871,#872,#873);
#875=CIRCLE('',#874,1.9);
#876=EDGE_CURVE('NONE',#863,#863,#875,.T.);
#877=ORIENTED_EDGE('',*,*,#876,.F.);
#878=ORIENTED_EDGE('',*,*,#869,.F.);
#879=CARTESIAN_POINT('',(-0.,3.5,-22.));
#880=DIRECTION('',(0.,-1.,0.));
#881=DIRECTION('',(0.,0.,-1.));
#882=AXIS2_PLACEMENT_3D('',#879,#880,#881);
#883=CIRCLE('',#882,2.);
#884=EDGE_CURVE('NONE',#861,#861,#883,.T.);
#885=ORIENTED_EDGE('',*,*,#884,.F.);
#886=EDGE_LOOP('',(#870,#877,#878,#885));
#887=FACE_BOUND('',#886,.T.);
#888=ADVANCED_FACE('NONE',(#887),#859,.T.);
#889=CARTESIAN_POINT('',(-2.64074498,5.096200114,24.9));
#890=CARTESIAN_POINT('',(-2.830167141,5.096200114,25.048585226));
#891=CARTESIAN_POINT('',(-3.169967168,5.096200114,25.34220659));
#892=CARTESIAN_POINT('',(-3.571572869,5.096200114,25.772937094));
#893=CARTESIAN_POINT('',(-3.874122782,5.096200114,26.194911784));
#894=CARTESIAN_POINT('',(-4.086655458,5.096200114,26.609076388));
#895=CARTESIAN_POINT('',(-4.247443669,5.096200114,27.106887798));
#896=CARTESIAN_POINT('',(-4.298914729,5.096200114,27.683811528));
#897=CARTESIAN_POINT('',(-4.200315851,5.096200114,28.337430479));
#898=CARTESIAN_POINT('',(-3.83683882,5.096200114,29.430752817));
#899=CARTESIAN_POINT('',(-2.982299256,5.096200114,30.922208467));
#900=CARTESIAN_POINT('',(-2.306480174,5.096200114,33.154563965));
#901=CARTESIAN_POINT('',(-2.167818634,5.096200114,35.695276587));
#902=CARTESIAN_POINT('',(-2.625097608,5.096200114,38.572286693));
#903=CARTESIAN_POINT('',(-3.463125197,5.096200114,41.243832963));
#904=CARTESIAN_POINT('',(-4.448949765,5.096200114,43.672860873));
#905=CARTESIAN_POINT('',(-5.776925925,5.096200114,46.560017575));
#906=CARTESIAN_POINT('',(-7.056107722,5.096200114,49.390861988));
#907=CARTESIAN_POINT('',(-7.750827164,5.096200114,52.123530465));
#908=CARTESIAN_POINT('',(-7.836433284,5.096200114,53.895174244));
#909=CARTESIAN_POINT('',(-7.549703512,5.096200114,55.403036374));
#910=CARTESIAN_POINT('',(-7.016484573,5.096200114,56.663828591));
#911=CARTESIAN_POINT('',(-6.443056779,5.096200114,57.481491127));
#912=CARTESIAN_POINT('',(-6.095277057,5.096200114,57.884166431));
#913=CARTESIAN_POINT('',(-2.64074498,6.856696767,24.9));
#914=CARTESIAN_POINT('',(-2.830167141,6.856696767,25.048585226));
#915=CARTESIAN_POINT('',(-3.169967168,6.856696767,25.34220659));
#916=CARTESIAN_POINT('',(-3.571572869,6.856696767,25.772937094));
#917=CARTESIAN_POINT('',(-3.874122782,6.856696767,26.194911784));
#918=CARTESIAN_POINT('',(-4.086655458,6.856696767,26.609076388));
#919=CARTESIAN_POINT('',(-4.247443669,6.856696767,27.106887798));
#920=CARTESIAN_POINT('',(-4.298914729,6.856696767,27.683811528));
#921=CARTESIAN_POINT('',(-4.200315851,6.856696767,28.337430479));
#922=CARTESIAN_POINT('',(-3.83683882,6.856696767,29.430752817));
#923=CARTESIAN_POINT('',(-2.982299256,6.856696767,30.922208467));
#924=CARTESIAN_POINT('',(-2.306480174,6.856696767,33.154563965));
#925=CARTESIAN_POINT('',(-2.167818634,6.856696767,35.695276587));
#926=CARTESIAN_POINT('',(-2.625097608,6.856696767,38.572286693));
#927=CARTESIAN_POINT('',(-3.463125197,6.856696767,41.243832963));
#928=CARTESIAN_POINT('',(-4.448949765,6.856696767,43.672860873));
#929=CARTESIAN_POINT('',(-5.776925925,6.856696767,46.560017575));
#930=CARTESIAN_POINT('',(-7.056107722,6.856696767,49.390861988));
#931=CARTESIAN_POINT('',(-7.750827164,6.856696767,52.123530465));
#932=CARTESIAN_POINT('',(-7.836433284,6.856696767,53.895174244));
#933=CARTESIAN_POINT('',(-7.549703512,6.856696767,55.403036374));
#934=CARTESIAN_POINT('',(-7.016484573,6.856696767,56.663828591));
#935=CARTESIAN_POINT('',(-6.443056779,6.856696767,57.481491127));
#936=CARTESIAN_POINT('',(-6.095277057,6.856696767,57.884166431));
#937=CARTESIAN_POINT('',(-4.401241633,6.856696767,24.9));
#938=CARTESIAN_POINT('',(-4.590663795,6.856696767,25.048585226));
#939=CARTESIAN_POINT('',(-4.930463821,6.856696767,25.34220659));
#940=CARTESIAN_POINT('',(-5.332069522,6.856696767,25.772937094));
#941=CARTESIAN_POINT('',(-5.634619435,6.856696767,26.194911784));
#942=CARTESIAN_POINT('',(-5.847152111,6.856696767,26.609076388));
#943=CARTESIAN_POINT('',(-6.007940322,6.856696767,27.106887798));
#944=CARTESIAN_POINT('',(-6.059411383,6.856696767,27.683811528));
#945=CARTESIAN_POINT('',(-5.960812504,6.856696767,28.337430479));
#946=CARTESIAN_POINT('',(-5.597335474,6.856696767,29.430752817));
#947=CARTESIAN_POINT('',(-4.742795909,6.856696767,30.922208467));
#948=CARTESIAN_POINT('',(-4.066976827,6.856696767,33.154563965));
#949=CARTESIAN_POINT('',(-3.928315287,6.856696767,35.695276587));
#950=CARTESIAN_POINT('',(-4.385594262,6.856696767,38.572286693));
#951=CARTESIAN_POINT('',(-5.22362185,6.856696767,41.243832963));
#952=CARTESIAN_POINT('',(-6.209446418,6.856696767,43.672860873));
#953=CARTESIAN_POINT('',(-7.537422578,6.856696767,46.560017575));
#954=CARTESIAN_POINT('',(-8.816604375,6.856696767,49.390861988));
#955=CARTESIAN_POINT('',(-9.511323818,6.856696767,52.123530465));
#956=CARTESIAN_POINT('',(-9.596929938,6.856696767,53.895174244));
#957=CARTESIAN_POINT('',(-9.310200166,6.856696767,55.403036374));
#958=CARTESIAN_POINT('',(-8.776981227,6.856696767,56.663828591));
#959=CARTESIAN_POINT('',(-8.203553432,6.856696767,57.481491127));
#960=CARTESIAN_POINT('',(-7.855773711,6.856696767,57.884166431));
#961=CARTESIAN_POINT('',(-4.401241633,5.096200114,24.9));
#962=CARTESIAN_POINT('',(-4.590663795,5.096200114,25.048585226));
#963=CARTESIAN_POINT('',(-4.930463821,5.096200114,25.34220659));
#964=CARTESIAN_POINT('',(-5.332069522,5.096200114,25.772937094));
#965=CARTESIAN_POINT('',(-5.634619435,5.096200114,26.194911784));
#966=CARTESIAN_POINT('',(-5.847152111,5.096200114,26.609076388));
#967=CARTESIAN_POINT('',(-6.007940322,5.096200114,27.106887798));
#968=CARTESIAN_POINT('',(-6.059411383,5.096200114,27.683811528));
#969=CARTESIAN_POINT('',(-5.960812504,5.096200114,28.337430479));
#970=CARTESIAN_POINT('',(-5.597335474,5.096200114,29.430752817));
#971=CARTESIAN_POINT('',(-4.742795909,5.096200114,30.922208467));
#972=CARTESIAN_POINT('',(-4.066976827,5.096200114,33.154563965));
#973=CARTESIAN_POINT('',(-3.928315287,5.096200114,35.695276587));
#974=CARTESIAN_POINT('',(-4.385594262,5.096200114,38.572286693));
#975=CARTESIAN_POINT('',(-5.22362185,5.096200114,41.243832963));
#976=CARTESIAN_POINT('',(-6.209446418,5.096200114,43.672860873));
#977=CARTESIAN_POINT('',(-7.537422578,5.096200114,46.560017575));
#978=CARTESIAN_POINT('',(-8.816604375,5.096200114,49.390861988));
#979=CARTESIAN_POINT('',(-9.511323818,5.096200114,52.123530465));
#980=CARTESIAN_POINT('',(-9.596929938,5.096200114,53.895174244));
#981=CARTESIAN_POINT('',(-9.310200166,5.096200114,55.403036374));
#982=CARTESIAN_POINT('',(-8.776981227,5.096200114,56.663828591));
#983=CARTESIAN_POINT('',(-8.203553432,5.096200114,57.481491127));
#984=CARTESIAN_POINT('',(-7.855773711,5.096200114,57.884166431));
#985=(BOUNDED_SURFACE()
B_SPLINE_SURFACE(3,3,((#889,#890,#891,#892,#893,#894,#895,#896,#897,#898,#899,#900,#901,#902,#903,#904,#905,#906,#907,#908,#909,#910,#911,#912),(#913,#914,#915,#916,#917,#918,#919,#920,#921,#922,#923,#924,#925,#926,#927,#928,#929,#930,#931,#932,#933,#934,#935,#936),(#937,#938,#939,#940,#941,#942,#943,#944,#945,#946,#947,#948,#949,#950,#951,#952,#953,#954,#955,#956,#957,#958,#959,#960),(#961,#962,#963,#964,#965,#966,#967,#968,#969,#970,#971,#972,#973,#974,#975,#976,#977,#978,#979,#980,#981,#982,#983,#984)),.UNSPECIFIED.,.F.,.F.,.U.)
B_SPLINE_SURFACE_WITH_KNOTS((4,4),(4,1,1,1,1,1,1,1,1,1,1,1,1,1,1,1,1,1,1,1,1,4),(0.,0.5),(0.,0.0125,0.025,0.0375,0.05,0.0625,0.083333333,0.104166667,0.125,0.189122061,0.25,0.333333333,0.416666667,0.5,0.562219381,0.625,0.75,0.8125,0.875,0.916666667,0.958333333,1.),.UNSPECIFIED.)
GEOMETRIC_REPRESENTATION_ITEM()
RATIONAL_B_SPLINE_SURFACE(((1.,1.,1.,1.,1.,1.,1.,1.,1.,1.,1.,1.,1.,1.,1.,1.,1.,1.,1.,1.,1.,1.,1.,1.),(0.333333333,0.333333333,0.333333333,0.333333333,0.333333333,0.333333333,0.333333333,0.333333333,0.333333333,0.333333333,0.333333333,0.333333333,0.333333333,0.333333333,0.333333333,0.333333333,0.333333333,0.333333333,0.333333333,0.333333333,0.333333333,0.333333333,0.333333333,0.333333333),(0.333333333,0.333333333,0.333333333,0.333333333,0.333333333,0.333333333,0.333333333,0.333333333,0.333333333,0.333333333,0.333333333,0.333333333,0.333333333,0.333333333,0.333333333,0.333333333,0.333333333,0.333333333,0.333333333,0.333333333,0.333333333,0.333333333,0.333333333,0.333333333),(1.,1.,1.,1.,1.,1.,1.,1.,1.,1.,1.,1.,1.,1.,1.,1.,1.,1.,1.,1.,1.,1.,1.,1.)))
REPRESENTATION_ITEM('')
SURFACE()
);
#986=CARTESIAN_POINT('',(-2.64074498,5.096200114,24.9));
#987=VERTEX_POINT('',#986);
#988=CARTESIAN_POINT('',(-4.401241633,5.096200114,24.9));
#989=VERTEX_POINT('',#988);
#990=CARTESIAN_POINT('',(-2.64074498,5.096200114,24.9));
#991=CARTESIAN_POINT('',(-2.64074498,5.97644844,24.9));
#992=CARTESIAN_POINT('',(-3.520993307,5.97644844,24.9));
#993=CARTESIAN_POINT('',(-4.401241633,5.97644844,24.9));
#994=CARTESIAN_POINT('',(-4.401241633,5.096200114,24.9));
#995=(BOUNDED_CURVE()
B_SPLINE_CURVE(2,(#990,#991,#992,#993,#994),.UNSPECIFIED.,.F.,.F.)
B_SPLINE_CURVE_WITH_KNOTS((3,2,3),(0.,90.,180.),.UNSPECIFIED.)
CURVE()
GEOMETRIC_REPRESENTATION_ITEM()
RATIONAL_B_SPLINE_CURVE((1.,0.707106781,1.,0.707106781,1.))
REPRESENTATION_ITEM(''));
#996=EDGE_CURVE('NONE',#987,#989,#995,.T.);
#997=ORIENTED_EDGE('',*,*,#996,.T.);
#998=CARTESIAN_POINT('',(-5.285170335,5.096200114,25.73508229));
#999=VERTEX_POINT('',#998);
#1000=CARTESIAN_POINT('',(-4.401241633,5.096200114,24.9));
#1001=CARTESIAN_POINT('',(-4.590663795,5.096200114,25.048585226));
#1002=CARTESIAN_POINT('',(-4.915973071,5.096200114,25.329685126));
#1003=CARTESIAN_POINT('',(-5.175234637,5.096200114,25.604857198));
#1004=CARTESIAN_POINT('',(-5.285170335,5.096200114,25.73508229));
#1005=B_SPLINE_CURVE_WITH_KNOTS('',3,(#1000,#1001,#1002,#1003,#1004),.UNSPECIFIED.,.F.,.F.,(4,1,4),(0.,0.0125,0.023933877),.UNSPECIFIED.);
#1006=EDGE_CURVE('NONE',#989,#999,#1005,.T.);
#1007=ORIENTED_EDGE('',*,*,#1006,.T.);
#1008=CARTESIAN_POINT('',(-5.285170335,5.096200114,29.969629379));
#1009=VERTEX_POINT('',#1008);
#1010=CARTESIAN_POINT('',(-5.285170335,5.096200114,25.73508229));
#1011=CARTESIAN_POINT('',(-5.281076588,5.150809265,25.730233013));
#1012=CARTESIAN_POINT('',(-5.276167369,5.204945578,25.730384279));
#1013=CARTESIAN_POINT('',(-5.270479643,5.258609281,25.73558176));
#1014=CARTESIAN_POINT('',(-5.264791918,5.312272983,25.740779241));
#1015=CARTESIAN_POINT('',(-5.258245741,5.366023282,25.751196548));
#1016=CARTESIAN_POINT('',(-5.251162775,5.417836686,25.767207193));
#1017=CARTESIAN_POINT('',(-5.24407981,5.46965009,25.783217837));
#1018=CARTESIAN_POINT('',(-5.236545328,5.519046014,25.804552134));
#1019=CARTESIAN_POINT('',(-5.228809098,5.565768688,25.831875119));
#1020=CARTESIAN_POINT('',(-5.221072867,5.612491362,25.859198105));
#1021=CARTESIAN_POINT('',(-5.21321494,5.655987153,25.892467333));
#1022=CARTESIAN_POINT('',(-5.205902608,5.694272619,25.930187263));
#1023=CARTESIAN_POINT('',(-5.198590275,5.732558085,25.967907193));
#1024=CARTESIAN_POINT('',(-5.191646952,5.766612873,26.011067932));
#1025=CARTESIAN_POINT('',(-5.18558657,5.79530449,26.057101438));
#1026=CARTESIAN_POINT('',(-5.179526188,5.823996106,26.103134944));
#1027=CARTESIAN_POINT('',(-5.174335429,5.847455621,26.151792753));
#1028=CARTESIAN_POINT('',(-5.169929492,5.866974312,26.202440891));
#1029=CARTESIAN_POINT('',(-5.165523556,5.886493003,26.25308903));
#1030=CARTESIAN_POINT('',(-5.161902622,5.902049505,26.305877101));
#1031=CARTESIAN_POINT('',(-5.158988939,5.914427078,26.358628237));
#1032=CARTESIAN_POINT('',(-5.156075256,5.926804651,26.411379374));
#1033=CARTESIAN_POINT('',(-5.153824997,5.936182099,26.464521477));
#1034=CARTESIAN_POINT('',(-5.152033788,5.94360277,26.51791936));
#1035=CARTESIAN_POINT('',(-5.14845137,5.958444113,26.624715127));
#1036=CARTESIAN_POINT('',(-5.146669447,5.965627529,26.732512017));
#1037=CARTESIAN_POINT('',(-5.14561296,5.969908368,26.840689633));
#1038=CARTESIAN_POINT('',(-5.144556473,5.974189206,26.948867249));
#1039=CARTESIAN_POINT('',(-5.144239461,5.975460985,27.057389297));
#1040=CARTESIAN_POINT('',(-5.144096529,5.976037187,27.165794214));
#1041=CARTESIAN_POINT('',(-5.143810665,5.977189592,27.382604049));
#1042=CARTESIAN_POINT('',(-5.144002444,5.976416412,27.59942049));
#1043=CARTESIAN_POINT('',(-5.143994858,5.976446985,27.816234174));
#1044=CARTESIAN_POINT('',(-5.143987271,5.976477557,28.033047858));
#1045=CARTESIAN_POINT('',(-5.143903231,5.976844857,28.249889102));
#1046=CARTESIAN_POINT('',(-5.14597689,5.968432835,28.466499391));
#1047=CARTESIAN_POINT('',(-5.148050549,5.960020813,28.683109681));
#1048=CARTESIAN_POINT('',(-5.152394984,5.942913408,28.899551496));
#1049=CARTESIAN_POINT('',(-5.162534127,5.899267021,29.110500225));
#1050=CARTESIAN_POINT('',(-5.167603699,5.877443827,29.215974589));
#1051=CARTESIAN_POINT('',(-5.174188095,5.848654449,29.320913742));
#1052=CARTESIAN_POINT('',(-5.182637963,5.809172552,29.422090306));
#1053=CARTESIAN_POINT('',(-5.19108783,5.769690655,29.523266871));
#1054=CARTESIAN_POINT('',(-5.201472209,5.719323468,29.620919676));
#1055=CARTESIAN_POINT('',(-5.213336184,5.654529115,29.706905743));
#1056=CARTESIAN_POINT('',(-5.225200159,5.589734763,29.79289181));
#1057=CARTESIAN_POINT('',(-5.238835886,5.508744238,29.868718797));
#1058=CARTESIAN_POINT('',(-5.251915071,5.412311791,29.91774513));
#1059=CARTESIAN_POINT('',(-5.258454663,5.364095568,29.942258297));
#1060=CARTESIAN_POINT('',(-5.264814123,5.312027479,29.959843309));
#1061=CARTESIAN_POINT('',(-5.270440726,5.258976342,29.968710198));
#1062=CARTESIAN_POINT('',(-5.27606733,5.205925206,29.977577088));
#1063=CARTESIAN_POINT('',(-5.281159555,5.149702516,29.977791647));
#1064=CARTESIAN_POINT('',(-5.285170335,5.096200114,29.969629379));
#1065=B_SPLINE_CURVE_WITH_KNOTS('',3,(#1010,#1011,#1012,#1013,#1014,#1015,#1016,#1017,#1018,#1019,#1020,#1021,#1022,#1023,#1024,#1025,#1026,#1027,#1028,#1029,#1030,#1031,#1032,#1033,#1034,#1035,
#1036,#1037,#1038,#1039,#1040,#1041,#1042,#1043,#1044,#1045,#1046,#1047,#1048,#1049,#1050,#1051,#1052,#1053,#1054,#1055,#1056,#1057,#1058,#1059,#1060,
#1061,#1062,#1063,#1064),.UNSPECIFIED.,.F.,.F.,(4,3,3,3,3,3,3,3,3,3,3,3,3,3,3,3,3,3,4),(0.,0.000162612,0.000325225,0.000487837,0.00065045,0.000813062,0.000975675,0.001138287,0.0013009,0.001626125,0.00195135,0.0026018,0.003252249,0.003902699,0.004227924,0.004553149,0.004878374,0.005040987,0.005203599),.UNSPECIFIED.);
#1066=EDGE_CURVE('NONE',#999,#1009,#1065,.T.);
#1067=ORIENTED_EDGE('',*,*,#1066,.T.);
#1068=CARTESIAN_POINT('',(-7.855773711,5.096200114,57.884166431));
#1069=VERTEX_POINT('',#1068);
#1070=CARTESIAN_POINT('',(-5.285170335,5.096200114,29.969629379));
#1071=CARTESIAN_POINT('',(-5.122185498,5.096200114,30.301316936));
#1072=CARTESIAN_POINT('',(-4.63915244,5.096200114,31.264562027));
#1073=CARTESIAN_POINT('',(-4.066976827,5.096200114,33.154563965));
#1074=CARTESIAN_POINT('',(-3.928315287,5.096200114,35.695276587));
#1075=CARTESIAN_POINT('',(-4.385594262,5.096200114,38.572286693));
#1076=CARTESIAN_POINT('',(-5.22362185,5.096200114,41.243832963));
#1077=CARTESIAN_POINT('',(-6.209446418,5.096200114,43.672860873));
#1078=CARTESIAN_POINT('',(-7.537422578,5.096200114,46.560017575));
#1079=CARTESIAN_POINT('',(-8.816604375,5.096200114,49.390861988));
#1080=CARTESIAN_POINT('',(-9.511323818,5.096200114,52.123530465));
#1081=CARTESIAN_POINT('',(-9.596929938,5.096200114,53.895174244));
#1082=CARTESIAN_POINT('',(-9.310200166,5.096200114,55.403036374));
#1083=CARTESIAN_POINT('',(-8.776981227,5.096200114,56.663828591));
#1084=CARTESIAN_POINT('',(-8.203553432,5.096200114,57.481491127));
#1085=CARTESIAN_POINT('',(-7.855773711,5.096200114,57.884166431));
#1086=B_SPLINE_CURVE_WITH_KNOTS('',3,(#1070,#1071,#1072,#1073,#1074,#1075,#1076,#1077,#1078,#1079,#1080,#1081,#1082,#1083,#1084,#1085),.UNSPECIFIED.,.F.,.F.,(4,1,1,1,1,1,1,1,1,1,1,1,1,4),(0.156949955,0.189122061,0.25,0.333333333,0.416666667,0.5,0.562219381,0.625,0.75,0.8125,0.875,0.916666667,0.958333333,1.),.UNSPECIFIED.);
#1087=EDGE_CURVE('NONE',#1009,#1069,#1086,.T.);
#1088=ORIENTED_EDGE('',*,*,#1087,.T.);
#1089=CARTESIAN_POINT('',(-6.095277057,5.096200114,57.884166431));
#1090=VERTEX_POINT('',#1089);
#1091=CARTESIAN_POINT('',(-6.095277057,5.096200114,57.884166431));
#1092=CARTESIAN_POINT('',(-6.095277057,5.97644844,57.884166431));
#1093=CARTESIAN_POINT('',(-6.975525384,5.97644844,57.884166431));
#1094=CARTESIAN_POINT('',(-7.855773711,5.97644844,57.884166431));
#1095=CARTESIAN_POINT('',(-7.855773711,5.096200114,57.884166431));
#1096=(BOUNDED_CURVE()
B_SPLINE_CURVE(2,(#1091,#1092,#1093,#1094,#1095),.UNSPECIFIED.,.F.,.F.)
B_SPLINE_CURVE_WITH_KNOTS((3,2,3),(0.,90.,180.),.UNSPECIFIED.)
CURVE()
GEOMETRIC_REPRESENTATION_ITEM()
RATIONAL_B_SPLINE_CURVE((1.,0.707106781,1.,0.707106781,1.))
REPRESENTATION_ITEM(''));
#1097=EDGE_CURVE('NONE',#1090,#1069,#1096,.T.);
#1098=ORIENTED_EDGE('',*,*,#1097,.F.);
#1099=CARTESIAN_POINT('',(-2.64074498,5.096200114,24.9));
#1100=CARTESIAN_POINT('',(-2.830167141,5.096200114,25.048585226));
#1101=CARTESIAN_POINT('',(-3.169967168,5.096200114,25.34220659));
#1102=CARTESIAN_POINT('',(-3.571572869,5.096200114,25.772937094));
#1103=CARTESIAN_POINT('',(-3.874122782,5.096200114,26.194911784));
#1104=CARTESIAN_POINT('',(-4.086655458,5.096200114,26.609076388));
#1105=CARTESIAN_POINT('',(-4.247443669,5.096200114,27.106887798));
#1106=CARTESIAN_POINT('',(-4.298914729,5.096200114,27.683811528));
#1107=CARTESIAN_POINT('',(-4.200315851,5.096200114,28.337430479));
#1108=CARTESIAN_POINT('',(-3.83683882,5.096200114,29.430752817));
#1109=CARTESIAN_POINT('',(-2.982299256,5.096200114,30.922208467));
#1110=CARTESIAN_POINT('',(-2.306480174,5.096200114,33.154563965));
#1111=CARTESIAN_POINT('',(-2.167818634,5.096200114,35.695276587));
#1112=CARTESIAN_POINT('',(-2.625097608,5.096200114,38.572286693));
#1113=CARTESIAN_POINT('',(-3.463125197,5.096200114,41.243832963));
#1114=CARTESIAN_POINT('',(-4.448949765,5.096200114,43.672860873));
#1115=CARTESIAN_POINT('',(-5.776925925,5.096200114,46.560017575));
#1116=CARTESIAN_POINT('',(-7.056107722,5.096200114,49.390861988));
#1117=CARTESIAN_POINT('',(-7.750827164,5.096200114,52.123530465));
#1118=CARTESIAN_POINT('',(-7.836433284,5.096200114,53.895174244));
#1119=CARTESIAN_POINT('',(-7.549703512,5.096200114,55.403036374));
#1120=CARTESIAN_POINT('',(-7.016484573,5.096200114,56.663828591));
#1121=CARTESIAN_POINT('',(-6.443056779,5.096200114,57.481491127));
#1122=CARTESIAN_POINT('',(-6.095277057,5.096200114,57.884166431));
#1123=B_SPLINE_CURVE_WITH_KNOTS('',3,(#1099,#1100,#1101,#1102,#1103,#1104,#1105,#1106,#1107,#1108,#1109,#1110,#1111,#1112,#1113,#1114,#1115,#1116,#1117,#1118,#1119,#1120,#1121,#1122),.UNSPECIFIED.,.F.,.F.,(4,1,1,1,1,1,1,1,1,1,1,1,1,1,1,1,1,1,1,1,1,4),(0.,0.0125,0.025,0.0375,0.05,0.0625,0.083333333,0.104166667,0.125,0.189122061,0.25,0.333333333,0.416666667,0.5,0.562219381,0.625,0.75,0.8125,0.875,0.916666667,0.958333333,1.),.UNSPECIFIED.);
#1124=EDGE_CURVE('NONE',#987,#1090,#1123,.T.);
#1125=ORIENTED_EDGE('',*,*,#1124,.F.);
#1126=EDGE_LOOP('',(#997,#1007,#1067,#1088,#1098,#1125));
#1127=FACE_BOUND('',#1126,.T.);
#1128=ADVANCED_FACE('NONE',(#1127),#985,.T.);
#1129=COLOUR_RGB('',0.188235298,0.180392161,0.180392161);
#1130=FILL_AREA_STYLE_COLOUR('',#1129);
#1131=FILL_AREA_STYLE('',(#1130));
#1132=SURFACE_STYLE_FILL_AREA(#1131);
#1133=SURFACE_SIDE_STYLE('',(#1132));
#1134=SURFACE_STYLE_USAGE(.BOTH.,#1133);
#1135=PRESENTATION_STYLE_ASSIGNMENT((#1134));
#1136=OVER_RIDING_STYLED_ITEM('',(#1135),#1128,#854);
#1137=CARTESIAN_POINT('',(-2.5,7.9,-10.45));
#1138=DIRECTION('',(0.,1.,0.));
#1139=DIRECTION('',(0.,-0.,1.));
#1140=AXIS2_PLACEMENT_3D('',#1137,#1138,#1139);
#1141=CYLINDRICAL_SURFACE('',#1140,1.15);
#1142=CARTESIAN_POINT('',(-2.5,13.5,-9.3));
#1143=VERTEX_POINT('',#1142);
#1144=CARTESIAN_POINT('',(-2.5,11.8,-9.3));
#1145=VERTEX_POINT('',#1144);
#1146=CARTESIAN_POINT('',(-2.5,13.5,-9.3));
#1147=DIRECTION('',(-0.,-1.,-0.));
#1148=VECTOR('',#1147,1.7);
#1149=LINE('',#1146,#1148);
#1150=EDGE_CURVE('',#1143,#1145,#1149,.T.);
#1151=ORIENTED_EDGE('',*,*,#1150,.F.);
#1152=CARTESIAN_POINT('',(-2.5,13.5,-10.45));
#1153=DIRECTION('',(0.,1.,0.));
#1154=DIRECTION('',(0.,-0.,1.));
#1155=AXIS2_PLACEMENT_3D('',#1152,#1153,#1154);
#1156=CIRCLE('',#1155,1.15);
#1157=EDGE_CURVE('NONE',#1143,#1143,#1156,.T.);
#1158=ORIENTED_EDGE('',*,*,#1157,.T.);
#1159=ORIENTED_EDGE('',*,*,#1150,.T.);
#1160=CARTESIAN_POINT('',(-2.5,11.8,-11.6));
#1161=VERTEX_POINT('',#1160);
#1162=CARTESIAN_POINT('',(-2.5,11.8,-10.45));
#1163=DIRECTION('',(-0.,-1.,-0.));
#1164=DIRECTION('',(0.,-0.,1.));
#1165=AXIS2_PLACEMENT_3D('',#1162,#1163,#1164);
#1166=CIRCLE('',#1165,1.15);
#1167=EDGE_CURVE('NONE',#1145,#1161,#1166,.T.);
#1168=ORIENTED_EDGE('',*,*,#1167,.T.);
#1169=CARTESIAN_POINT('',(-2.5,11.8,-10.45));
#1170=DIRECTION('',(-0.,-1.,-0.));
#1171=DIRECTION('',(0.,-0.,1.));
#1172=AXIS2_PLACEMENT_3D('',#1169,#1170,#1171);
#1173=CIRCLE('',#1172,1.15);
#1174=EDGE_CURVE('NONE',#1161,#1145,#1173,.T.);
#1175=ORIENTED_EDGE('',*,*,#1174,.T.);
#1176=EDGE_LOOP('',(#1151,#1158,#1159,#1168,#1175));
#1177=FACE_BOUND('',#1176,.T.);
#1178=ADVANCED_FACE('NONE',(#1177),#1141,.F.);
#1179=CARTESIAN_POINT('',(2.5,7.9,-10.45));
#1180=DIRECTION('',(0.,1.,0.));
#1181=DIRECTION('',(0.,-0.,1.));
#1182=AXIS2_PLACEMENT_3D('',#1179,#1180,#1181);
#1183=CYLINDRICAL_SURFACE('',#1182,1.15);
#1184=CARTESIAN_POINT('',(2.5,13.5,-9.3));
#1185=VERTEX_POINT('',#1184);
#1186=CARTESIAN_POINT('',(2.5,11.8,-9.3));
#1187=VERTEX_POINT('',#1186);
#1188=CARTESIAN_POINT('',(2.5,13.5,-9.3));
#1189=DIRECTION('',(-0.,-1.,-0.));
#1190=VECTOR('',#1189,1.7);
#1191=LINE('',#1188,#1190);
#1192=EDGE_CURVE('',#1185,#1187,#1191,.T.);
#1193=ORIENTED_EDGE('',*,*,#1192,.F.);
#1194=CARTESIAN_POINT('',(2.5,13.5,-10.45));
#1195=DIRECTION('',(0.,1.,0.));
#1196=DIRECTION('',(0.,-0.,1.));
#1197=AXIS2_PLACEMENT_3D('',#1194,#1195,#1196);
#1198=CIRCLE('',#1197,1.15);
#1199=EDGE_CURVE('NONE',#1185,#1185,#1198,.T.);
#1200=ORIENTED_EDGE('',*,*,#1199,.T.);
#1201=ORIENTED_EDGE('',*,*,#1192,.T.);
#1202=CARTESIAN_POINT('',(2.5,11.8,-11.6));
#1203=VERTEX_POINT('',#1202);
#1204=CARTESIAN_POINT('',(2.5,11.8,-10.45));
#1205=DIRECTION('',(-0.,-1.,-0.));
#1206=DIRECTION('',(0.,-0.,1.));
#1207=AXIS2_PLACEMENT_3D('',#1204,#1205,#1206);
#1208=CIRCLE('',#1207,1.15);
#1209=EDGE_CURVE('NONE',#1187,#1203,#1208,.T.);
#1210=ORIENTED_EDGE('',*,*,#1209,.T.);
#1211=CARTESIAN_POINT('',(2.5,11.8,-10.45));
#1212=DIRECTION('',(-0.,-1.,-0.));
#1213=DIRECTION('',(0.,-0.,1.));
#1214=AXIS2_PLACEMENT_3D('',#1211,#1212,#1213);
#1215=CIRCLE('',#1214,1.15);
#1216=EDGE_CURVE('NONE',#1203,#1187,#1215,.T.);
#1217=ORIENTED_EDGE('',*,*,#1216,.T.);
#1218=EDGE_LOOP('',(#1193,#1200,#1201,#1210,#1217));
#1219=FACE_BOUND('',#1218,.T.);
#1220=ADVANCED_FACE('NONE',(#1219),#1183,.F.);
#1221=CARTESIAN_POINT('',(-2.5,7.9,-5.45));
#1222=DIRECTION('',(0.,1.,0.));
#1223=DIRECTION('',(0.,-0.,1.));
#1224=AXIS2_PLACEMENT_3D('',#1221,#1222,#1223);
#1225=CYLINDRICAL_SURFACE('',#1224,1.15);
#1226=CARTESIAN_POINT('',(-2.5,13.5,-4.3));
#1227=VERTEX_POINT('',#1226);
#1228=CARTESIAN_POINT('',(-2.5,11.8,-4.3));
#1229=VERTEX_POINT('',#1228);
#1230=CARTESIAN_POINT('',(-2.5,13.5,-4.3));
#1231=DIRECTION('',(-0.,-1.,-0.));
#1232=VECTOR('',#1231,1.7);
#1233=LINE('',#1230,#1232);
#1234=EDGE_CURVE('',#1227,#1229,#1233,.T.);
#1235=ORIENTED_EDGE('',*,*,#1234,.F.);
#1236=CARTESIAN_POINT('',(-2.5,13.5,-5.45));
#1237=DIRECTION('',(0.,1.,0.));
#1238=DIRECTION('',(0.,-0.,1.));
#1239=AXIS2_PLACEMENT_3D('',#1236,#1237,#1238);
#1240=CIRCLE('',#1239,1.15);
#1241=EDGE_CURVE('NONE',#1227,#1227,#1240,.T.);
#1242=ORIENTED_EDGE('',*,*,#1241,.T.);
#1243=ORIENTED_EDGE('',*,*,#1234,.T.);
#1244=CARTESIAN_POINT('',(-2.5,11.8,-5.45));
#1245=DIRECTION('',(-0.,-1.,-0.));
#1246=DIRECTION('',(0.,-0.,1.));
#1247=AXIS2_PLACEMENT_3D('',#1244,#1245,#1246);
#1248=CIRCLE('',#1247,1.15);
#1249=EDGE_CURVE('NONE',#1229,#1229,#1248,.T.);
#1250=ORIENTED_EDGE('',*,*,#1249,.T.);
#1251=EDGE_LOOP('',(#1235,#1242,#1243,#1250));
#1252=FACE_BOUND('',#1251,.T.);
#1253=ADVANCED_FACE('NONE',(#1252),#1225,.F.);
#1254=CARTESIAN_POINT('',(2.5,7.9,-5.45));
#1255=DIRECTION('',(0.,1.,0.));
#1256=DIRECTION('',(0.,-0.,1.));
#1257=AXIS2_PLACEMENT_3D('',#1254,#1255,#1256);
#1258=CYLINDRICAL_SURFACE('',#1257,1.15);
#1259=CARTESIAN_POINT('',(2.5,13.5,-4.3));
#1260=VERTEX_POINT('',#1259);
#1261=CARTESIAN_POINT('',(2.5,11.8,-4.3));
#1262=VERTEX_POINT('',#1261);
#1263=CARTESIAN_POINT('',(2.5,13.5,-4.3));
#1264=DIRECTION('',(-0.,-1.,-0.));
#1265=VECTOR('',#1264,1.7);
#1266=LINE('',#1263,#1265);
#1267=EDGE_CURVE('',#1260,#1262,#1266,.T.);
#1268=ORIENTED_EDGE('',*,*,#1267,.F.);
#1269=CARTESIAN_POINT('',(2.5,13.5,-5.45));
#1270=DIRECTION('',(0.,1.,0.));
#1271=DIRECTION('',(0.,-0.,1.));
#1272=AXIS2_PLACEMENT_3D('',#1269,#1270,#1271);
#1273=CIRCLE('',#1272,1.15);
#1274=EDGE_CURVE('NONE',#1260,#1260,#1273,.T.);
#1275=ORIENTED_EDGE('',*,*,#1274,.T.);
#1276=ORIENTED_EDGE('',*,*,#1267,.T.);
#1277=CARTESIAN_POINT('',(2.5,11.8,-5.45));
#1278=DIRECTION('',(-0.,-1.,-0.));
#1279=DIRECTION('',(0.,-0.,1.));
#1280=AXIS2_PLACEMENT_3D('',#1277,#1278,#1279);
#1281=CIRCLE('',#1280,1.15);
#1282=EDGE_CURVE('NONE',#1262,#1262,#1281,.T.);
#1283=ORIENTED_EDGE('',*,*,#1282,.T.);
#1284=EDGE_LOOP('',(#1268,#1275,#1276,#1283));
#1285=FACE_BOUND('',#1284,.T.);
#1286=ADVANCED_FACE('NONE',(#1285),#1258,.F.);
#1287=CARTESIAN_POINT('',(-2.5,7.9,-0.45));
#1288=DIRECTION('',(0.,1.,0.));
#1289=DIRECTION('',(0.,-0.,1.));
#1290=AXIS2_PLACEMENT_3D('',#1287,#1288,#1289);
#1291=CYLINDRICAL_SURFACE('',#1290,1.15);
#1292=CARTESIAN_POINT('',(-2.5,13.5,0.7));
#1293=VERTEX_POINT('',#1292);
#1294=CARTESIAN_POINT('',(-2.5,11.8,0.7));
#1295=VERTEX_POINT('',#1294);
#1296=CARTESIAN_POINT('',(-2.5,13.5,0.7));
#1297=DIRECTION('',(-0.,-1.,-0.));
#1298=VECTOR('',#1297,1.7);
#1299=LINE('',#1296,#1298);
#1300=EDGE_CURVE('',#1293,#1295,#1299,.T.);
#1301=ORIENTED_EDGE('',*,*,#1300,.F.);
#1302=CARTESIAN_POINT('',(-2.5,13.5,-0.45));
#1303=DIRECTION('',(0.,1.,0.));
#1304=DIRECTION('',(0.,-0.,1.));
#1305=AXIS2_PLACEMENT_3D('',#1302,#1303,#1304);
#1306=CIRCLE('',#1305,1.15);
#1307=EDGE_CURVE('NONE',#1293,#1293,#1306,.T.);
#1308=ORIENTED_EDGE('',*,*,#1307,.T.);
#1309=ORIENTED_EDGE('',*,*,#1300,.T.);
#1310=CARTESIAN_POINT('',(-2.5,11.8,-0.45));
#1311=DIRECTION('',(-0.,-1.,-0.));
#1312=DIRECTION('',(0.,-0.,1.));
#1313=AXIS2_PLACEMENT_3D('',#1310,#1311,#1312);
#1314=CIRCLE('',#1313,1.15);
#1315=EDGE_CURVE('NONE',#1295,#1295,#1314,.T.);
#1316=ORIENTED_EDGE('',*,*,#1315,.T.);
#1317=EDGE_LOOP('',(#1301,#1308,#1309,#1316));
#1318=FACE_BOUND('',#1317,.T.);
#1319=ADVANCED_FACE('NONE',(#1318),#1291,.F.);
#1320=CARTESIAN_POINT('',(2.5,7.9,-0.45));
#1321=DIRECTION('',(0.,1.,0.));
#1322=DIRECTION('',(0.,-0.,1.));
#1323=AXIS2_PLACEMENT_3D('',#1320,#1321,#1322);
#1324=CYLINDRICAL_SURFACE('',#1323,1.15);
#1325=CARTESIAN_POINT('',(2.5,13.5,0.7));
#1326=VERTEX_POINT('',#1325);
#1327=CARTESIAN_POINT('',(2.5,11.8,0.7));
#1328=VERTEX_POINT('',#1327);
#1329=CARTESIAN_POINT('',(2.5,13.5,0.7));
#1330=DIRECTION('',(-0.,-1.,-0.));
#1331=VECTOR('',#1330,1.7);
#1332=LINE('',#1329,#1331);
#1333=EDGE_CURVE('',#1326,#1328,#1332,.T.);
#1334=ORIENTED_EDGE('',*,*,#1333,.F.);
#1335=CARTESIAN_POINT('',(2.5,13.5,-0.45));
#1336=DIRECTION('',(0.,1.,0.));
#1337=DIRECTION('',(0.,-0.,1.));
#1338=AXIS2_PLACEMENT_3D('',#1335,#1336,#1337);
#1339=CIRCLE('',#1338,1.15);
#1340=EDGE_CURVE('NONE',#1326,#1326,#1339,.T.);
#1341=ORIENTED_EDGE('',*,*,#1340,.T.);
#1342=ORIENTED_EDGE('',*,*,#1333,.T.);
#1343=CARTESIAN_POINT('',(2.5,11.8,-0.45));
#1344=DIRECTION('',(-0.,-1.,-0.));
#1345=DIRECTION('',(0.,-0.,1.));
#1346=AXIS2_PLACEMENT_3D('',#1343,#1344,#1345);
#1347=CIRCLE('',#1346,1.15);
#1348=EDGE_CURVE('NONE',#1328,#1328,#1347,.T.);
#1349=ORIENTED_EDGE('',*,*,#1348,.T.);
#1350=EDGE_LOOP('',(#1334,#1341,#1342,#1349));
#1351=FACE_BOUND('',#1350,.T.);
#1352=ADVANCED_FACE('NONE',(#1351),#1324,.F.);
#1353=CARTESIAN_POINT('',(-2.5,7.9,4.55));
#1354=DIRECTION('',(0.,1.,0.));
#1355=DIRECTION('',(0.,-0.,1.));
#1356=AXIS2_PLACEMENT_3D('',#1353,#1354,#1355);
#1357=CYLINDRICAL_SURFACE('',#1356,1.15);
#1358=CARTESIAN_POINT('',(-2.5,13.5,5.7));
#1359=VERTEX_POINT('',#1358);
#1360=CARTESIAN_POINT('',(-2.5,11.8,5.7));
#1361=VERTEX_POINT('',#1360);
#1362=CARTESIAN_POINT('',(-2.5,13.5,5.7));
#1363=DIRECTION('',(-0.,-1.,-0.));
#1364=VECTOR('',#1363,1.7);
#1365=LINE('',#1362,#1364);
#1366=EDGE_CURVE('',#1359,#1361,#1365,.T.);
#1367=ORIENTED_EDGE('',*,*,#1366,.F.);
#1368=CARTESIAN_POINT('',(-2.5,13.5,4.55));
#1369=DIRECTION('',(0.,1.,0.));
#1370=DIRECTION('',(0.,-0.,1.));
#1371=AXIS2_PLACEMENT_3D('',#1368,#1369,#1370);
#1372=CIRCLE('',#1371,1.15);
#1373=EDGE_CURVE('NONE',#1359,#1359,#1372,.T.);
#1374=ORIENTED_EDGE('',*,*,#1373,.T.);
#1375=ORIENTED_EDGE('',*,*,#1366,.T.);
#1376=CARTESIAN_POINT('',(-2.5,11.8,4.55));
#1377=DIRECTION('',(-0.,-1.,-0.));
#1378=DIRECTION('',(0.,-0.,1.));
#1379=AXIS2_PLACEMENT_3D('',#1376,#1377,#1378);
#1380=CIRCLE('',#1379,1.15);
#1381=EDGE_CURVE('NONE',#1361,#1361,#1380,.T.);
#1382=ORIENTED_EDGE('',*,*,#1381,.T.);
#1383=EDGE_LOOP('',(#1367,#1374,#1375,#1382));
#1384=FACE_BOUND('',#1383,.T.);
#1385=ADVANCED_FACE('NONE',(#1384),#1357,.F.);
#1386=CARTESIAN_POINT('',(2.5,7.9,4.55));
#1387=DIRECTION('',(0.,1.,0.));
#1388=DIRECTION('',(0.,-0.,1.));
#1389=AXIS2_PLACEMENT_3D('',#1386,#1387,#1388);
#1390=CYLINDRICAL_SURFACE('',#1389,1.15);
#1391=CARTESIAN_POINT('',(2.5,13.5,5.7));
#1392=VERTEX_POINT('',#1391);
#1393=CARTESIAN_POINT('',(2.5,11.8,5.7));
#1394=VERTEX_POINT('',#1393);
#1395=CARTESIAN_POINT('',(2.5,13.5,5.7));
#1396=DIRECTION('',(-0.,-1.,-0.));
#1397=VECTOR('',#1396,1.7);
#1398=LINE('',#1395,#1397);
#1399=EDGE_CURVE('',#1392,#1394,#1398,.T.);
#1400=ORIENTED_EDGE('',*,*,#1399,.F.);
#1401=CARTESIAN_POINT('',(2.5,13.5,4.55));
#1402=DIRECTION('',(0.,1.,0.));
#1403=DIRECTION('',(0.,-0.,1.));
#1404=AXIS2_PLACEMENT_3D('',#1401,#1402,#1403);
#1405=CIRCLE('',#1404,1.15);
#1406=EDGE_CURVE('NONE',#1392,#1392,#1405,.T.);
#1407=ORIENTED_EDGE('',*,*,#1406,.T.);
#1408=ORIENTED_EDGE('',*,*,#1399,.T.);
#1409=CARTESIAN_POINT('',(2.5,11.8,4.55));
#1410=DIRECTION('',(-0.,-1.,-0.));
#1411=DIRECTION('',(0.,-0.,1.));
#1412=AXIS2_PLACEMENT_3D('',#1409,#1410,#1411);
#1413=CIRCLE('',#1412,1.15);
#1414=EDGE_CURVE('NONE',#1394,#1394,#1413,.T.);
#1415=ORIENTED_EDGE('',*,*,#1414,.T.);
#1416=EDGE_LOOP('',(#1400,#1407,#1408,#1415));
#1417=FACE_BOUND('',#1416,.T.);
#1418=ADVANCED_FACE('NONE',(#1417),#1390,.F.);
#1419=CARTESIAN_POINT('',(-2.5,7.9,9.55));
#1420=DIRECTION('',(0.,1.,0.));
#1421=DIRECTION('',(0.,-0.,1.));
#1422=AXIS2_PLACEMENT_3D('',#1419,#1420,#1421);
#1423=CYLINDRICAL_SURFACE('',#1422,1.15);
#1424=CARTESIAN_POINT('',(-2.5,13.5,10.7));
#1425=VERTEX_POINT('',#1424);
#1426=CARTESIAN_POINT('',(-2.5,11.8,10.7));
#1427=VERTEX_POINT('',#1426);
#1428=CARTESIAN_POINT('',(-2.5,13.5,10.7));
#1429=DIRECTION('',(-0.,-1.,-0.));
#1430=VECTOR('',#1429,1.7);
#1431=LINE('',#1428,#1430);
#1432=EDGE_CURVE('',#1425,#1427,#1431,.T.);
#1433=ORIENTED_EDGE('',*,*,#1432,.F.);
#1434=CARTESIAN_POINT('',(-2.5,13.5,9.55));
#1435=DIRECTION('',(0.,1.,0.));
#1436=DIRECTION('',(0.,-0.,1.));
#1437=AXIS2_PLACEMENT_3D('',#1434,#1435,#1436);
#1438=CIRCLE('',#1437,1.15);
#1439=EDGE_CURVE('NONE',#1425,#1425,#1438,.T.);
#1440=ORIENTED_EDGE('',*,*,#1439,.T.);
#1441=ORIENTED_EDGE('',*,*,#1432,.T.);
#1442=CARTESIAN_POINT('',(-2.5,11.8,9.55));
#1443=DIRECTION('',(-0.,-1.,-0.));
#1444=DIRECTION('',(0.,-0.,1.));
#1445=AXIS2_PLACEMENT_3D('',#1442,#1443,#1444);
#1446=CIRCLE('',#1445,1.15);
#1447=EDGE_CURVE('NONE',#1427,#1427,#1446,.T.);
#1448=ORIENTED_EDGE('',*,*,#1447,.T.);
#1449=EDGE_LOOP('',(#1433,#1440,#1441,#1448));
#1450=FACE_BOUND('',#1449,.T.);
#1451=ADVANCED_FACE('NONE',(#1450),#1423,.F.);
#1452=CARTESIAN_POINT('',(2.5,7.9,9.55));
#1453=DIRECTION('',(0.,1.,0.));
#1454=DIRECTION('',(0.,-0.,1.));
#1455=AXIS2_PLACEMENT_3D('',#1452,#1453,#1454);
#1456=CYLINDRICAL_SURFACE('',#1455,1.15);
#1457=CARTESIAN_POINT('',(2.5,13.5,10.7));
#1458=VERTEX_POINT('',#1457);
#1459=CARTESIAN_POINT('',(2.5,11.8,10.7));
#1460=VERTEX_POINT('',#1459);
#1461=CARTESIAN_POINT('',(2.5,13.5,10.7));
#1462=DIRECTION('',(-0.,-1.,-0.));
#1463=VECTOR('',#1462,1.7);
#1464=LINE('',#1461,#1463);
#1465=EDGE_CURVE('',#1458,#1460,#1464,.T.);
#1466=ORIENTED_EDGE('',*,*,#1465,.F.);
#1467=CARTESIAN_POINT('',(2.5,13.5,9.55));
#1468=DIRECTION('',(0.,1.,0.));
#1469=DIRECTION('',(0.,-0.,1.));
#1470=AXIS2_PLACEMENT_3D('',#1467,#1468,#1469);
#1471=CIRCLE('',#1470,1.15);
#1472=EDGE_CURVE('NONE',#1458,#1458,#1471,.T.);
#1473=ORIENTED_EDGE('',*,*,#1472,.T.);
#1474=ORIENTED_EDGE('',*,*,#1465,.T.);
#1475=CARTESIAN_POINT('',(2.5,11.8,9.55));
#1476=DIRECTION('',(-0.,-1.,-0.));
#1477=DIRECTION('',(0.,-0.,1.));
#1478=AXIS2_PLACEMENT_3D('',#1475,#1476,#1477);
#1479=CIRCLE('',#1478,1.15);
#1480=EDGE_CURVE('NONE',#1460,#1460,#1479,.T.);
#1481=ORIENTED_EDGE('',*,*,#1480,.T.);
#1482=EDGE_LOOP('',(#1466,#1473,#1474,#1481));
#1483=FACE_BOUND('',#1482,.T.);
#1484=ADVANCED_FACE('NONE',(#1483),#1456,.F.);
#1485=CARTESIAN_POINT('',(-2.5,7.9,14.55));
#1486=DIRECTION('',(0.,1.,0.));
#1487=DIRECTION('',(0.,-0.,1.));
#1488=AXIS2_PLACEMENT_3D('',#1485,#1486,#1487);
#1489=CYLINDRICAL_SURFACE('',#1488,1.15);
#1490=CARTESIAN_POINT('',(-2.5,13.5,15.7));
#1491=VERTEX_POINT('',#1490);
#1492=CARTESIAN_POINT('',(-2.5,11.8,15.7));
#1493=VERTEX_POINT('',#1492);
#1494=CARTESIAN_POINT('',(-2.5,13.5,15.7));
#1495=DIRECTION('',(-0.,-1.,-0.));
#1496=VECTOR('',#1495,1.7);
#1497=LINE('',#1494,#1496);
#1498=EDGE_CURVE('',#1491,#1493,#1497,.T.);
#1499=ORIENTED_EDGE('',*,*,#1498,.F.);
#1500=CARTESIAN_POINT('',(-2.5,13.5,14.55));
#1501=DIRECTION('',(0.,1.,0.));
#1502=DIRECTION('',(0.,-0.,1.));
#1503=AXIS2_PLACEMENT_3D('',#1500,#1501,#1502);
#1504=CIRCLE('',#1503,1.15);
#1505=EDGE_CURVE('NONE',#1491,#1491,#1504,.T.);
#1506=ORIENTED_EDGE('',*,*,#1505,.T.);
#1507=ORIENTED_EDGE('',*,*,#1498,.T.);
#1508=CARTESIAN_POINT('',(-2.5,11.8,14.55));
#1509=DIRECTION('',(-0.,-1.,-0.));
#1510=DIRECTION('',(0.,-0.,1.));
#1511=AXIS2_PLACEMENT_3D('',#1508,#1509,#1510);
#1512=CIRCLE('',#1511,1.15);
#1513=EDGE_CURVE('NONE',#1493,#1493,#1512,.T.);
#1514=ORIENTED_EDGE('',*,*,#1513,.T.);
#1515=EDGE_LOOP('',(#1499,#1506,#1507,#1514));
#1516=FACE_BOUND('',#1515,.T.);
#1517=ADVANCED_FACE('NONE',(#1516),#1489,.F.);
#1518=CARTESIAN_POINT('',(2.5,7.9,14.55));
#1519=DIRECTION('',(0.,1.,0.));
#1520=DIRECTION('',(0.,-0.,1.));
#1521=AXIS2_PLACEMENT_3D('',#1518,#1519,#1520);
#1522=CYLINDRICAL_SURFACE('',#1521,1.15);
#1523=CARTESIAN_POINT('',(2.5,13.5,15.7));
#1524=VERTEX_POINT('',#1523);
#1525=CARTESIAN_POINT('',(2.5,11.8,15.7));
#1526=VERTEX_POINT('',#1525);
#1527=CARTESIAN_POINT('',(2.5,13.5,15.7));
#1528=DIRECTION('',(-0.,-1.,-0.));
#1529=VECTOR('',#1528,1.7);
#1530=LINE('',#1527,#1529);
#1531=EDGE_CURVE('',#1524,#1526,#1530,.T.);
#1532=ORIENTED_EDGE('',*,*,#1531,.F.);
#1533=CARTESIAN_POINT('',(2.5,13.5,14.55));
#1534=DIRECTION('',(0.,1.,0.));
#1535=DIRECTION('',(0.,-0.,1.));
#1536=AXIS2_PLACEMENT_3D('',#1533,#1534,#1535);
#1537=CIRCLE('',#1536,1.15);
#1538=EDGE_CURVE('NONE',#1524,#1524,#1537,.T.);
#1539=ORIENTED_EDGE('',*,*,#1538,.T.);
#1540=ORIENTED_EDGE('',*,*,#1531,.T.);
#1541=CARTESIAN_POINT('',(2.5,11.8,14.55));
#1542=DIRECTION('',(-0.,-1.,-0.));
#1543=DIRECTION('',(0.,-0.,1.));
#1544=AXIS2_PLACEMENT_3D('',#1541,#1542,#1543);
#1545=CIRCLE('',#1544,1.15);
#1546=EDGE_CURVE('NONE',#1526,#1526,#1545,.T.);
#1547=ORIENTED_EDGE('',*,*,#1546,.T.);
#1548=EDGE_LOOP('',(#1532,#1539,#1540,#1547));
#1549=FACE_BOUND('',#1548,.T.);
#1550=ADVANCED_FACE('NONE',(#1549),#1522,.F.);
#1551=CARTESIAN_POINT('',(-0.,1.7,-22.));
#1552=DIRECTION('',(0.,-1.,0.));
#1553=DIRECTION('',(0.,0.,-1.));
#1554=AXIS2_PLACEMENT_3D('',#1551,#1552,#1553);
#1555=CYLINDRICAL_SURFACE('',#1554,1.9);
#1556=CARTESIAN_POINT('',(-0.,-0.,-23.9));
#1557=VERTEX_POINT('',#1556);
#1558=CARTESIAN_POINT('',(-0.,0.,-23.9));
#1559=DIRECTION('',(-0.,1.,-0.));
#1560=VECTOR('',#1559,3.4);
#1561=LINE('',#1558,#1560);
#1562=EDGE_CURVE('',#1557,#863,#1561,.T.);
#1563=ORIENTED_EDGE('',*,*,#1562,.F.);
#1564=CARTESIAN_POINT('',(-0.,0.,-22.));
#1565=DIRECTION('',(-0.,1.,-0.));
#1566=DIRECTION('',(0.,0.,-1.));
#1567=AXIS2_PLACEMENT_3D('',#1564,#1565,#1566);
#1568=CIRCLE('',#1567,1.9);
#1569=EDGE_CURVE('NONE',#1557,#1557,#1568,.T.);
#1570=ORIENTED_EDGE('',*,*,#1569,.F.);
#1571=ORIENTED_EDGE('',*,*,#1562,.T.);
#1572=ORIENTED_EDGE('',*,*,#876,.T.);
#1573=EDGE_LOOP('',(#1563,#1570,#1571,#1572));
#1574=FACE_BOUND('',#1573,.T.);
#1575=ADVANCED_FACE('NONE',(#1574),#1555,.F.);
#1576=CARTESIAN_POINT('',(9.5,9.5,24.9));
#1577=DIRECTION('',(0.,0.,1.));
#1578=DIRECTION('',(1.,0.,0.));
#1579=AXIS2_PLACEMENT_3D('',#1576,#1577,#1578);
#1580=PLANE('',#1579);
#1581=CARTESIAN_POINT('',(5.3,4.7,24.9));
#1582=VERTEX_POINT('',#1581);
#1583=CARTESIAN_POINT('',(5.3,3.4,24.9));
#1584=VERTEX_POINT('',#1583);
#1585=CARTESIAN_POINT('',(5.3,4.7,24.9));
#1586=DIRECTION('',(-0.,-1.,-0.));
#1587=VECTOR('',#1586,1.3);
#1588=LINE('',#1585,#1587);
#1589=EDGE_CURVE('NONE',#1582,#1584,#1588,.T.);
#1590=ORIENTED_EDGE('',*,*,#1589,.F.);
#1591=CARTESIAN_POINT('',(-5.3,4.7,24.9));
#1592=VERTEX_POINT('',#1591);
#1593=CARTESIAN_POINT('',(0.,4.7,24.9));
#1594=DIRECTION('',(0.,0.,-1.));
#1595=DIRECTION('',(-1.,0.,0.));
#1596=AXIS2_PLACEMENT_3D('',#1593,#1594,#1595);
#1597=CIRCLE('',#1596,5.3);
#1598=EDGE_CURVE('NONE',#1592,#1582,#1597,.T.);
#1599=ORIENTED_EDGE('',*,*,#1598,.F.);
#1600=CARTESIAN_POINT('',(-5.3,3.4,24.9));
#1601=VERTEX_POINT('',#1600);
#1602=CARTESIAN_POINT('',(-5.3,3.4,24.9));
#1603=DIRECTION('',(-0.,1.,0.));
#1604=VECTOR('',#1603,1.3);
#1605=LINE('',#1602,#1604);
#1606=EDGE_CURVE('NONE',#1601,#1592,#1605,.T.);
#1607=ORIENTED_EDGE('',*,*,#1606,.F.);
#1608=CARTESIAN_POINT('',(-11.8,3.4,24.9));
#1609=VERTEX_POINT('',#1608);
#1610=CARTESIAN_POINT('',(-11.8,3.4,24.9));
#1611=DIRECTION('',(1.,0.,-0.));
#1612=VECTOR('',#1611,6.5);
#1613=LINE('',#1610,#1612);
#1614=EDGE_CURVE('NONE',#1609,#1601,#1613,.T.);
#1615=ORIENTED_EDGE('',*,*,#1614,.F.);
#1616=CARTESIAN_POINT('',(-11.8,9.5,24.9));
#1617=VERTEX_POINT('',#1616);
#1618=CARTESIAN_POINT('',(-11.8,9.5,24.9));
#1619=DIRECTION('',(-0.,-1.,-0.));
#1620=VECTOR('',#1619,6.1);
#1621=LINE('',#1618,#1620);
#1622=EDGE_CURVE('NONE',#1617,#1609,#1621,.T.);
#1623=ORIENTED_EDGE('',*,*,#1622,.F.);
#1624=CARTESIAN_POINT('',(-9.5,11.8,24.9));
#1625=VERTEX_POINT('',#1624);
#1626=CARTESIAN_POINT('',(-9.5,9.5,24.9));
#1627=DIRECTION('',(0.,0.,1.));
#1628=DIRECTION('',(1.,0.,-0.));
#1629=AXIS2_PLACEMENT_3D('',#1626,#1627,#1628);
#1630=CIRCLE('',#1629,2.3);
#1631=EDGE_CURVE('NONE',#1625,#1617,#1630,.T.);
#1632=ORIENTED_EDGE('',*,*,#1631,.F.);
#1633=CARTESIAN_POINT('',(9.5,11.8,24.9));
#1634=VERTEX_POINT('',#1633);
#1635=CARTESIAN_POINT('',(9.5,11.8,24.9));
#1636=DIRECTION('',(-1.,0.,0.));
#1637=VECTOR('',#1636,19.);
#1638=LINE('',#1635,#1637);
#1639=EDGE_CURVE('NONE',#1634,#1625,#1638,.T.);
#1640=ORIENTED_EDGE('',*,*,#1639,.F.);
#1641=CARTESIAN_POINT('',(11.8,9.5,24.9));
#1642=VERTEX_POINT('',#1641);
#1643=CARTESIAN_POINT('',(9.5,9.5,24.9));
#1644=DIRECTION('',(0.,0.,1.));
#1645=DIRECTION('',(1.,0.,-0.));
#1646=AXIS2_PLACEMENT_3D('',#1643,#1644,#1645);
#1647=CIRCLE('',#1646,2.3);
#1648=EDGE_CURVE('NONE',#1642,#1634,#1647,.T.);
#1649=ORIENTED_EDGE('',*,*,#1648,.F.);
#1650=CARTESIAN_POINT('',(11.8,3.4,24.9));
#1651=VERTEX_POINT('',#1650);
#1652=CARTESIAN_POINT('',(11.8,3.4,24.9));
#1653=DIRECTION('',(-0.,1.,0.));
#1654=VECTOR('',#1653,6.1);
#1655=LINE('',#1652,#1654);
#1656=EDGE_CURVE('NONE',#1651,#1642,#1655,.T.);
#1657=ORIENTED_EDGE('',*,*,#1656,.F.);
#1658=CARTESIAN_POINT('',(5.3,3.4,24.9));
#1659=DIRECTION('',(1.,0.,-0.));
#1660=VECTOR('',#1659,6.5);
#1661=LINE('',#1658,#1660);
#1662=EDGE_CURVE('NONE',#1584,#1651,#1661,.T.);
#1663=ORIENTED_EDGE('',*,*,#1662,.F.);
#1664=EDGE_LOOP('',(#1590,#1599,#1607,#1615,#1623,#1632,#1640,#1649,#1657,#1663));
#1665=FACE_BOUND('',#1664,.T.);
#1666=ADVANCED_FACE('NONE',(#1665),#1580,.F.);
#1667=CARTESIAN_POINT('',(-9.5,0.,-22.6));
#1668=DIRECTION('',(0.,-1.,0.));
#1669=DIRECTION('',(0.,0.,-1.));
#1670=AXIS2_PLACEMENT_3D('',#1667,#1668,#1669);
#1671=PLANE('',#1670);
#1672=CARTESIAN_POINT('',(13.5,0.,26.35));
#1673=VERTEX_POINT('',#1672);
#1674=CARTESIAN_POINT('',(13.5,0.,-22.6));
#1675=VERTEX_POINT('',#1674);
#1676=CARTESIAN_POINT('',(13.5,0.,26.35));
#1677=DIRECTION('',(-0.,-0.,-1.));
#1678=VECTOR('',#1677,48.95);
#1679=LINE('',#1676,#1678);
#1680=EDGE_CURVE('NONE',#1673,#1675,#1679,.T.);
#1681=ORIENTED_EDGE('',*,*,#1680,.F.);
#1682=CARTESIAN_POINT('',(13.25,0.,26.6));
#1683=VERTEX_POINT('',#1682);
#1684=CARTESIAN_POINT('',(13.25,0.,26.35));
#1685=DIRECTION('',(0.,-1.,0.));
#1686=DIRECTION('',(0.,0.,-1.));
#1687=AXIS2_PLACEMENT_3D('',#1684,#1685,#1686);
#1688=CIRCLE('',#1687,0.25);
#1689=EDGE_CURVE('NONE',#1673,#1683,#1688,.T.);
#1690=ORIENTED_EDGE('',*,*,#1689,.T.);
#1691=CARTESIAN_POINT('',(-13.25,0.,26.6));
#1692=VERTEX_POINT('',#1691);
#1693=CARTESIAN_POINT('',(-13.25,0.,26.6));
#1694=DIRECTION('',(1.,-0.,-0.));
#1695=VECTOR('',#1694,26.5);
#1696=LINE('',#1693,#1695);
#1697=EDGE_CURVE('NONE',#1692,#1683,#1696,.T.);
#1698=ORIENTED_EDGE('',*,*,#1697,.F.);
#1699=CARTESIAN_POINT('',(-13.5,0.,26.35));
#1700=VERTEX_POINT('',#1699);
#1701=CARTESIAN_POINT('',(-13.25,0.,26.35));
#1702=DIRECTION('',(0.,-1.,0.));
#1703=DIRECTION('',(0.,0.,-1.));
#1704=AXIS2_PLACEMENT_3D('',#1701,#1702,#1703);
#1705=CIRCLE('',#1704,0.25);
#1706=EDGE_CURVE('NONE',#1692,#1700,#1705,.T.);
#1707=ORIENTED_EDGE('',*,*,#1706,.T.);
#1708=CARTESIAN_POINT('',(-13.5,0.,-22.6));
#1709=VERTEX_POINT('',#1708);
#1710=CARTESIAN_POINT('',(-13.5,0.,-22.6));
#1711=DIRECTION('',(0.,-0.,1.));
#1712=VECTOR('',#1711,48.95);
#1713=LINE('',#1710,#1712);
#1714=EDGE_CURVE('NONE',#1709,#1700,#1713,.T.);
#1715=ORIENTED_EDGE('',*,*,#1714,.F.);
#1716=CARTESIAN_POINT('',(-9.5,0.,-26.6));
#1717=VERTEX_POINT('',#1716);
#1718=CARTESIAN_POINT('',(-9.5,0.,-22.6));
#1719=DIRECTION('',(-0.,1.,-0.));
#1720=DIRECTION('',(0.,0.,-1.));
#1721=AXIS2_PLACEMENT_3D('',#1718,#1719,#1720);
#1722=CIRCLE('',#1721,4.);
#1723=EDGE_CURVE('NONE',#1717,#1709,#1722,.T.);
#1724=ORIENTED_EDGE('',*,*,#1723,.F.);
#1725=CARTESIAN_POINT('',(9.5,0.,-26.6));
#1726=VERTEX_POINT('',#1725);
#1727=CARTESIAN_POINT('',(9.5,0.,-26.6));
#1728=DIRECTION('',(-1.,-0.,0.));
#1729=VECTOR('',#1728,19.);
#1730=LINE('',#1727,#1729);
#1731=EDGE_CURVE('NONE',#1726,#1717,#1730,.T.);
#1732=ORIENTED_EDGE('',*,*,#1731,.F.);
#1733=CARTESIAN_POINT('',(9.5,0.,-22.6));
#1734=DIRECTION('',(-0.,1.,-0.));
#1735=DIRECTION('',(0.,0.,-1.));
#1736=AXIS2_PLACEMENT_3D('',#1733,#1734,#1735);
#1737=CIRCLE('',#1736,4.);
#1738=EDGE_CURVE('NONE',#1675,#1726,#1737,.T.);
#1739=ORIENTED_EDGE('',*,*,#1738,.F.);
#1740=EDGE_LOOP('',(#1681,#1690,#1698,#1707,#1715,#1724,#1732,#1739));
#1741=FACE_BOUND('',#1740,.T.);
#1742=ORIENTED_EDGE('',*,*,#1569,.T.);
#1743=EDGE_LOOP('',(#1742));
#1744=FACE_BOUND('',#1743,.T.);
#1745=ADVANCED_FACE('NONE',(#1741,#1744),#1671,.T.);
#1746=CARTESIAN_POINT('',(13.5,1.7,-22.6));
#1747=DIRECTION('',(-1.,0.,0.));
#1748=DIRECTION('',(0.,0.,1.));
#1749=AXIS2_PLACEMENT_3D('',#1746,#1747,#1748);
#1750=PLANE('',#1749);
#1751=CARTESIAN_POINT('',(13.5,9.5,26.35));
#1752=VERTEX_POINT('',#1751);
#1753=CARTESIAN_POINT('',(13.5,9.5,26.35));
#1754=DIRECTION('',(-0.,-1.,-0.));
#1755=VECTOR('',#1754,9.5);
#1756=LINE('',#1753,#1755);
#1757=EDGE_CURVE('NONE',#1752,#1673,#1756,.T.);
#1758=ORIENTED_EDGE('',*,*,#1757,.T.);
#1759=ORIENTED_EDGE('',*,*,#1680,.T.);
#1760=CARTESIAN_POINT('',(13.5,3.5,-22.6));
#1761=VERTEX_POINT('',#1760);
#1762=CARTESIAN_POINT('',(13.5,3.5,-22.6));
#1763=DIRECTION('',(0.,-1.,0.));
#1764=VECTOR('',#1763,3.5);
#1765=LINE('',#1762,#1764);
#1766=EDGE_CURVE('NONE',#1761,#1675,#1765,.T.);
#1767=ORIENTED_EDGE('',*,*,#1766,.F.);
#1768=CARTESIAN_POINT('',(13.5,9.5,-16.6));
#1769=VERTEX_POINT('',#1768);
#1770=CARTESIAN_POINT('',(13.5,3.5,-16.6));
#1771=DIRECTION('',(1.,-0.,-0.));
#1772=DIRECTION('',(0.,0.,1.));
#1773=AXIS2_PLACEMENT_3D('',#1770,#1771,#1772);
#1774=CIRCLE('',#1773,6.);
#1775=EDGE_CURVE('NONE',#1761,#1769,#1774,.T.);
#1776=ORIENTED_EDGE('',*,*,#1775,.T.);
#1777=CARTESIAN_POINT('',(13.5,9.5,-11.6));
#1778=VERTEX_POINT('',#1777);
#1779=CARTESIAN_POINT('',(13.5,9.5,-16.6));
#1780=DIRECTION('',(0.,0.,1.));
#1781=VECTOR('',#1780,5.);
#1782=LINE('',#1779,#1781);
#1783=EDGE_CURVE('NONE',#1769,#1778,#1782,.T.);
#1784=ORIENTED_EDGE('',*,*,#1783,.T.);
#1785=CARTESIAN_POINT('',(13.5,7.9,-11.6));
#1786=VERTEX_POINT('',#1785);
#1787=CARTESIAN_POINT('',(13.5,7.9,-11.6));
#1788=DIRECTION('',(0.,1.,0.));
#1789=VECTOR('',#1788,1.6);
#1790=LINE('',#1787,#1789);
#1791=EDGE_CURVE('NONE',#1786,#1778,#1790,.T.);
#1792=ORIENTED_EDGE('',*,*,#1791,.F.);
#1793=CARTESIAN_POINT('',(13.5,7.9,-9.3));
#1794=VERTEX_POINT('',#1793);
#1795=CARTESIAN_POINT('',(13.5,7.9,-9.3));
#1796=DIRECTION('',(-0.,-0.,-1.));
#1797=VECTOR('',#1796,2.3);
#1798=LINE('',#1795,#1797);
#1799=EDGE_CURVE('NONE',#1794,#1786,#1798,.T.);
#1800=ORIENTED_EDGE('',*,*,#1799,.F.);
#1801=CARTESIAN_POINT('',(13.5,9.5,-9.3));
#1802=VERTEX_POINT('',#1801);
#1803=CARTESIAN_POINT('',(13.5,7.9,-9.3));
#1804=DIRECTION('',(0.,1.,0.));
#1805=VECTOR('',#1804,1.6);
#1806=LINE('',#1803,#1805);
#1807=EDGE_CURVE('NONE',#1794,#1802,#1806,.T.);
#1808=ORIENTED_EDGE('',*,*,#1807,.T.);
#1809=CARTESIAN_POINT('',(13.5,9.5,-6.6));
#1810=VERTEX_POINT('',#1809);
#1811=CARTESIAN_POINT('',(13.5,9.5,-9.3));
#1812=DIRECTION('',(0.,0.,1.));
#1813=VECTOR('',#1812,2.7);
#1814=LINE('',#1811,#1813);
#1815=EDGE_CURVE('NONE',#1802,#1810,#1814,.T.);
#1816=ORIENTED_EDGE('',*,*,#1815,.T.);
#1817=CARTESIAN_POINT('',(13.5,7.9,-6.6));
#1818=VERTEX_POINT('',#1817);
#1819=CARTESIAN_POINT('',(13.5,7.9,-6.6));
#1820=DIRECTION('',(0.,1.,0.));
#1821=VECTOR('',#1820,1.6);
#1822=LINE('',#1819,#1821);
#1823=EDGE_CURVE('NONE',#1818,#1810,#1822,.T.);
#1824=ORIENTED_EDGE('',*,*,#1823,.F.);
#1825=CARTESIAN_POINT('',(13.5,7.9,-4.3));
#1826=VERTEX_POINT('',#1825);
#1827=CARTESIAN_POINT('',(13.5,7.9,-4.3));
#1828=DIRECTION('',(-0.,-0.,-1.));
#1829=VECTOR('',#1828,2.3);
#1830=LINE('',#1827,#1829);
#1831=EDGE_CURVE('NONE',#1826,#1818,#1830,.T.);
#1832=ORIENTED_EDGE('',*,*,#1831,.F.);
#1833=CARTESIAN_POINT('',(13.5,9.5,-4.3));
#1834=VERTEX_POINT('',#1833);
#1835=CARTESIAN_POINT('',(13.5,7.9,-4.3));
#1836=DIRECTION('',(0.,1.,0.));
#1837=VECTOR('',#1836,1.6);
#1838=LINE('',#1835,#1837);
#1839=EDGE_CURVE('NONE',#1826,#1834,#1838,.T.);
#1840=ORIENTED_EDGE('',*,*,#1839,.T.);
#1841=CARTESIAN_POINT('',(13.5,9.5,-1.6));
#1842=VERTEX_POINT('',#1841);
#1843=CARTESIAN_POINT('',(13.5,9.5,-4.3));
#1844=DIRECTION('',(0.,0.,1.));
#1845=VECTOR('',#1844,2.7);
#1846=LINE('',#1843,#1845);
#1847=EDGE_CURVE('NONE',#1834,#1842,#1846,.T.);
#1848=ORIENTED_EDGE('',*,*,#1847,.T.);
#1849=CARTESIAN_POINT('',(13.5,7.9,-1.6));
#1850=VERTEX_POINT('',#1849);
#1851=CARTESIAN_POINT('',(13.5,7.9,-1.6));
#1852=DIRECTION('',(0.,1.,0.));
#1853=VECTOR('',#1852,1.6);
#1854=LINE('',#1851,#1853);
#1855=EDGE_CURVE('NONE',#1850,#1842,#1854,.T.);
#1856=ORIENTED_EDGE('',*,*,#1855,.F.);
#1857=CARTESIAN_POINT('',(13.5,7.9,0.7));
#1858=VERTEX_POINT('',#1857);
#1859=CARTESIAN_POINT('',(13.5,7.9,0.7));
#1860=DIRECTION('',(-0.,-0.,-1.));
#1861=VECTOR('',#1860,2.3);
#1862=LINE('',#1859,#1861);
#1863=EDGE_CURVE('NONE',#1858,#1850,#1862,.T.);
#1864=ORIENTED_EDGE('',*,*,#1863,.F.);
#1865=CARTESIAN_POINT('',(13.5,9.5,0.7));
#1866=VERTEX_POINT('',#1865);
#1867=CARTESIAN_POINT('',(13.5,7.9,0.7));
#1868=DIRECTION('',(0.,1.,0.));
#1869=VECTOR('',#1868,1.6);
#1870=LINE('',#1867,#1869);
#1871=EDGE_CURVE('NONE',#1858,#1866,#1870,.T.);
#1872=ORIENTED_EDGE('',*,*,#1871,.T.);
#1873=CARTESIAN_POINT('',(13.5,9.5,3.4));
#1874=VERTEX_POINT('',#1873);
#1875=CARTESIAN_POINT('',(13.5,9.5,0.7));
#1876=DIRECTION('',(0.,0.,1.));
#1877=VECTOR('',#1876,2.7);
#1878=LINE('',#1875,#1877);
#1879=EDGE_CURVE('NONE',#1866,#1874,#1878,.T.);
#1880=ORIENTED_EDGE('',*,*,#1879,.T.);
#1881=CARTESIAN_POINT('',(13.5,7.9,3.4));
#1882=VERTEX_POINT('',#1881);
#1883=CARTESIAN_POINT('',(13.5,7.9,3.4));
#1884=DIRECTION('',(0.,1.,0.));
#1885=VECTOR('',#1884,1.6);
#1886=LINE('',#1883,#1885);
#1887=EDGE_CURVE('NONE',#1882,#1874,#1886,.T.);
#1888=ORIENTED_EDGE('',*,*,#1887,.F.);
#1889=CARTESIAN_POINT('',(13.5,7.9,5.7));
#1890=VERTEX_POINT('',#1889);
#1891=CARTESIAN_POINT('',(13.5,7.9,5.7));
#1892=DIRECTION('',(-0.,-0.,-1.));
#1893=VECTOR('',#1892,2.3);
#1894=LINE('',#1891,#1893);
#1895=EDGE_CURVE('NONE',#1890,#1882,#1894,.T.);
#1896=ORIENTED_EDGE('',*,*,#1895,.F.);
#1897=CARTESIAN_POINT('',(13.5,9.5,5.7));
#1898=VERTEX_POINT('',#1897);
#1899=CARTESIAN_POINT('',(13.5,7.9,5.7));
#1900=DIRECTION('',(0.,1.,0.));
#1901=VECTOR('',#1900,1.6);
#1902=LINE('',#1899,#1901);
#1903=EDGE_CURVE('NONE',#1890,#1898,#1902,.T.);
#1904=ORIENTED_EDGE('',*,*,#1903,.T.);
#1905=CARTESIAN_POINT('',(13.5,9.5,8.4));
#1906=VERTEX_POINT('',#1905);
#1907=CARTESIAN_POINT('',(13.5,9.5,5.7));
#1908=DIRECTION('',(0.,0.,1.));
#1909=VECTOR('',#1908,2.7);
#1910=LINE('',#1907,#1909);
#1911=EDGE_CURVE('NONE',#1898,#1906,#1910,.T.);
#1912=ORIENTED_EDGE('',*,*,#1911,.T.);
#1913=CARTESIAN_POINT('',(13.5,7.9,8.4));
#1914=VERTEX_POINT('',#1913);
#1915=CARTESIAN_POINT('',(13.5,7.9,8.4));
#1916=DIRECTION('',(0.,1.,0.));
#1917=VECTOR('',#1916,1.6);
#1918=LINE('',#1915,#1917);
#1919=EDGE_CURVE('NONE',#1914,#1906,#1918,.T.);
#1920=ORIENTED_EDGE('',*,*,#1919,.F.);
#1921=CARTESIAN_POINT('',(13.5,7.9,10.7));
#1922=VERTEX_POINT('',#1921);
#1923=CARTESIAN_POINT('',(13.5,7.9,10.7));
#1924=DIRECTION('',(-0.,-0.,-1.));
#1925=VECTOR('',#1924,2.3);
#1926=LINE('',#1923,#1925);
#1927=EDGE_CURVE('NONE',#1922,#1914,#1926,.T.);
#1928=ORIENTED_EDGE('',*,*,#1927,.F.);
#1929=CARTESIAN_POINT('',(13.5,9.5,10.7));
#1930=VERTEX_POINT('',#1929);
#1931=CARTESIAN_POINT('',(13.5,7.9,10.7));
#1932=DIRECTION('',(0.,1.,0.));
#1933=VECTOR('',#1932,1.6);
#1934=LINE('',#1931,#1933);
#1935=EDGE_CURVE('NONE',#1922,#1930,#1934,.T.);
#1936=ORIENTED_EDGE('',*,*,#1935,.T.);
#1937=CARTESIAN_POINT('',(13.5,9.5,13.4));
#1938=VERTEX_POINT('',#1937);
#1939=CARTESIAN_POINT('',(13.5,9.5,10.7));
#1940=DIRECTION('',(0.,0.,1.));
#1941=VECTOR('',#1940,2.7);
#1942=LINE('',#1939,#1941);
#1943=EDGE_CURVE('NONE',#1930,#1938,#1942,.T.);
#1944=ORIENTED_EDGE('',*,*,#1943,.T.);
#1945=CARTESIAN_POINT('',(13.5,7.9,13.4));
#1946=VERTEX_POINT('',#1945);
#1947=CARTESIAN_POINT('',(13.5,7.9,13.4));
#1948=DIRECTION('',(0.,1.,0.));
#1949=VECTOR('',#1948,1.6);
#1950=LINE('',#1947,#1949);
#1951=EDGE_CURVE('NONE',#1946,#1938,#1950,.T.);
#1952=ORIENTED_EDGE('',*,*,#1951,.F.);
#1953=CARTESIAN_POINT('',(13.5,7.9,15.7));
#1954=VERTEX_POINT('',#1953);
#1955=CARTESIAN_POINT('',(13.5,7.9,15.7));
#1956=DIRECTION('',(-0.,-0.,-1.));
#1957=VECTOR('',#1956,2.3);
#1958=LINE('',#1955,#1957);
#1959=EDGE_CURVE('NONE',#1954,#1946,#1958,.T.);
#1960=ORIENTED_EDGE('',*,*,#1959,.F.);
#1961=CARTESIAN_POINT('',(13.5,9.5,15.7));
#1962=VERTEX_POINT('',#1961);
#1963=CARTESIAN_POINT('',(13.5,7.9,15.7));
#1964=DIRECTION('',(0.,1.,0.));
#1965=VECTOR('',#1964,1.6);
#1966=LINE('',#1963,#1965);
#1967=EDGE_CURVE('NONE',#1954,#1962,#1966,.T.);
#1968=ORIENTED_EDGE('',*,*,#1967,.T.);
#1969=CARTESIAN_POINT('',(13.5,9.5,15.7));
#1970=DIRECTION('',(0.,0.,1.));
#1971=VECTOR('',#1970,10.65);
#1972=LINE('',#1969,#1971);
#1973=EDGE_CURVE('NONE',#1962,#1752,#1972,.T.);
#1974=ORIENTED_EDGE('',*,*,#1973,.T.);
#1975=EDGE_LOOP('',(#1758,#1759,#1767,#1776,#1784,#1792,#1800,#1808,#1816,#1824,#1832,#1840,#1848,#1856,#1864,#1872,#1880,#1888,#1896,#1904,#1912,#1920,#1928,#1936,#1944,#1952,
#1960,#1968,#1974));
#1976=FACE_BOUND('',#1975,.T.);
#1977=ADVANCED_FACE('NONE',(#1976),#1750,.F.);
#1978=CARTESIAN_POINT('',(9.5,1.7,-22.6));
#1979=DIRECTION('',(0.,-1.,0.));
#1980=DIRECTION('',(0.,0.,-1.));
#1981=AXIS2_PLACEMENT_3D('',#1978,#1979,#1980);
#1982=CYLINDRICAL_SURFACE('',#1981,4.);
#1983=ORIENTED_EDGE('',*,*,#1738,.T.);
#1984=CARTESIAN_POINT('',(9.5,3.5,-26.6));
#1985=VERTEX_POINT('',#1984);
#1986=CARTESIAN_POINT('',(9.5,3.5,-26.6));
#1987=DIRECTION('',(-0.,-1.,-0.));
#1988=VECTOR('',#1987,3.5);
#1989=LINE('',#1986,#1988);
#1990=EDGE_CURVE('NONE',#1985,#1726,#1989,.T.);
#1991=ORIENTED_EDGE('',*,*,#1990,.F.);
#1992=CARTESIAN_POINT('',(9.5,3.5,-22.6));
#1993=DIRECTION('',(0.,-1.,0.));
#1994=DIRECTION('',(0.,0.,-1.));
#1995=AXIS2_PLACEMENT_3D('',#1992,#1993,#1994);
#1996=CIRCLE('',#1995,4.);
#1997=EDGE_CURVE('NONE',#1985,#1761,#1996,.T.);
#1998=ORIENTED_EDGE('',*,*,#1997,.T.);
#1999=ORIENTED_EDGE('',*,*,#1766,.T.);
#2000=EDGE_LOOP('',(#1983,#1991,#1998,#1999));
#2001=FACE_BOUND('',#2000,.T.);
#2002=ADVANCED_FACE('NONE',(#2001),#1982,.T.);
#2003=CARTESIAN_POINT('',(-9.5,1.7,-26.6));
#2004=DIRECTION('',(0.,0.,1.));
#2005=DIRECTION('',(1.,0.,0.));
#2006=AXIS2_PLACEMENT_3D('',#2003,#2004,#2005);
#2007=PLANE('',#2006);
#2008=ORIENTED_EDGE('',*,*,#1731,.T.);
#2009=CARTESIAN_POINT('',(-9.5,3.5,-26.6));
#2010=VERTEX_POINT('',#2009);
#2011=CARTESIAN_POINT('',(-9.5,3.5,-26.6));
#2012=DIRECTION('',(0.,-1.,0.));
#2013=VECTOR('',#2012,3.5);
#2014=LINE('',#2011,#2013);
#2015=EDGE_CURVE('NONE',#2010,#1717,#2014,.T.);
#2016=ORIENTED_EDGE('',*,*,#2015,.F.);
#2017=CARTESIAN_POINT('',(-6.4,3.5,-26.6));
#2018=VERTEX_POINT('',#2017);
#2019=CARTESIAN_POINT('',(-6.4,3.5,-26.6));
#2020=DIRECTION('',(-1.,0.,0.));
#2021=VECTOR('',#2020,3.1);
#2022=LINE('',#2019,#2021);
#2023=EDGE_CURVE('NONE',#2018,#2010,#2022,.T.);
#2024=ORIENTED_EDGE('',*,*,#2023,.F.);
#2025=CARTESIAN_POINT('',(6.4,3.5,-26.6));
#2026=VERTEX_POINT('',#2025);
#2027=CARTESIAN_POINT('',(6.4,3.5,-26.6));
#2028=DIRECTION('',(-1.,-0.,0.));
#2029=VECTOR('',#2028,12.8);
#2030=LINE('',#2027,#2029);
#2031=EDGE_CURVE('NONE',#2026,#2018,#2030,.T.);
#2032=ORIENTED_EDGE('',*,*,#2031,.F.);
#2033=CARTESIAN_POINT('',(9.5,3.5,-26.6));
#2034=DIRECTION('',(-1.,0.,0.));
#2035=VECTOR('',#2034,3.1);
#2036=LINE('',#2033,#2035);
#2037=EDGE_CURVE('NONE',#1985,#2026,#2036,.T.);
#2038=ORIENTED_EDGE('',*,*,#2037,.F.);
#2039=ORIENTED_EDGE('',*,*,#1990,.T.);
#2040=EDGE_LOOP('',(#2008,#2016,#2024,#2032,#2038,#2039));
#2041=FACE_BOUND('',#2040,.T.);
#2042=ADVANCED_FACE('NONE',(#2041),#2007,.F.);
#2043=CARTESIAN_POINT('',(-9.5,1.7,-22.6));
#2044=DIRECTION('',(0.,-1.,0.));
#2045=DIRECTION('',(0.,0.,-1.));
#2046=AXIS2_PLACEMENT_3D('',#2043,#2044,#2045);
#2047=CYLINDRICAL_SURFACE('',#2046,4.);
#2048=ORIENTED_EDGE('',*,*,#1723,.T.);
#2049=CARTESIAN_POINT('',(-13.5,3.5,-22.6));
#2050=VERTEX_POINT('',#2049);
#2051=CARTESIAN_POINT('',(-13.5,3.5,-22.6));
#2052=DIRECTION('',(-0.,-1.,-0.));
#2053=VECTOR('',#2052,3.5);
#2054=LINE('',#2051,#2053);
#2055=EDGE_CURVE('NONE',#2050,#1709,#2054,.T.);
#2056=ORIENTED_EDGE('',*,*,#2055,.F.);
#2057=CARTESIAN_POINT('',(-9.5,3.5,-22.6));
#2058=DIRECTION('',(-0.,1.,-0.));
#2059=DIRECTION('',(0.,0.,1.));
#2060=AXIS2_PLACEMENT_3D('',#2057,#2058,#2059);
#2061=CIRCLE('',#2060,4.);
#2062=EDGE_CURVE('NONE',#2010,#2050,#2061,.T.);
#2063=ORIENTED_EDGE('',*,*,#2062,.F.);
#2064=ORIENTED_EDGE('',*,*,#2015,.T.);
#2065=EDGE_LOOP('',(#2048,#2056,#2063,#2064));
#2066=FACE_BOUND('',#2065,.T.);
#2067=ADVANCED_FACE('NONE',(#2066),#2047,.T.);
#2068=CARTESIAN_POINT('',(-13.5,1.7,-22.6));
#2069=DIRECTION('',(1.,0.,-0.));
#2070=DIRECTION('',(-0.,0.,-1.));
#2071=AXIS2_PLACEMENT_3D('',#2068,#2069,#2070);
#2072=PLANE('',#2071);
#2073=ORIENTED_EDGE('',*,*,#1714,.T.);
#2074=CARTESIAN_POINT('',(-13.5,9.5,26.35));
#2075=VERTEX_POINT('',#2074);
#2076=CARTESIAN_POINT('',(-13.5,0.,26.35));
#2077=DIRECTION('',(0.,1.,0.));
#2078=VECTOR('',#2077,9.5);
#2079=LINE('',#2076,#2078);
#2080=EDGE_CURVE('NONE',#1700,#2075,#2079,.T.);
#2081=ORIENTED_EDGE('',*,*,#2080,.T.);
#2082=CARTESIAN_POINT('',(-13.5,9.5,15.7));
#2083=VERTEX_POINT('',#2082);
#2084=CARTESIAN_POINT('',(-13.5,9.5,26.35));
#2085=DIRECTION('',(-0.,0.,-1.));
#2086=VECTOR('',#2085,10.65);
#2087=LINE('',#2084,#2086);
#2088=EDGE_CURVE('NONE',#2075,#2083,#2087,.T.);
#2089=ORIENTED_EDGE('',*,*,#2088,.T.);
#2090=CARTESIAN_POINT('',(-13.5,7.9,15.7));
#2091=VERTEX_POINT('',#2090);
#2092=CARTESIAN_POINT('',(-13.5,7.9,15.7));
#2093=DIRECTION('',(0.,1.,0.));
#2094=VECTOR('',#2093,1.6);
#2095=LINE('',#2092,#2094);
#2096=EDGE_CURVE('NONE',#2091,#2083,#2095,.T.);
#2097=ORIENTED_EDGE('',*,*,#2096,.F.);
#2098=CARTESIAN_POINT('',(-13.5,7.9,13.4));
#2099=VERTEX_POINT('',#2098);
#2100=CARTESIAN_POINT('',(-13.5,7.9,13.4));
#2101=DIRECTION('',(0.,0.,1.));
#2102=VECTOR('',#2101,2.3);
#2103=LINE('',#2100,#2102);
#2104=EDGE_CURVE('NONE',#2099,#2091,#2103,.T.);
#2105=ORIENTED_EDGE('',*,*,#2104,.F.);
#2106=CARTESIAN_POINT('',(-13.5,9.5,13.4));
#2107=VERTEX_POINT('',#2106);
#2108=CARTESIAN_POINT('',(-13.5,7.9,13.4));
#2109=DIRECTION('',(0.,1.,0.));
#2110=VECTOR('',#2109,1.6);
#2111=LINE('',#2108,#2110);
#2112=EDGE_CURVE('NONE',#2099,#2107,#2111,.T.);
#2113=ORIENTED_EDGE('',*,*,#2112,.T.);
#2114=CARTESIAN_POINT('',(-13.5,9.5,10.7));
#2115=VERTEX_POINT('',#2114);
#2116=CARTESIAN_POINT('',(-13.5,9.5,13.4));
#2117=DIRECTION('',(-0.,0.,-1.));
#2118=VECTOR('',#2117,2.7);
#2119=LINE('',#2116,#2118);
#2120=EDGE_CURVE('NONE',#2107,#2115,#2119,.T.);
#2121=ORIENTED_EDGE('',*,*,#2120,.T.);
#2122=CARTESIAN_POINT('',(-13.5,7.9,10.7));
#2123=VERTEX_POINT('',#2122);
#2124=CARTESIAN_POINT('',(-13.5,7.9,10.7));
#2125=DIRECTION('',(0.,1.,0.));
#2126=VECTOR('',#2125,1.6);
#2127=LINE('',#2124,#2126);
#2128=EDGE_CURVE('NONE',#2123,#2115,#2127,.T.);
#2129=ORIENTED_EDGE('',*,*,#2128,.F.);
#2130=CARTESIAN_POINT('',(-13.5,7.9,8.4));
#2131=VERTEX_POINT('',#2130);
#2132=CARTESIAN_POINT('',(-13.5,7.9,8.4));
#2133=DIRECTION('',(0.,0.,1.));
#2134=VECTOR('',#2133,2.3);
#2135=LINE('',#2132,#2134);
#2136=EDGE_CURVE('NONE',#2131,#2123,#2135,.T.);
#2137=ORIENTED_EDGE('',*,*,#2136,.F.);
#2138=CARTESIAN_POINT('',(-13.5,9.5,8.4));
#2139=VERTEX_POINT('',#2138);
#2140=CARTESIAN_POINT('',(-13.5,7.9,8.4));
#2141=DIRECTION('',(0.,1.,0.));
#2142=VECTOR('',#2141,1.6);
#2143=LINE('',#2140,#2142);
#2144=EDGE_CURVE('NONE',#2131,#2139,#2143,.T.);
#2145=ORIENTED_EDGE('',*,*,#2144,.T.);
#2146=CARTESIAN_POINT('',(-13.5,9.5,5.7));
#2147=VERTEX_POINT('',#2146);
#2148=CARTESIAN_POINT('',(-13.5,9.5,8.4));
#2149=DIRECTION('',(-0.,0.,-1.));
#2150=VECTOR('',#2149,2.7);
#2151=LINE('',#2148,#2150);
#2152=EDGE_CURVE('NONE',#2139,#2147,#2151,.T.);
#2153=ORIENTED_EDGE('',*,*,#2152,.T.);
#2154=CARTESIAN_POINT('',(-13.5,7.9,5.7));
#2155=VERTEX_POINT('',#2154);
#2156=CARTESIAN_POINT('',(-13.5,7.9,5.7));
#2157=DIRECTION('',(0.,1.,0.));
#2158=VECTOR('',#2157,1.6);
#2159=LINE('',#2156,#2158);
#2160=EDGE_CURVE('NONE',#2155,#2147,#2159,.T.);
#2161=ORIENTED_EDGE('',*,*,#2160,.F.);
#2162=CARTESIAN_POINT('',(-13.5,7.9,3.4));
#2163=VERTEX_POINT('',#2162);
#2164=CARTESIAN_POINT('',(-13.5,7.9,3.4));
#2165=DIRECTION('',(0.,0.,1.));
#2166=VECTOR('',#2165,2.3);
#2167=LINE('',#2164,#2166);
#2168=EDGE_CURVE('NONE',#2163,#2155,#2167,.T.);
#2169=ORIENTED_EDGE('',*,*,#2168,.F.);
#2170=CARTESIAN_POINT('',(-13.5,9.5,3.4));
#2171=VERTEX_POINT('',#2170);
#2172=CARTESIAN_POINT('',(-13.5,7.9,3.4));
#2173=DIRECTION('',(0.,1.,0.));
#2174=VECTOR('',#2173,1.6);
#2175=LINE('',#2172,#2174);
#2176=EDGE_CURVE('NONE',#2163,#2171,#2175,.T.);
#2177=ORIENTED_EDGE('',*,*,#2176,.T.);
#2178=CARTESIAN_POINT('',(-13.5,9.5,0.7));
#2179=VERTEX_POINT('',#2178);
#2180=CARTESIAN_POINT('',(-13.5,9.5,3.4));
#2181=DIRECTION('',(-0.,0.,-1.));
#2182=VECTOR('',#2181,2.7);
#2183=LINE('',#2180,#2182);
#2184=EDGE_CURVE('NONE',#2171,#2179,#2183,.T.);
#2185=ORIENTED_EDGE('',*,*,#2184,.T.);
#2186=CARTESIAN_POINT('',(-13.5,7.9,0.7));
#2187=VERTEX_POINT('',#2186);
#2188=CARTESIAN_POINT('',(-13.5,7.9,0.7));
#2189=DIRECTION('',(0.,1.,0.));
#2190=VECTOR('',#2189,1.6);
#2191=LINE('',#2188,#2190);
#2192=EDGE_CURVE('NONE',#2187,#2179,#2191,.T.);
#2193=ORIENTED_EDGE('',*,*,#2192,.F.);
#2194=CARTESIAN_POINT('',(-13.5,7.9,-1.6));
#2195=VERTEX_POINT('',#2194);
#2196=CARTESIAN_POINT('',(-13.5,7.9,-1.6));
#2197=DIRECTION('',(0.,0.,1.));
#2198=VECTOR('',#2197,2.3);
#2199=LINE('',#2196,#2198);
#2200=EDGE_CURVE('NONE',#2195,#2187,#2199,.T.);
#2201=ORIENTED_EDGE('',*,*,#2200,.F.);
#2202=CARTESIAN_POINT('',(-13.5,9.5,-1.6));
#2203=VERTEX_POINT('',#2202);
#2204=CARTESIAN_POINT('',(-13.5,7.9,-1.6));
#2205=DIRECTION('',(0.,1.,0.));
#2206=VECTOR('',#2205,1.6);
#2207=LINE('',#2204,#2206);
#2208=EDGE_CURVE('NONE',#2195,#2203,#2207,.T.);
#2209=ORIENTED_EDGE('',*,*,#2208,.T.);
#2210=CARTESIAN_POINT('',(-13.5,9.5,-4.3));
#2211=VERTEX_POINT('',#2210);
#2212=CARTESIAN_POINT('',(-13.5,9.5,-1.6));
#2213=DIRECTION('',(-0.,0.,-1.));
#2214=VECTOR('',#2213,2.7);
#2215=LINE('',#2212,#2214);
#2216=EDGE_CURVE('NONE',#2203,#2211,#2215,.T.);
#2217=ORIENTED_EDGE('',*,*,#2216,.T.);
#2218=CARTESIAN_POINT('',(-13.5,7.9,-4.3));
#2219=VERTEX_POINT('',#2218);
#2220=CARTESIAN_POINT('',(-13.5,7.9,-4.3));
#2221=DIRECTION('',(0.,1.,0.));
#2222=VECTOR('',#2221,1.6);
#2223=LINE('',#2220,#2222);
#2224=EDGE_CURVE('NONE',#2219,#2211,#2223,.T.);
#2225=ORIENTED_EDGE('',*,*,#2224,.F.);
#2226=CARTESIAN_POINT('',(-13.5,7.9,-6.6));
#2227=VERTEX_POINT('',#2226);
#2228=CARTESIAN_POINT('',(-13.5,7.9,-6.6));
#2229=DIRECTION('',(0.,0.,1.));
#2230=VECTOR('',#2229,2.3);
#2231=LINE('',#2228,#2230);
#2232=EDGE_CURVE('NONE',#2227,#2219,#2231,.T.);
#2233=ORIENTED_EDGE('',*,*,#2232,.F.);
#2234=CARTESIAN_POINT('',(-13.5,9.5,-6.6));
#2235=VERTEX_POINT('',#2234);
#2236=CARTESIAN_POINT('',(-13.5,7.9,-6.6));
#2237=DIRECTION('',(0.,1.,0.));
#2238=VECTOR('',#2237,1.6);
#2239=LINE('',#2236,#2238);
#2240=EDGE_CURVE('NONE',#2227,#2235,#2239,.T.);
#2241=ORIENTED_EDGE('',*,*,#2240,.T.);
#2242=CARTESIAN_POINT('',(-13.5,9.5,-9.3));
#2243=VERTEX_POINT('',#2242);
#2244=CARTESIAN_POINT('',(-13.5,9.5,-6.6));
#2245=DIRECTION('',(-0.,0.,-1.));
#2246=VECTOR('',#2245,2.7);
#2247=LINE('',#2244,#2246);
#2248=EDGE_CURVE('NONE',#2235,#2243,#2247,.T.);
#2249=ORIENTED_EDGE('',*,*,#2248,.T.);
#2250=CARTESIAN_POINT('',(-13.5,7.9,-9.3));
#2251=VERTEX_POINT('',#2250);
#2252=CARTESIAN_POINT('',(-13.5,7.9,-9.3));
#2253=DIRECTION('',(0.,1.,0.));
#2254=VECTOR('',#2253,1.6);
#2255=LINE('',#2252,#2254);
#2256=EDGE_CURVE('NONE',#2251,#2243,#2255,.T.);
#2257=ORIENTED_EDGE('',*,*,#2256,.F.);
#2258=CARTESIAN_POINT('',(-13.5,7.9,-11.6));
#2259=VERTEX_POINT('',#2258);
#2260=CARTESIAN_POINT('',(-13.5,7.9,-11.6));
#2261=DIRECTION('',(0.,0.,1.));
#2262=VECTOR('',#2261,2.3);
#2263=LINE('',#2260,#2262);
#2264=EDGE_CURVE('NONE',#2259,#2251,#2263,.T.);
#2265=ORIENTED_EDGE('',*,*,#2264,.F.);
#2266=CARTESIAN_POINT('',(-13.5,9.5,-11.6));
#2267=VERTEX_POINT('',#2266);
#2268=CARTESIAN_POINT('',(-13.5,7.9,-11.6));
#2269=DIRECTION('',(0.,1.,0.));
#2270=VECTOR('',#2269,1.6);
#2271=LINE('',#2268,#2270);
#2272=EDGE_CURVE('NONE',#2259,#2267,#2271,.T.);
#2273=ORIENTED_EDGE('',*,*,#2272,.T.);
#2274=CARTESIAN_POINT('',(-13.5,9.5,-16.6));
#2275=VERTEX_POINT('',#2274);
#2276=CARTESIAN_POINT('',(-13.5,9.5,-11.6));
#2277=DIRECTION('',(-0.,0.,-1.));
#2278=VECTOR('',#2277,5.);
#2279=LINE('',#2276,#2278);
#2280=EDGE_CURVE('NONE',#2267,#2275,#2279,.T.);
#2281=ORIENTED_EDGE('',*,*,#2280,.T.);
#2282=CARTESIAN_POINT('',(-13.5,3.5,-16.6));
#2283=DIRECTION('',(-1.,0.,0.));
#2284=DIRECTION('',(0.,0.,1.));
#2285=AXIS2_PLACEMENT_3D('',#2282,#2283,#2284);
#2286=CIRCLE('',#2285,6.);
#2287=EDGE_CURVE('NONE',#2275,#2050,#2286,.T.);
#2288=ORIENTED_EDGE('',*,*,#2287,.T.);
#2289=ORIENTED_EDGE('',*,*,#2055,.T.);
#2290=EDGE_LOOP('',(#2073,#2081,#2089,#2097,#2105,#2113,#2121,#2129,#2137,#2145,#2153,#2161,#2169,#2177,#2185,#2193,#2201,#2209,#2217,#2225,#2233,#2241,#2249,#2257,#2265,#2273,
#2281,#2288,#2289));
#2291=FACE_BOUND('',#2290,.T.);
#2292=ADVANCED_FACE('NONE',(#2291),#2072,.F.);
#2293=CARTESIAN_POINT('',(-13.5,1.7,26.6));
#2294=DIRECTION('',(0.,0.,-1.));
#2295=DIRECTION('',(-1.,0.,0.));
#2296=AXIS2_PLACEMENT_3D('',#2293,#2294,#2295);
#2297=PLANE('',#2296);
#2298=CARTESIAN_POINT('',(-7.,1.7,26.6));
#2299=VERTEX_POINT('',#2298);
#2300=CARTESIAN_POINT('',(7.,1.7,26.6));
#2301=VERTEX_POINT('',#2300);
#2302=CARTESIAN_POINT('',(-7.,1.7,26.6));
#2303=DIRECTION('',(1.,0.,-0.));
#2304=VECTOR('',#2303,14.);
#2305=LINE('',#2302,#2304);
#2306=EDGE_CURVE('NONE',#2299,#2301,#2305,.T.);
#2307=ORIENTED_EDGE('',*,*,#2306,.F.);
#2308=CARTESIAN_POINT('',(-7.,4.7,26.6));
#2309=VERTEX_POINT('',#2308);
#2310=CARTESIAN_POINT('',(-7.,4.7,26.6));
#2311=DIRECTION('',(-0.,-1.,-0.));
#2312=VECTOR('',#2311,3.);
#2313=LINE('',#2310,#2312);
#2314=EDGE_CURVE('NONE',#2309,#2299,#2313,.T.);
#2315=ORIENTED_EDGE('',*,*,#2314,.F.);
#2316=CARTESIAN_POINT('',(7.,4.7,26.6));
#2317=VERTEX_POINT('',#2316);
#2318=CARTESIAN_POINT('',(0.,4.7,26.6));
#2319=DIRECTION('',(-0.,-0.,1.));
#2320=DIRECTION('',(-1.,0.,0.));
#2321=AXIS2_PLACEMENT_3D('',#2318,#2319,#2320);
#2322=CIRCLE('',#2321,7.);
#2323=EDGE_CURVE('NONE',#2317,#2309,#2322,.T.);
#2324=ORIENTED_EDGE('',*,*,#2323,.F.);
#2325=CARTESIAN_POINT('',(7.,1.7,26.6));
#2326=DIRECTION('',(0.,1.,-0.));
#2327=VECTOR('',#2326,3.);
#2328=LINE('',#2325,#2327);
#2329=EDGE_CURVE('NONE',#2301,#2317,#2328,.T.);
#2330=ORIENTED_EDGE('',*,*,#2329,.F.);
#2331=EDGE_LOOP('',(#2307,#2315,#2324,#2330));
#2332=FACE_BOUND('',#2331,.T.);
#2333=ORIENTED_EDGE('',*,*,#1697,.T.);
#2334=CARTESIAN_POINT('',(13.25,9.5,26.6));
#2335=VERTEX_POINT('',#2334);
#2336=CARTESIAN_POINT('',(13.25,0.,26.6));
#2337=DIRECTION('',(0.,1.,0.));
#2338=VECTOR('',#2337,9.5);
#2339=LINE('',#2336,#2338);
#2340=EDGE_CURVE('NONE',#1683,#2335,#2339,.T.);
#2341=ORIENTED_EDGE('',*,*,#2340,.T.);
#2342=CARTESIAN_POINT('',(9.5,13.25,26.6));
#2343=VERTEX_POINT('',#2342);
#2344=CARTESIAN_POINT('',(9.5,9.5,26.6));
#2345=DIRECTION('',(0.,0.,1.));
#2346=DIRECTION('',(1.,0.,-0.));
#2347=AXIS2_PLACEMENT_3D('',#2344,#2345,#2346);
#2348=CIRCLE('',#2347,3.75);
#2349=EDGE_CURVE('NONE',#2335,#2343,#2348,.T.);
#2350=ORIENTED_EDGE('',*,*,#2349,.T.);
#2351=CARTESIAN_POINT('',(-9.5,13.25,26.6));
#2352=VERTEX_POINT('',#2351);
#2353=CARTESIAN_POINT('',(9.5,13.25,26.6));
#2354=DIRECTION('',(-1.,0.,0.));
#2355=VECTOR('',#2354,19.);
#2356=LINE('',#2353,#2355);
#2357=EDGE_CURVE('NONE',#2343,#2352,#2356,.T.);
#2358=ORIENTED_EDGE('',*,*,#2357,.T.);
#2359=CARTESIAN_POINT('',(-13.25,9.5,26.6));
#2360=VERTEX_POINT('',#2359);
#2361=CARTESIAN_POINT('',(-9.5,9.5,26.6));
#2362=DIRECTION('',(0.,0.,1.));
#2363=DIRECTION('',(1.,0.,-0.));
#2364=AXIS2_PLACEMENT_3D('',#2361,#2362,#2363);
#2365=CIRCLE('',#2364,3.75);
#2366=EDGE_CURVE('NONE',#2352,#2360,#2365,.T.);
#2367=ORIENTED_EDGE('',*,*,#2366,.T.);
#2368=CARTESIAN_POINT('',(-13.25,9.5,26.6));
#2369=DIRECTION('',(-0.,-1.,-0.));
#2370=VECTOR('',#2369,9.5);
#2371=LINE('',#2368,#2370);
#2372=EDGE_CURVE('NONE',#2360,#1692,#2371,.T.);
#2373=ORIENTED_EDGE('',*,*,#2372,.T.);
#2374=EDGE_LOOP('',(#2333,#2341,#2350,#2358,#2367,#2373));
#2375=FACE_BOUND('',#2374,.T.);
#2376=ADVANCED_FACE('NONE',(#2332,#2375),#2297,.F.);
#2377=CARTESIAN_POINT('',(-11.8,3.4,-36.650349299));
#2378=DIRECTION('',(0.,-1.,0.));
#2379=DIRECTION('',(0.,0.,-1.));
#2380=AXIS2_PLACEMENT_3D('',#2377,#2378,#2379);
#2381=PLANE('',#2380);
#2382=CARTESIAN_POINT('',(-11.8,3.4,-11.6));
#2383=VERTEX_POINT('',#2382);
#2384=CARTESIAN_POINT('',(-11.8,3.4,-11.6));
#2385=DIRECTION('',(-0.,-0.,1.));
#2386=VECTOR('',#2385,36.5);
#2387=LINE('',#2384,#2386);
#2388=EDGE_CURVE('NONE',#2383,#1609,#2387,.T.);
#2389=ORIENTED_EDGE('',*,*,#2388,.T.);
#2390=ORIENTED_EDGE('',*,*,#1614,.T.);
#2391=CARTESIAN_POINT('',(-5.3,3.4,32.75));
#2392=VERTEX_POINT('',#2391);
#2393=CARTESIAN_POINT('',(-5.3,3.4,32.75));
#2394=DIRECTION('',(-0.,-0.,-1.));
#2395=VECTOR('',#2394,7.85);
#2396=LINE('',#2393,#2395);
#2397=EDGE_CURVE('NONE',#2392,#1601,#2396,.T.);
#2398=ORIENTED_EDGE('',*,*,#2397,.F.);
#2399=CARTESIAN_POINT('',(-5.55,3.4,33.));
#2400=VERTEX_POINT('',#2399);
#2401=CARTESIAN_POINT('',(-5.55,3.4,32.75));
#2402=DIRECTION('',(0.,-1.,-0.));
#2403=DIRECTION('',(-1.,-0.,0.));
#2404=AXIS2_PLACEMENT_3D('',#2401,#2402,#2403);
#2405=CIRCLE('',#2404,0.25);
#2406=EDGE_CURVE('NONE',#2392,#2400,#2405,.T.);
#2407=ORIENTED_EDGE('',*,*,#2406,.T.);
#2408=CARTESIAN_POINT('',(5.55,3.4,33.));
#2409=VERTEX_POINT('',#2408);
#2410=CARTESIAN_POINT('',(-5.55,3.4,33.));
#2411=DIRECTION('',(1.,0.,-0.));
#2412=VECTOR('',#2411,11.1);
#2413=LINE('',#2410,#2412);
#2414=EDGE_CURVE('NONE',#2400,#2409,#2413,.T.);
#2415=ORIENTED_EDGE('',*,*,#2414,.T.);
#2416=CARTESIAN_POINT('',(5.3,3.4,32.75));
#2417=VERTEX_POINT('',#2416);
#2418=CARTESIAN_POINT('',(5.55,3.4,32.75));
#2419=DIRECTION('',(0.,-1.,0.));
#2420=DIRECTION('',(0.,0.,-1.));
#2421=AXIS2_PLACEMENT_3D('',#2418,#2419,#2420);
#2422=CIRCLE('',#2421,0.25);
#2423=EDGE_CURVE('NONE',#2409,#2417,#2422,.T.);
#2424=ORIENTED_EDGE('',*,*,#2423,.T.);
#2425=CARTESIAN_POINT('',(5.3,3.4,32.75));
#2426=DIRECTION('',(0.,0.,-1.));
#2427=VECTOR('',#2426,7.85);
#2428=LINE('',#2425,#2427);
#2429=EDGE_CURVE('NONE',#2417,#1584,#2428,.T.);
#2430=ORIENTED_EDGE('',*,*,#2429,.T.);
#2431=ORIENTED_EDGE('',*,*,#1662,.T.);
#2432=CARTESIAN_POINT('',(11.8,3.4,-11.6));
#2433=VERTEX_POINT('',#2432);
#2434=CARTESIAN_POINT('',(11.8,3.4,-11.6));
#2435=DIRECTION('',(0.,0.,1.));
#2436=VECTOR('',#2435,36.5);
#2437=LINE('',#2434,#2436);
#2438=EDGE_CURVE('NONE',#2433,#1651,#2437,.T.);
#2439=ORIENTED_EDGE('',*,*,#2438,.F.);
#2440=CARTESIAN_POINT('',(-11.8,3.4,-11.6));
#2441=DIRECTION('',(1.,-0.,-0.));
#2442=VECTOR('',#2441,23.6);
#2443=LINE('',#2440,#2442);
#2444=EDGE_CURVE('NONE',#2383,#2433,#2443,.T.);
#2445=ORIENTED_EDGE('',*,*,#2444,.F.);
#2446=EDGE_LOOP('',(#2389,#2390,#2398,#2407,#2415,#2424,#2430,#2431,#2439,#2445));
#2447=FACE_BOUND('',#2446,.T.);
#2448=ADVANCED_FACE('NONE',(#2447),#2381,.F.);
#2449=CARTESIAN_POINT('',(11.8,9.5,-36.650349299));
#2450=DIRECTION('',(1.,0.,0.));
#2451=DIRECTION('',(-0.,1.,0.));
#2452=AXIS2_PLACEMENT_3D('',#2449,#2450,#2451);
#2453=PLANE('',#2452);
#2454=CARTESIAN_POINT('',(11.8,7.9,-9.3));
#2455=VERTEX_POINT('',#2454);
#2456=CARTESIAN_POINT('',(11.8,7.9,-11.6));
#2457=VERTEX_POINT('',#2456);
#2458=CARTESIAN_POINT('',(11.8,7.9,-9.3));
#2459=DIRECTION('',(-0.,-0.,-1.));
#2460=VECTOR('',#2459,2.3);
#2461=LINE('',#2458,#2460);
#2462=EDGE_CURVE('NONE',#2455,#2457,#2461,.T.);
#2463=ORIENTED_EDGE('',*,*,#2462,.T.);
#2464=CARTESIAN_POINT('',(11.8,3.4,-11.6));
#2465=DIRECTION('',(0.,1.,0.));
#2466=VECTOR('',#2465,4.5);
#2467=LINE('',#2464,#2466);
#2468=EDGE_CURVE('NONE',#2433,#2457,#2467,.T.);
#2469=ORIENTED_EDGE('',*,*,#2468,.F.);
#2470=ORIENTED_EDGE('',*,*,#2438,.T.);
#2471=ORIENTED_EDGE('',*,*,#1656,.T.);
#2472=CARTESIAN_POINT('',(11.8,9.5,15.7));
#2473=VERTEX_POINT('',#2472);
#2474=CARTESIAN_POINT('',(11.8,9.5,15.7));
#2475=DIRECTION('',(0.,0.,1.));
#2476=VECTOR('',#2475,9.2);
#2477=LINE('',#2474,#2476);
#2478=EDGE_CURVE('NONE',#2473,#1642,#2477,.T.);
#2479=ORIENTED_EDGE('',*,*,#2478,.F.);
#2480=CARTESIAN_POINT('',(11.8,7.9,15.7));
#2481=VERTEX_POINT('',#2480);
#2482=CARTESIAN_POINT('',(11.8,7.9,15.7));
#2483=DIRECTION('',(0.,1.,0.));
#2484=VECTOR('',#2483,1.6);
#2485=LINE('',#2482,#2484);
#2486=EDGE_CURVE('NONE',#2481,#2473,#2485,.T.);
#2487=ORIENTED_EDGE('',*,*,#2486,.F.);
#2488=CARTESIAN_POINT('',(11.8,7.9,13.4));
#2489=VERTEX_POINT('',#2488);
#2490=CARTESIAN_POINT('',(11.8,7.9,15.7));
#2491=DIRECTION('',(-0.,-0.,-1.));
#2492=VECTOR('',#2491,2.3);
#2493=LINE('',#2490,#2492);
#2494=EDGE_CURVE('NONE',#2481,#2489,#2493,.T.);
#2495=ORIENTED_EDGE('',*,*,#2494,.T.);
#2496=CARTESIAN_POINT('',(11.8,9.5,13.4));
#2497=VERTEX_POINT('',#2496);
#2498=CARTESIAN_POINT('',(11.8,9.5,13.4));
#2499=DIRECTION('',(-0.,-1.,-0.));
#2500=VECTOR('',#2499,1.6);
#2501=LINE('',#2498,#2500);
#2502=EDGE_CURVE('NONE',#2497,#2489,#2501,.T.);
#2503=ORIENTED_EDGE('',*,*,#2502,.F.);
#2504=CARTESIAN_POINT('',(11.8,9.5,10.7));
#2505=VERTEX_POINT('',#2504);
#2506=CARTESIAN_POINT('',(11.8,9.5,10.7));
#2507=DIRECTION('',(0.,0.,1.));
#2508=VECTOR('',#2507,2.7);
#2509=LINE('',#2506,#2508);
#2510=EDGE_CURVE('NONE',#2505,#2497,#2509,.T.);
#2511=ORIENTED_EDGE('',*,*,#2510,.F.);
#2512=CARTESIAN_POINT('',(11.8,7.9,10.7));
#2513=VERTEX_POINT('',#2512);
#2514=CARTESIAN_POINT('',(11.8,7.9,10.7));
#2515=DIRECTION('',(0.,1.,0.));
#2516=VECTOR('',#2515,1.6);
#2517=LINE('',#2514,#2516);
#2518=EDGE_CURVE('NONE',#2513,#2505,#2517,.T.);
#2519=ORIENTED_EDGE('',*,*,#2518,.F.);
#2520=CARTESIAN_POINT('',(11.8,7.9,8.4));
#2521=VERTEX_POINT('',#2520);
#2522=CARTESIAN_POINT('',(11.8,7.9,10.7));
#2523=DIRECTION('',(-0.,-0.,-1.));
#2524=VECTOR('',#2523,2.3);
#2525=LINE('',#2522,#2524);
#2526=EDGE_CURVE('NONE',#2513,#2521,#2525,.T.);
#2527=ORIENTED_EDGE('',*,*,#2526,.T.);
#2528=CARTESIAN_POINT('',(11.8,9.5,8.4));
#2529=VERTEX_POINT('',#2528);
#2530=CARTESIAN_POINT('',(11.8,9.5,8.4));
#2531=DIRECTION('',(-0.,-1.,-0.));
#2532=VECTOR('',#2531,1.6);
#2533=LINE('',#2530,#2532);
#2534=EDGE_CURVE('NONE',#2529,#2521,#2533,.T.);
#2535=ORIENTED_EDGE('',*,*,#2534,.F.);
#2536=CARTESIAN_POINT('',(11.8,9.5,5.7));
#2537=VERTEX_POINT('',#2536);
#2538=CARTESIAN_POINT('',(11.8,9.5,5.7));
#2539=DIRECTION('',(0.,0.,1.));
#2540=VECTOR('',#2539,2.7);
#2541=LINE('',#2538,#2540);
#2542=EDGE_CURVE('NONE',#2537,#2529,#2541,.T.);
#2543=ORIENTED_EDGE('',*,*,#2542,.F.);
#2544=CARTESIAN_POINT('',(11.8,7.9,5.7));
#2545=VERTEX_POINT('',#2544);
#2546=CARTESIAN_POINT('',(11.8,7.9,5.7));
#2547=DIRECTION('',(0.,1.,0.));
#2548=VECTOR('',#2547,1.6);
#2549=LINE('',#2546,#2548);
#2550=EDGE_CURVE('NONE',#2545,#2537,#2549,.T.);
#2551=ORIENTED_EDGE('',*,*,#2550,.F.);
#2552=CARTESIAN_POINT('',(11.8,7.9,3.4));
#2553=VERTEX_POINT('',#2552);
#2554=CARTESIAN_POINT('',(11.8,7.9,5.7));
#2555=DIRECTION('',(-0.,-0.,-1.));
#2556=VECTOR('',#2555,2.3);
#2557=LINE('',#2554,#2556);
#2558=EDGE_CURVE('NONE',#2545,#2553,#2557,.T.);
#2559=ORIENTED_EDGE('',*,*,#2558,.T.);
#2560=CARTESIAN_POINT('',(11.8,9.5,3.4));
#2561=VERTEX_POINT('',#2560);
#2562=CARTESIAN_POINT('',(11.8,9.5,3.4));
#2563=DIRECTION('',(-0.,-1.,-0.));
#2564=VECTOR('',#2563,1.6);
#2565=LINE('',#2562,#2564);
#2566=EDGE_CURVE('NONE',#2561,#2553,#2565,.T.);
#2567=ORIENTED_EDGE('',*,*,#2566,.F.);
#2568=CARTESIAN_POINT('',(11.8,9.5,0.7));
#2569=VERTEX_POINT('',#2568);
#2570=CARTESIAN_POINT('',(11.8,9.5,0.7));
#2571=DIRECTION('',(0.,0.,1.));
#2572=VECTOR('',#2571,2.7);
#2573=LINE('',#2570,#2572);
#2574=EDGE_CURVE('NONE',#2569,#2561,#2573,.T.);
#2575=ORIENTED_EDGE('',*,*,#2574,.F.);
#2576=CARTESIAN_POINT('',(11.8,7.9,0.7));
#2577=VERTEX_POINT('',#2576);
#2578=CARTESIAN_POINT('',(11.8,7.9,0.7));
#2579=DIRECTION('',(0.,1.,0.));
#2580=VECTOR('',#2579,1.6);
#2581=LINE('',#2578,#2580);
#2582=EDGE_CURVE('NONE',#2577,#2569,#2581,.T.);
#2583=ORIENTED_EDGE('',*,*,#2582,.F.);
#2584=CARTESIAN_POINT('',(11.8,7.9,-1.6));
#2585=VERTEX_POINT('',#2584);
#2586=CARTESIAN_POINT('',(11.8,7.9,0.7));
#2587=DIRECTION('',(-0.,-0.,-1.));
#2588=VECTOR('',#2587,2.3);
#2589=LINE('',#2586,#2588);
#2590=EDGE_CURVE('NONE',#2577,#2585,#2589,.T.);
#2591=ORIENTED_EDGE('',*,*,#2590,.T.);
#2592=CARTESIAN_POINT('',(11.8,9.5,-1.6));
#2593=VERTEX_POINT('',#2592);
#2594=CARTESIAN_POINT('',(11.8,9.5,-1.6));
#2595=DIRECTION('',(-0.,-1.,-0.));
#2596=VECTOR('',#2595,1.6);
#2597=LINE('',#2594,#2596);
#2598=EDGE_CURVE('NONE',#2593,#2585,#2597,.T.);
#2599=ORIENTED_EDGE('',*,*,#2598,.F.);
#2600=CARTESIAN_POINT('',(11.8,9.5,-4.3));
#2601=VERTEX_POINT('',#2600);
#2602=CARTESIAN_POINT('',(11.8,9.5,-4.3));
#2603=DIRECTION('',(0.,0.,1.));
#2604=VECTOR('',#2603,2.7);
#2605=LINE('',#2602,#2604);
#2606=EDGE_CURVE('NONE',#2601,#2593,#2605,.T.);
#2607=ORIENTED_EDGE('',*,*,#2606,.F.);
#2608=CARTESIAN_POINT('',(11.8,7.9,-4.3));
#2609=VERTEX_POINT('',#2608);
#2610=CARTESIAN_POINT('',(11.8,7.9,-4.3));
#2611=DIRECTION('',(0.,1.,0.));
#2612=VECTOR('',#2611,1.6);
#2613=LINE('',#2610,#2612);
#2614=EDGE_CURVE('NONE',#2609,#2601,#2613,.T.);
#2615=ORIENTED_EDGE('',*,*,#2614,.F.);
#2616=CARTESIAN_POINT('',(11.8,7.9,-6.6));
#2617=VERTEX_POINT('',#2616);
#2618=CARTESIAN_POINT('',(11.8,7.9,-4.3));
#2619=DIRECTION('',(-0.,-0.,-1.));
#2620=VECTOR('',#2619,2.3);
#2621=LINE('',#2618,#2620);
#2622=EDGE_CURVE('NONE',#2609,#2617,#2621,.T.);
#2623=ORIENTED_EDGE('',*,*,#2622,.T.);
#2624=CARTESIAN_POINT('',(11.8,9.5,-6.6));
#2625=VERTEX_POINT('',#2624);
#2626=CARTESIAN_POINT('',(11.8,9.5,-6.6));
#2627=DIRECTION('',(-0.,-1.,-0.));
#2628=VECTOR('',#2627,1.6);
#2629=LINE('',#2626,#2628);
#2630=EDGE_CURVE('NONE',#2625,#2617,#2629,.T.);
#2631=ORIENTED_EDGE('',*,*,#2630,.F.);
#2632=CARTESIAN_POINT('',(11.8,9.5,-9.3));
#2633=VERTEX_POINT('',#2632);
#2634=CARTESIAN_POINT('',(11.8,9.5,-9.3));
#2635=DIRECTION('',(0.,0.,1.));
#2636=VECTOR('',#2635,2.7);
#2637=LINE('',#2634,#2636);
#2638=EDGE_CURVE('NONE',#2633,#2625,#2637,.T.);
#2639=ORIENTED_EDGE('',*,*,#2638,.F.);
#2640=CARTESIAN_POINT('',(11.8,7.9,-9.3));
#2641=DIRECTION('',(0.,1.,0.));
#2642=VECTOR('',#2641,1.6);
#2643=LINE('',#2640,#2642);
#2644=EDGE_CURVE('NONE',#2455,#2633,#2643,.T.);
#2645=ORIENTED_EDGE('',*,*,#2644,.F.);
#2646=EDGE_LOOP('',(#2463,#2469,#2470,#2471,#2479,#2487,#2495,#2503,#2511,#2519,#2527,#2535,#2543,#2551,#2559,#2567,#2575,#2583,#2591,#2599,#2607,#2615,#2623,#2631,#2639,#2645));
#2647=FACE_BOUND('',#2646,.T.);
#2648=ADVANCED_FACE('NONE',(#2647),#2453,.F.);
#2649=CARTESIAN_POINT('',(-9.5,11.8,-36.650349299));
#2650=DIRECTION('',(0.,1.,0.));
#2651=DIRECTION('',(-1.,0.,0.));
#2652=AXIS2_PLACEMENT_3D('',#2649,#2650,#2651);
#2653=PLANE('',#2652);
#2654=ORIENTED_EDGE('',*,*,#1282,.F.);
#2655=EDGE_LOOP('',(#2654));
#2656=FACE_BOUND('',#2655,.T.);
#2657=ORIENTED_EDGE('',*,*,#1348,.F.);
#2658=EDGE_LOOP('',(#2657));
#2659=FACE_BOUND('',#2658,.T.);
#2660=ORIENTED_EDGE('',*,*,#1414,.F.);
#2661=EDGE_LOOP('',(#2660));
#2662=FACE_BOUND('',#2661,.T.);
#2663=ORIENTED_EDGE('',*,*,#1480,.F.);
#2664=EDGE_LOOP('',(#2663));
#2665=FACE_BOUND('',#2664,.T.);
#2666=ORIENTED_EDGE('',*,*,#1546,.F.);
#2667=EDGE_LOOP('',(#2666));
#2668=FACE_BOUND('',#2667,.T.);
#2669=ORIENTED_EDGE('',*,*,#1513,.F.);
#2670=EDGE_LOOP('',(#2669));
#2671=FACE_BOUND('',#2670,.T.);
#2672=ORIENTED_EDGE('',*,*,#1447,.F.);
#2673=EDGE_LOOP('',(#2672));
#2674=FACE_BOUND('',#2673,.T.);
#2675=ORIENTED_EDGE('',*,*,#1381,.F.);
#2676=EDGE_LOOP('',(#2675));
#2677=FACE_BOUND('',#2676,.T.);
#2678=ORIENTED_EDGE('',*,*,#1315,.F.);
#2679=EDGE_LOOP('',(#2678));
#2680=FACE_BOUND('',#2679,.T.);
#2681=ORIENTED_EDGE('',*,*,#1249,.F.);
#2682=EDGE_LOOP('',(#2681));
#2683=FACE_BOUND('',#2682,.T.);
#2684=CARTESIAN_POINT('',(2.5,11.8,-11.6));
#2685=DIRECTION('',(-1.,0.,0.));
#2686=VECTOR('',#2685,5.);
#2687=LINE('',#2684,#2686);
#2688=EDGE_CURVE('NONE',#1203,#1161,#2687,.T.);
#2689=ORIENTED_EDGE('',*,*,#2688,.F.);
#2690=ORIENTED_EDGE('',*,*,#1209,.F.);
#2691=ORIENTED_EDGE('',*,*,#1216,.F.);
#2692=CARTESIAN_POINT('',(7.5,11.8,-11.6));
#2693=VERTEX_POINT('',#2692);
#2694=CARTESIAN_POINT('',(7.5,11.8,-11.6));
#2695=DIRECTION('',(-1.,0.,0.));
#2696=VECTOR('',#2695,5.);
#2697=LINE('',#2694,#2696);
#2698=EDGE_CURVE('NONE',#2693,#1203,#2697,.T.);
#2699=ORIENTED_EDGE('',*,*,#2698,.F.);
#2700=CARTESIAN_POINT('',(7.5,11.8,-9.3));
#2701=VERTEX_POINT('',#2700);
#2702=CARTESIAN_POINT('',(7.5,11.8,-10.45));
#2703=DIRECTION('',(-0.,-1.,-0.));
#2704=DIRECTION('',(0.,-0.,1.));
#2705=AXIS2_PLACEMENT_3D('',#2702,#2703,#2704);
#2706=CIRCLE('',#2705,1.15);
#2707=EDGE_CURVE('NONE',#2701,#2693,#2706,.T.);
#2708=ORIENTED_EDGE('',*,*,#2707,.F.);
#2709=CARTESIAN_POINT('',(9.5,11.8,-9.3));
#2710=VERTEX_POINT('',#2709);
#2711=CARTESIAN_POINT('',(9.5,11.8,-9.3));
#2712=DIRECTION('',(-1.,-0.,-0.));
#2713=VECTOR('',#2712,2.);
#2714=LINE('',#2711,#2713);
#2715=EDGE_CURVE('NONE',#2710,#2701,#2714,.T.);
#2716=ORIENTED_EDGE('',*,*,#2715,.F.);
#2717=CARTESIAN_POINT('',(9.5,11.8,-6.6));
#2718=VERTEX_POINT('',#2717);
#2719=CARTESIAN_POINT('',(9.5,11.8,-9.3));
#2720=DIRECTION('',(0.,0.,1.));
#2721=VECTOR('',#2720,2.7);
#2722=LINE('',#2719,#2721);
#2723=EDGE_CURVE('NONE',#2710,#2718,#2722,.T.);
#2724=ORIENTED_EDGE('',*,*,#2723,.T.);
#2725=CARTESIAN_POINT('',(7.5,11.8,-6.6));
#2726=VERTEX_POINT('',#2725);
#2727=CARTESIAN_POINT('',(7.5,11.8,-6.6));
#2728=DIRECTION('',(1.,-0.,-0.));
#2729=VECTOR('',#2728,2.);
#2730=LINE('',#2727,#2729);
#2731=EDGE_CURVE('NONE',#2726,#2718,#2730,.T.);
#2732=ORIENTED_EDGE('',*,*,#2731,.F.);
#2733=CARTESIAN_POINT('',(7.5,11.8,-4.3));
#2734=VERTEX_POINT('',#2733);
#2735=CARTESIAN_POINT('',(7.5,11.8,-5.45));
#2736=DIRECTION('',(-0.,-1.,-0.));
#2737=DIRECTION('',(0.,-0.,1.));
#2738=AXIS2_PLACEMENT_3D('',#2735,#2736,#2737);
#2739=CIRCLE('',#2738,1.15);
#2740=EDGE_CURVE('NONE',#2734,#2726,#2739,.T.);
#2741=ORIENTED_EDGE('',*,*,#2740,.F.);
#2742=CARTESIAN_POINT('',(9.5,11.8,-4.3));
#2743=VERTEX_POINT('',#2742);
#2744=CARTESIAN_POINT('',(9.5,11.8,-4.3));
#2745=DIRECTION('',(-1.,-0.,-0.));
#2746=VECTOR('',#2745,2.);
#2747=LINE('',#2744,#2746);
#2748=EDGE_CURVE('NONE',#2743,#2734,#2747,.T.);
#2749=ORIENTED_EDGE('',*,*,#2748,.F.);
#2750=CARTESIAN_POINT('',(9.5,11.8,-1.6));
#2751=VERTEX_POINT('',#2750);
#2752=CARTESIAN_POINT('',(9.5,11.8,-4.3));
#2753=DIRECTION('',(0.,0.,1.));
#2754=VECTOR('',#2753,2.7);
#2755=LINE('',#2752,#2754);
#2756=EDGE_CURVE('NONE',#2743,#2751,#2755,.T.);
#2757=ORIENTED_EDGE('',*,*,#2756,.T.);
#2758=CARTESIAN_POINT('',(7.5,11.8,-1.6));
#2759=VERTEX_POINT('',#2758);
#2760=CARTESIAN_POINT('',(7.5,11.8,-1.6));
#2761=DIRECTION('',(1.,-0.,-0.));
#2762=VECTOR('',#2761,2.);
#2763=LINE('',#2760,#2762);
#2764=EDGE_CURVE('NONE',#2759,#2751,#2763,.T.);
#2765=ORIENTED_EDGE('',*,*,#2764,.F.);
#2766=CARTESIAN_POINT('',(7.5,11.8,0.7));
#2767=VERTEX_POINT('',#2766);
#2768=CARTESIAN_POINT('',(7.5,11.8,-0.45));
#2769=DIRECTION('',(-0.,-1.,-0.));
#2770=DIRECTION('',(0.,-0.,1.));
#2771=AXIS2_PLACEMENT_3D('',#2768,#2769,#2770);
#2772=CIRCLE('',#2771,1.15);
#2773=EDGE_CURVE('NONE',#2767,#2759,#2772,.T.);
#2774=ORIENTED_EDGE('',*,*,#2773,.F.);
#2775=CARTESIAN_POINT('',(9.5,11.8,0.7));
#2776=VERTEX_POINT('',#2775);
#2777=CARTESIAN_POINT('',(9.5,11.8,0.7));
#2778=DIRECTION('',(-1.,-0.,-0.));
#2779=VECTOR('',#2778,2.);
#2780=LINE('',#2777,#2779);
#2781=EDGE_CURVE('NONE',#2776,#2767,#2780,.T.);
#2782=ORIENTED_EDGE('',*,*,#2781,.F.);
#2783=CARTESIAN_POINT('',(9.5,11.8,3.4));
#2784=VERTEX_POINT('',#2783);
#2785=CARTESIAN_POINT('',(9.5,11.8,0.7));
#2786=DIRECTION('',(0.,0.,1.));
#2787=VECTOR('',#2786,2.7);
#2788=LINE('',#2785,#2787);
#2789=EDGE_CURVE('NONE',#2776,#2784,#2788,.T.);
#2790=ORIENTED_EDGE('',*,*,#2789,.T.);
#2791=CARTESIAN_POINT('',(7.5,11.8,3.4));
#2792=VERTEX_POINT('',#2791);
#2793=CARTESIAN_POINT('',(7.5,11.8,3.4));
#2794=DIRECTION('',(1.,-0.,-0.));
#2795=VECTOR('',#2794,2.);
#2796=LINE('',#2793,#2795);
#2797=EDGE_CURVE('NONE',#2792,#2784,#2796,.T.);
#2798=ORIENTED_EDGE('',*,*,#2797,.F.);
#2799=CARTESIAN_POINT('',(7.5,11.8,5.7));
#2800=VERTEX_POINT('',#2799);
#2801=CARTESIAN_POINT('',(7.5,11.8,4.55));
#2802=DIRECTION('',(-0.,-1.,-0.));
#2803=DIRECTION('',(0.,-0.,1.));
#2804=AXIS2_PLACEMENT_3D('',#2801,#2802,#2803);
#2805=CIRCLE('',#2804,1.15);
#2806=EDGE_CURVE('NONE',#2800,#2792,#2805,.T.);
#2807=ORIENTED_EDGE('',*,*,#2806,.F.);
#2808=CARTESIAN_POINT('',(9.5,11.8,5.7));
#2809=VERTEX_POINT('',#2808);
#2810=CARTESIAN_POINT('',(9.5,11.8,5.7));
#2811=DIRECTION('',(-1.,-0.,-0.));
#2812=VECTOR('',#2811,2.);
#2813=LINE('',#2810,#2812);
#2814=EDGE_CURVE('NONE',#2809,#2800,#2813,.T.);
#2815=ORIENTED_EDGE('',*,*,#2814,.F.);
#2816=CARTESIAN_POINT('',(9.5,11.8,8.4));
#2817=VERTEX_POINT('',#2816);
#2818=CARTESIAN_POINT('',(9.5,11.8,5.7));
#2819=DIRECTION('',(0.,0.,1.));
#2820=VECTOR('',#2819,2.7);
#2821=LINE('',#2818,#2820);
#2822=EDGE_CURVE('NONE',#2809,#2817,#2821,.T.);
#2823=ORIENTED_EDGE('',*,*,#2822,.T.);
#2824=CARTESIAN_POINT('',(7.5,11.8,8.4));
#2825=VERTEX_POINT('',#2824);
#2826=CARTESIAN_POINT('',(7.5,11.8,8.4));
#2827=DIRECTION('',(1.,-0.,-0.));
#2828=VECTOR('',#2827,2.);
#2829=LINE('',#2826,#2828);
#2830=EDGE_CURVE('NONE',#2825,#2817,#2829,.T.);
#2831=ORIENTED_EDGE('',*,*,#2830,.F.);
#2832=CARTESIAN_POINT('',(7.5,11.8,10.7));
#2833=VERTEX_POINT('',#2832);
#2834=CARTESIAN_POINT('',(7.5,11.8,9.55));
#2835=DIRECTION('',(-0.,-1.,-0.));
#2836=DIRECTION('',(0.,-0.,1.));
#2837=AXIS2_PLACEMENT_3D('',#2834,#2835,#2836);
#2838=CIRCLE('',#2837,1.15);
#2839=EDGE_CURVE('NONE',#2833,#2825,#2838,.T.);
#2840=ORIENTED_EDGE('',*,*,#2839,.F.);
#2841=CARTESIAN_POINT('',(9.5,11.8,10.7));
#2842=VERTEX_POINT('',#2841);
#2843=CARTESIAN_POINT('',(9.5,11.8,10.7));
#2844=DIRECTION('',(-1.,-0.,-0.));
#2845=VECTOR('',#2844,2.);
#2846=LINE('',#2843,#2845);
#2847=EDGE_CURVE('NONE',#2842,#2833,#2846,.T.);
#2848=ORIENTED_EDGE('',*,*,#2847,.F.);
#2849=CARTESIAN_POINT('',(9.5,11.8,13.4));
#2850=VERTEX_POINT('',#2849);
#2851=CARTESIAN_POINT('',(9.5,11.8,10.7));
#2852=DIRECTION('',(0.,0.,1.));
#2853=VECTOR('',#2852,2.7);
#2854=LINE('',#2851,#2853);
#2855=EDGE_CURVE('NONE',#2842,#2850,#2854,.T.);
#2856=ORIENTED_EDGE('',*,*,#2855,.T.);
#2857=CARTESIAN_POINT('',(7.5,11.8,13.4));
#2858=VERTEX_POINT('',#2857);
#2859=CARTESIAN_POINT('',(7.5,11.8,13.4));
#2860=DIRECTION('',(1.,-0.,-0.));
#2861=VECTOR('',#2860,2.);
#2862=LINE('',#2859,#2861);
#2863=EDGE_CURVE('NONE',#2858,#2850,#2862,.T.);
#2864=ORIENTED_EDGE('',*,*,#2863,.F.);
#2865=CARTESIAN_POINT('',(7.5,11.8,15.7));
#2866=VERTEX_POINT('',#2865);
#2867=CARTESIAN_POINT('',(7.5,11.8,14.55));
#2868=DIRECTION('',(-0.,-1.,-0.));
#2869=DIRECTION('',(0.,-0.,1.));
#2870=AXIS2_PLACEMENT_3D('',#2867,#2868,#2869);
#2871=CIRCLE('',#2870,1.15);
#2872=EDGE_CURVE('NONE',#2866,#2858,#2871,.T.);
#2873=ORIENTED_EDGE('',*,*,#2872,.F.);
#2874=CARTESIAN_POINT('',(9.5,11.8,15.7));
#2875=VERTEX_POINT('',#2874);
#2876=CARTESIAN_POINT('',(9.5,11.8,15.7));
#2877=DIRECTION('',(-1.,-0.,-0.));
#2878=VECTOR('',#2877,2.);
#2879=LINE('',#2876,#2878);
#2880=EDGE_CURVE('NONE',#2875,#2866,#2879,.T.);
#2881=ORIENTED_EDGE('',*,*,#2880,.F.);
#2882=CARTESIAN_POINT('',(9.5,11.8,15.7));
#2883=DIRECTION('',(0.,0.,1.));
#2884=VECTOR('',#2883,9.2);
#2885=LINE('',#2882,#2884);
#2886=EDGE_CURVE('NONE',#2875,#1634,#2885,.T.);
#2887=ORIENTED_EDGE('',*,*,#2886,.T.);
#2888=ORIENTED_EDGE('',*,*,#1639,.T.);
#2889=CARTESIAN_POINT('',(-9.5,11.8,15.7));
#2890=VERTEX_POINT('',#2889);
#2891=CARTESIAN_POINT('',(-9.5,11.8,15.7));
#2892=DIRECTION('',(0.,0.,1.));
#2893=VECTOR('',#2892,9.2);
#2894=LINE('',#2891,#2893);
#2895=EDGE_CURVE('NONE',#2890,#1625,#2894,.T.);
#2896=ORIENTED_EDGE('',*,*,#2895,.F.);
#2897=CARTESIAN_POINT('',(-7.5,11.8,15.7));
#2898=VERTEX_POINT('',#2897);
#2899=CARTESIAN_POINT('',(-7.5,11.8,15.7));
#2900=DIRECTION('',(-1.,-0.,-0.));
#2901=VECTOR('',#2900,2.);
#2902=LINE('',#2899,#2901);
#2903=EDGE_CURVE('NONE',#2898,#2890,#2902,.T.);
#2904=ORIENTED_EDGE('',*,*,#2903,.F.);
#2905=CARTESIAN_POINT('',(-7.5,11.8,13.4));
#2906=VERTEX_POINT('',#2905);
#2907=CARTESIAN_POINT('',(-7.5,11.8,14.55));
#2908=DIRECTION('',(-0.,-1.,-0.));
#2909=DIRECTION('',(0.,-0.,1.));
#2910=AXIS2_PLACEMENT_3D('',#2907,#2908,#2909);
#2911=CIRCLE('',#2910,1.15);
#2912=EDGE_CURVE('NONE',#2906,#2898,#2911,.T.);
#2913=ORIENTED_EDGE('',*,*,#2912,.F.);
#2914=CARTESIAN_POINT('',(-9.5,11.8,13.4));
#2915=VERTEX_POINT('',#2914);
#2916=CARTESIAN_POINT('',(-9.5,11.8,13.4));
#2917=DIRECTION('',(1.,-0.,-0.));
#2918=VECTOR('',#2917,2.);
#2919=LINE('',#2916,#2918);
#2920=EDGE_CURVE('NONE',#2915,#2906,#2919,.T.);
#2921=ORIENTED_EDGE('',*,*,#2920,.F.);
#2922=CARTESIAN_POINT('',(-9.5,11.8,10.7));
#2923=VERTEX_POINT('',#2922);
#2924=CARTESIAN_POINT('',(-9.5,11.8,10.7));
#2925=DIRECTION('',(0.,0.,1.));
#2926=VECTOR('',#2925,2.7);
#2927=LINE('',#2924,#2926);
#2928=EDGE_CURVE('NONE',#2923,#2915,#2927,.T.);
#2929=ORIENTED_EDGE('',*,*,#2928,.F.);
#2930=CARTESIAN_POINT('',(-7.5,11.8,10.7));
#2931=VERTEX_POINT('',#2930);
#2932=CARTESIAN_POINT('',(-7.5,11.8,10.7));
#2933=DIRECTION('',(-1.,-0.,-0.));
#2934=VECTOR('',#2933,2.);
#2935=LINE('',#2932,#2934);
#2936=EDGE_CURVE('NONE',#2931,#2923,#2935,.T.);
#2937=ORIENTED_EDGE('',*,*,#2936,.F.);
#2938=CARTESIAN_POINT('',(-7.5,11.8,8.4));
#2939=VERTEX_POINT('',#2938);
#2940=CARTESIAN_POINT('',(-7.5,11.8,9.55));
#2941=DIRECTION('',(-0.,-1.,-0.));
#2942=DIRECTION('',(0.,-0.,1.));
#2943=AXIS2_PLACEMENT_3D('',#2940,#2941,#2942);
#2944=CIRCLE('',#2943,1.15);
#2945=EDGE_CURVE('NONE',#2939,#2931,#2944,.T.);
#2946=ORIENTED_EDGE('',*,*,#2945,.F.);
#2947=CARTESIAN_POINT('',(-9.5,11.8,8.4));
#2948=VERTEX_POINT('',#2947);
#2949=CARTESIAN_POINT('',(-9.5,11.8,8.4));
#2950=DIRECTION('',(1.,-0.,-0.));
#2951=VECTOR('',#2950,2.);
#2952=LINE('',#2949,#2951);
#2953=EDGE_CURVE('NONE',#2948,#2939,#2952,.T.);
#2954=ORIENTED_EDGE('',*,*,#2953,.F.);
#2955=CARTESIAN_POINT('',(-9.5,11.8,5.7));
#2956=VERTEX_POINT('',#2955);
#2957=CARTESIAN_POINT('',(-9.5,11.8,5.7));
#2958=DIRECTION('',(0.,0.,1.));
#2959=VECTOR('',#2958,2.7);
#2960=LINE('',#2957,#2959);
#2961=EDGE_CURVE('NONE',#2956,#2948,#2960,.T.);
#2962=ORIENTED_EDGE('',*,*,#2961,.F.);
#2963=CARTESIAN_POINT('',(-7.5,11.8,5.7));
#2964=VERTEX_POINT('',#2963);
#2965=CARTESIAN_POINT('',(-7.5,11.8,5.7));
#2966=DIRECTION('',(-1.,-0.,-0.));
#2967=VECTOR('',#2966,2.);
#2968=LINE('',#2965,#2967);
#2969=EDGE_CURVE('NONE',#2964,#2956,#2968,.T.);
#2970=ORIENTED_EDGE('',*,*,#2969,.F.);
#2971=CARTESIAN_POINT('',(-7.5,11.8,3.4));
#2972=VERTEX_POINT('',#2971);
#2973=CARTESIAN_POINT('',(-7.5,11.8,4.55));
#2974=DIRECTION('',(-0.,-1.,-0.));
#2975=DIRECTION('',(0.,-0.,1.));
#2976=AXIS2_PLACEMENT_3D('',#2973,#2974,#2975);
#2977=CIRCLE('',#2976,1.15);
#2978=EDGE_CURVE('NONE',#2972,#2964,#2977,.T.);
#2979=ORIENTED_EDGE('',*,*,#2978,.F.);
#2980=CARTESIAN_POINT('',(-9.5,11.8,3.4));
#2981=VERTEX_POINT('',#2980);
#2982=CARTESIAN_POINT('',(-9.5,11.8,3.4));
#2983=DIRECTION('',(1.,-0.,-0.));
#2984=VECTOR('',#2983,2.);
#2985=LINE('',#2982,#2984);
#2986=EDGE_CURVE('NONE',#2981,#2972,#2985,.T.);
#2987=ORIENTED_EDGE('',*,*,#2986,.F.);
#2988=CARTESIAN_POINT('',(-9.5,11.8,0.7));
#2989=VERTEX_POINT('',#2988);
#2990=CARTESIAN_POINT('',(-9.5,11.8,0.7));
#2991=DIRECTION('',(0.,0.,1.));
#2992=VECTOR('',#2991,2.7);
#2993=LINE('',#2990,#2992);
#2994=EDGE_CURVE('NONE',#2989,#2981,#2993,.T.);
#2995=ORIENTED_EDGE('',*,*,#2994,.F.);
#2996=CARTESIAN_POINT('',(-7.5,11.8,0.7));
#2997=VERTEX_POINT('',#2996);
#2998=CARTESIAN_POINT('',(-7.5,11.8,0.7));
#2999=DIRECTION('',(-1.,-0.,-0.));
#3000=VECTOR('',#2999,2.);
#3001=LINE('',#2998,#3000);
#3002=EDGE_CURVE('NONE',#2997,#2989,#3001,.T.);
#3003=ORIENTED_EDGE('',*,*,#3002,.F.);
#3004=CARTESIAN_POINT('',(-7.5,11.8,-1.6));
#3005=VERTEX_POINT('',#3004);
#3006=CARTESIAN_POINT('',(-7.5,11.8,-0.45));
#3007=DIRECTION('',(-0.,-1.,-0.));
#3008=DIRECTION('',(0.,-0.,1.));
#3009=AXIS2_PLACEMENT_3D('',#3006,#3007,#3008);
#3010=CIRCLE('',#3009,1.15);
#3011=EDGE_CURVE('NONE',#3005,#2997,#3010,.T.);
#3012=ORIENTED_EDGE('',*,*,#3011,.F.);
#3013=CARTESIAN_POINT('',(-9.5,11.8,-1.6));
#3014=VERTEX_POINT('',#3013);
#3015=CARTESIAN_POINT('',(-9.5,11.8,-1.6));
#3016=DIRECTION('',(1.,-0.,-0.));
#3017=VECTOR('',#3016,2.);
#3018=LINE('',#3015,#3017);
#3019=EDGE_CURVE('NONE',#3014,#3005,#3018,.T.);
#3020=ORIENTED_EDGE('',*,*,#3019,.F.);
#3021=CARTESIAN_POINT('',(-9.5,11.8,-4.3));
#3022=VERTEX_POINT('',#3021);
#3023=CARTESIAN_POINT('',(-9.5,11.8,-4.3));
#3024=DIRECTION('',(0.,0.,1.));
#3025=VECTOR('',#3024,2.7);
#3026=LINE('',#3023,#3025);
#3027=EDGE_CURVE('NONE',#3022,#3014,#3026,.T.);
#3028=ORIENTED_EDGE('',*,*,#3027,.F.);
#3029=CARTESIAN_POINT('',(-7.5,11.8,-4.3));
#3030=VERTEX_POINT('',#3029);
#3031=CARTESIAN_POINT('',(-7.5,11.8,-4.3));
#3032=DIRECTION('',(-1.,-0.,-0.));
#3033=VECTOR('',#3032,2.);
#3034=LINE('',#3031,#3033);
#3035=EDGE_CURVE('NONE',#3030,#3022,#3034,.T.);
#3036=ORIENTED_EDGE('',*,*,#3035,.F.);
#3037=CARTESIAN_POINT('',(-7.5,11.8,-6.6));
#3038=VERTEX_POINT('',#3037);
#3039=CARTESIAN_POINT('',(-7.5,11.8,-5.45));
#3040=DIRECTION('',(-0.,-1.,-0.));
#3041=DIRECTION('',(0.,-0.,1.));
#3042=AXIS2_PLACEMENT_3D('',#3039,#3040,#3041);
#3043=CIRCLE('',#3042,1.15);
#3044=EDGE_CURVE('NONE',#3038,#3030,#3043,.T.);
#3045=ORIENTED_EDGE('',*,*,#3044,.F.);
#3046=CARTESIAN_POINT('',(-9.5,11.8,-6.6));
#3047=VERTEX_POINT('',#3046);
#3048=CARTESIAN_POINT('',(-9.5,11.8,-6.6));
#3049=DIRECTION('',(1.,-0.,-0.));
#3050=VECTOR('',#3049,2.);
#3051=LINE('',#3048,#3050);
#3052=EDGE_CURVE('NONE',#3047,#3038,#3051,.T.);
#3053=ORIENTED_EDGE('',*,*,#3052,.F.);
#3054=CARTESIAN_POINT('',(-9.5,11.8,-9.3));
#3055=VERTEX_POINT('',#3054);
#3056=CARTESIAN_POINT('',(-9.5,11.8,-9.3));
#3057=DIRECTION('',(0.,0.,1.));
#3058=VECTOR('',#3057,2.7);
#3059=LINE('',#3056,#3058);
#3060=EDGE_CURVE('NONE',#3055,#3047,#3059,.T.);
#3061=ORIENTED_EDGE('',*,*,#3060,.F.);
#3062=CARTESIAN_POINT('',(-7.5,11.8,-9.3));
#3063=VERTEX_POINT('',#3062);
#3064=CARTESIAN_POINT('',(-7.5,11.8,-9.3));
#3065=DIRECTION('',(-1.,-0.,-0.));
#3066=VECTOR('',#3065,2.);
#3067=LINE('',#3064,#3066);
#3068=EDGE_CURVE('NONE',#3063,#3055,#3067,.T.);
#3069=ORIENTED_EDGE('',*,*,#3068,.F.);
#3070=CARTESIAN_POINT('',(-7.5,11.8,-11.6));
#3071=VERTEX_POINT('',#3070);
#3072=CARTESIAN_POINT('',(-7.5,11.8,-10.45));
#3073=DIRECTION('',(-0.,-1.,-0.));
#3074=DIRECTION('',(0.,-0.,1.));
#3075=AXIS2_PLACEMENT_3D('',#3072,#3073,#3074);
#3076=CIRCLE('',#3075,1.15);
#3077=EDGE_CURVE('NONE',#3071,#3063,#3076,.T.);
#3078=ORIENTED_EDGE('',*,*,#3077,.F.);
#3079=CARTESIAN_POINT('',(-2.5,11.8,-11.6));
#3080=DIRECTION('',(-1.,0.,0.));
#3081=VECTOR('',#3080,5.);
#3082=LINE('',#3079,#3081);
#3083=EDGE_CURVE('NONE',#1161,#3071,#3082,.T.);
#3084=ORIENTED_EDGE('',*,*,#3083,.F.);
#3085=ORIENTED_EDGE('',*,*,#1167,.F.);
#3086=ORIENTED_EDGE('',*,*,#1174,.F.);
#3087=EDGE_LOOP('',(#2689,#2690,#2691,#2699,#2708,#2716,#2724,#2732,#2741,#2749,#2757,#2765,#2774,#2782,#2790,#2798,#2807,#2815,#2823,#2831,#2840,#2848,#2856,#2864,#2873,#2881,
#2887,#2888,#2896,#2904,#2913,#2921,#2929,#2937,#2946,#2954,#2962,#2970,#2979,#2987,#2995,#3003,#3012,#3020,#3028,#3036,#3045,#3053,#3061,#3069,#3078,
#3084,#3085,#3086));
#3088=FACE_BOUND('',#3087,.T.);
#3089=ADVANCED_FACE('NONE',(#2656,#2659,#2662,#2665,#2668,#2671,#2674,#2677,#2680,#2683,#3088),#2653,.F.);
#3090=CARTESIAN_POINT('',(9.5,9.5,-36.650349299));
#3091=DIRECTION('',(0.,0.,1.));
#3092=DIRECTION('',(1.,0.,-0.));
#3093=AXIS2_PLACEMENT_3D('',#3090,#3091,#3092);
#3094=CYLINDRICAL_SURFACE('',#3093,2.3);
#3095=ORIENTED_EDGE('',*,*,#2478,.T.);
#3096=ORIENTED_EDGE('',*,*,#1648,.T.);
#3097=ORIENTED_EDGE('',*,*,#2886,.F.);
#3098=CARTESIAN_POINT('',(9.5,9.5,15.7));
#3099=DIRECTION('',(0.,0.,1.));
#3100=DIRECTION('',(1.,0.,-0.));
#3101=AXIS2_PLACEMENT_3D('',#3098,#3099,#3100);
#3102=CIRCLE('',#3101,2.3);
#3103=EDGE_CURVE('NONE',#2473,#2875,#3102,.T.);
#3104=ORIENTED_EDGE('',*,*,#3103,.F.);
#3105=EDGE_LOOP('',(#3095,#3096,#3097,#3104));
#3106=FACE_BOUND('',#3105,.T.);
#3107=ADVANCED_FACE('NONE',(#3106),#3094,.F.);
#3108=CARTESIAN_POINT('',(9.5,9.5,-36.650349299));
#3109=DIRECTION('',(0.,0.,1.));
#3110=DIRECTION('',(1.,0.,-0.));
#3111=AXIS2_PLACEMENT_3D('',#3108,#3109,#3110);
#3112=CYLINDRICAL_SURFACE('',#3111,2.3);
#3113=ORIENTED_EDGE('',*,*,#2510,.T.);
#3114=CARTESIAN_POINT('',(9.5,9.5,13.4));
#3115=DIRECTION('',(-0.,-0.,-1.));
#3116=DIRECTION('',(1.,0.,-0.));
#3117=AXIS2_PLACEMENT_3D('',#3114,#3115,#3116);
#3118=CIRCLE('',#3117,2.3);
#3119=EDGE_CURVE('NONE',#2850,#2497,#3118,.T.);
#3120=ORIENTED_EDGE('',*,*,#3119,.F.);
#3121=ORIENTED_EDGE('',*,*,#2855,.F.);
#3122=CARTESIAN_POINT('',(9.5,9.5,10.7));
#3123=DIRECTION('',(0.,0.,1.));
#3124=DIRECTION('',(1.,0.,-0.));
#3125=AXIS2_PLACEMENT_3D('',#3122,#3123,#3124);
#3126=CIRCLE('',#3125,2.3);
#3127=EDGE_CURVE('NONE',#2505,#2842,#3126,.T.);
#3128=ORIENTED_EDGE('',*,*,#3127,.F.);
#3129=EDGE_LOOP('',(#3113,#3120,#3121,#3128));
#3130=FACE_BOUND('',#3129,.T.);
#3131=ADVANCED_FACE('NONE',(#3130),#3112,.F.);
#3132=CARTESIAN_POINT('',(9.5,9.5,-36.650349299));
#3133=DIRECTION('',(0.,0.,1.));
#3134=DIRECTION('',(1.,0.,-0.));
#3135=AXIS2_PLACEMENT_3D('',#3132,#3133,#3134);
#3136=CYLINDRICAL_SURFACE('',#3135,2.3);
#3137=ORIENTED_EDGE('',*,*,#2542,.T.);
#3138=CARTESIAN_POINT('',(9.5,9.5,8.4));
#3139=DIRECTION('',(-0.,-0.,-1.));
#3140=DIRECTION('',(1.,0.,-0.));
#3141=AXIS2_PLACEMENT_3D('',#3138,#3139,#3140);
#3142=CIRCLE('',#3141,2.3);
#3143=EDGE_CURVE('NONE',#2817,#2529,#3142,.T.);
#3144=ORIENTED_EDGE('',*,*,#3143,.F.);
#3145=ORIENTED_EDGE('',*,*,#2822,.F.);
#3146=CARTESIAN_POINT('',(9.5,9.5,5.7));
#3147=DIRECTION('',(0.,0.,1.));
#3148=DIRECTION('',(1.,0.,-0.));
#3149=AXIS2_PLACEMENT_3D('',#3146,#3147,#3148);
#3150=CIRCLE('',#3149,2.3);
#3151=EDGE_CURVE('NONE',#2537,#2809,#3150,.T.);
#3152=ORIENTED_EDGE('',*,*,#3151,.F.);
#3153=EDGE_LOOP('',(#3137,#3144,#3145,#3152));
#3154=FACE_BOUND('',#3153,.T.);
#3155=ADVANCED_FACE('NONE',(#3154),#3136,.F.);
#3156=CARTESIAN_POINT('',(9.5,9.5,-36.650349299));
#3157=DIRECTION('',(0.,0.,1.));
#3158=DIRECTION('',(1.,0.,-0.));
#3159=AXIS2_PLACEMENT_3D('',#3156,#3157,#3158);
#3160=CYLINDRICAL_SURFACE('',#3159,2.3);
#3161=ORIENTED_EDGE('',*,*,#2574,.T.);
#3162=CARTESIAN_POINT('',(9.5,9.5,3.4));
#3163=DIRECTION('',(-0.,-0.,-1.));
#3164=DIRECTION('',(1.,0.,-0.));
#3165=AXIS2_PLACEMENT_3D('',#3162,#3163,#3164);
#3166=CIRCLE('',#3165,2.3);
#3167=EDGE_CURVE('NONE',#2784,#2561,#3166,.T.);
#3168=ORIENTED_EDGE('',*,*,#3167,.F.);
#3169=ORIENTED_EDGE('',*,*,#2789,.F.);
#3170=CARTESIAN_POINT('',(9.5,9.5,0.7));
#3171=DIRECTION('',(0.,0.,1.));
#3172=DIRECTION('',(1.,0.,-0.));
#3173=AXIS2_PLACEMENT_3D('',#3170,#3171,#3172);
#3174=CIRCLE('',#3173,2.3);
#3175=EDGE_CURVE('NONE',#2569,#2776,#3174,.T.);
#3176=ORIENTED_EDGE('',*,*,#3175,.F.);
#3177=EDGE_LOOP('',(#3161,#3168,#3169,#3176));
#3178=FACE_BOUND('',#3177,.T.);
#3179=ADVANCED_FACE('NONE',(#3178),#3160,.F.);
#3180=CARTESIAN_POINT('',(9.5,9.5,-36.650349299));
#3181=DIRECTION('',(0.,0.,1.));
#3182=DIRECTION('',(1.,0.,-0.));
#3183=AXIS2_PLACEMENT_3D('',#3180,#3181,#3182);
#3184=CYLINDRICAL_SURFACE('',#3183,2.3);
#3185=ORIENTED_EDGE('',*,*,#2606,.T.);
#3186=CARTESIAN_POINT('',(9.5,9.5,-1.6));
#3187=DIRECTION('',(-0.,-0.,-1.));
#3188=DIRECTION('',(1.,0.,-0.));
#3189=AXIS2_PLACEMENT_3D('',#3186,#3187,#3188);
#3190=CIRCLE('',#3189,2.3);
#3191=EDGE_CURVE('NONE',#2751,#2593,#3190,.T.);
#3192=ORIENTED_EDGE('',*,*,#3191,.F.);
#3193=ORIENTED_EDGE('',*,*,#2756,.F.);
#3194=CARTESIAN_POINT('',(9.5,9.5,-4.3));
#3195=DIRECTION('',(0.,0.,1.));
#3196=DIRECTION('',(1.,0.,-0.));
#3197=AXIS2_PLACEMENT_3D('',#3194,#3195,#3196);
#3198=CIRCLE('',#3197,2.3);
#3199=EDGE_CURVE('NONE',#2601,#2743,#3198,.T.);
#3200=ORIENTED_EDGE('',*,*,#3199,.F.);
#3201=EDGE_LOOP('',(#3185,#3192,#3193,#3200));
#3202=FACE_BOUND('',#3201,.T.);
#3203=ADVANCED_FACE('NONE',(#3202),#3184,.F.);
#3204=CARTESIAN_POINT('',(9.5,9.5,-36.650349299));
#3205=DIRECTION('',(0.,0.,1.));
#3206=DIRECTION('',(1.,0.,-0.));
#3207=AXIS2_PLACEMENT_3D('',#3204,#3205,#3206);
#3208=CYLINDRICAL_SURFACE('',#3207,2.3);
#3209=ORIENTED_EDGE('',*,*,#2638,.T.);
#3210=CARTESIAN_POINT('',(9.5,9.5,-6.6));
#3211=DIRECTION('',(-0.,-0.,-1.));
#3212=DIRECTION('',(1.,0.,-0.));
#3213=AXIS2_PLACEMENT_3D('',#3210,#3211,#3212);
#3214=CIRCLE('',#3213,2.3);
#3215=EDGE_CURVE('NONE',#2718,#2625,#3214,.T.);
#3216=ORIENTED_EDGE('',*,*,#3215,.F.);
#3217=ORIENTED_EDGE('',*,*,#2723,.F.);
#3218=CARTESIAN_POINT('',(9.5,9.5,-9.3));
#3219=DIRECTION('',(0.,0.,1.));
#3220=DIRECTION('',(1.,0.,-0.));
#3221=AXIS2_PLACEMENT_3D('',#3218,#3219,#3220);
#3222=CIRCLE('',#3221,2.3);
#3223=EDGE_CURVE('NONE',#2633,#2710,#3222,.T.);
#3224=ORIENTED_EDGE('',*,*,#3223,.F.);
#3225=EDGE_LOOP('',(#3209,#3216,#3217,#3224));
#3226=FACE_BOUND('',#3225,.T.);
#3227=ADVANCED_FACE('NONE',(#3226),#3208,.F.);
#3228=CARTESIAN_POINT('',(-11.8,3.4,-36.650349299));
#3229=DIRECTION('',(-1.,0.,0.));
#3230=DIRECTION('',(0.,0.,1.));
#3231=AXIS2_PLACEMENT_3D('',#3228,#3229,#3230);
#3232=PLANE('',#3231);
#3233=CARTESIAN_POINT('',(-11.8,9.5,-9.3));
#3234=VERTEX_POINT('',#3233);
#3235=CARTESIAN_POINT('',(-11.8,9.5,-6.6));
#3236=VERTEX_POINT('',#3235);
#3237=CARTESIAN_POINT('',(-11.8,9.5,-9.3));
#3238=DIRECTION('',(0.,0.,1.));
#3239=VECTOR('',#3238,2.7);
#3240=LINE('',#3237,#3239);
#3241=EDGE_CURVE('NONE',#3234,#3236,#3240,.T.);
#3242=ORIENTED_EDGE('',*,*,#3241,.T.);
#3243=CARTESIAN_POINT('',(-11.8,7.9,-6.6));
#3244=VERTEX_POINT('',#3243);
#3245=CARTESIAN_POINT('',(-11.8,7.9,-6.6));
#3246=DIRECTION('',(0.,1.,0.));
#3247=VECTOR('',#3246,1.6);
#3248=LINE('',#3245,#3247);
#3249=EDGE_CURVE('NONE',#3244,#3236,#3248,.T.);
#3250=ORIENTED_EDGE('',*,*,#3249,.F.);
#3251=CARTESIAN_POINT('',(-11.8,7.9,-4.3));
#3252=VERTEX_POINT('',#3251);
#3253=CARTESIAN_POINT('',(-11.8,7.9,-6.6));
#3254=DIRECTION('',(0.,0.,1.));
#3255=VECTOR('',#3254,2.3);
#3256=LINE('',#3253,#3255);
#3257=EDGE_CURVE('NONE',#3244,#3252,#3256,.T.);
#3258=ORIENTED_EDGE('',*,*,#3257,.T.);
#3259=CARTESIAN_POINT('',(-11.8,9.5,-4.3));
#3260=VERTEX_POINT('',#3259);
#3261=CARTESIAN_POINT('',(-11.8,9.5,-4.3));
#3262=DIRECTION('',(-0.,-1.,-0.));
#3263=VECTOR('',#3262,1.6);
#3264=LINE('',#3261,#3263);
#3265=EDGE_CURVE('NONE',#3260,#3252,#3264,.T.);
#3266=ORIENTED_EDGE('',*,*,#3265,.F.);
#3267=CARTESIAN_POINT('',(-11.8,9.5,-1.6));
#3268=VERTEX_POINT('',#3267);
#3269=CARTESIAN_POINT('',(-11.8,9.5,-4.3));
#3270=DIRECTION('',(0.,0.,1.));
#3271=VECTOR('',#3270,2.7);
#3272=LINE('',#3269,#3271);
#3273=EDGE_CURVE('NONE',#3260,#3268,#3272,.T.);
#3274=ORIENTED_EDGE('',*,*,#3273,.T.);
#3275=CARTESIAN_POINT('',(-11.8,7.9,-1.6));
#3276=VERTEX_POINT('',#3275);
#3277=CARTESIAN_POINT('',(-11.8,7.9,-1.6));
#3278=DIRECTION('',(0.,1.,0.));
#3279=VECTOR('',#3278,1.6);
#3280=LINE('',#3277,#3279);
#3281=EDGE_CURVE('NONE',#3276,#3268,#3280,.T.);
#3282=ORIENTED_EDGE('',*,*,#3281,.F.);
#3283=CARTESIAN_POINT('',(-11.8,7.9,0.7));
#3284=VERTEX_POINT('',#3283);
#3285=CARTESIAN_POINT('',(-11.8,7.9,-1.6));
#3286=DIRECTION('',(0.,0.,1.));
#3287=VECTOR('',#3286,2.3);
#3288=LINE('',#3285,#3287);
#3289=EDGE_CURVE('NONE',#3276,#3284,#3288,.T.);
#3290=ORIENTED_EDGE('',*,*,#3289,.T.);
#3291=CARTESIAN_POINT('',(-11.8,9.5,0.7));
#3292=VERTEX_POINT('',#3291);
#3293=CARTESIAN_POINT('',(-11.8,9.5,0.7));
#3294=DIRECTION('',(-0.,-1.,-0.));
#3295=VECTOR('',#3294,1.6);
#3296=LINE('',#3293,#3295);
#3297=EDGE_CURVE('NONE',#3292,#3284,#3296,.T.);
#3298=ORIENTED_EDGE('',*,*,#3297,.F.);
#3299=CARTESIAN_POINT('',(-11.8,9.5,3.4));
#3300=VERTEX_POINT('',#3299);
#3301=CARTESIAN_POINT('',(-11.8,9.5,0.7));
#3302=DIRECTION('',(0.,0.,1.));
#3303=VECTOR('',#3302,2.7);
#3304=LINE('',#3301,#3303);
#3305=EDGE_CURVE('NONE',#3292,#3300,#3304,.T.);
#3306=ORIENTED_EDGE('',*,*,#3305,.T.);
#3307=CARTESIAN_POINT('',(-11.8,7.9,3.4));
#3308=VERTEX_POINT('',#3307);
#3309=CARTESIAN_POINT('',(-11.8,7.9,3.4));
#3310=DIRECTION('',(0.,1.,0.));
#3311=VECTOR('',#3310,1.6);
#3312=LINE('',#3309,#3311);
#3313=EDGE_CURVE('NONE',#3308,#3300,#3312,.T.);
#3314=ORIENTED_EDGE('',*,*,#3313,.F.);
#3315=CARTESIAN_POINT('',(-11.8,7.9,5.7));
#3316=VERTEX_POINT('',#3315);
#3317=CARTESIAN_POINT('',(-11.8,7.9,3.4));
#3318=DIRECTION('',(0.,0.,1.));
#3319=VECTOR('',#3318,2.3);
#3320=LINE('',#3317,#3319);
#3321=EDGE_CURVE('NONE',#3308,#3316,#3320,.T.);
#3322=ORIENTED_EDGE('',*,*,#3321,.T.);
#3323=CARTESIAN_POINT('',(-11.8,9.5,5.7));
#3324=VERTEX_POINT('',#3323);
#3325=CARTESIAN_POINT('',(-11.8,9.5,5.7));
#3326=DIRECTION('',(-0.,-1.,-0.));
#3327=VECTOR('',#3326,1.6);
#3328=LINE('',#3325,#3327);
#3329=EDGE_CURVE('NONE',#3324,#3316,#3328,.T.);
#3330=ORIENTED_EDGE('',*,*,#3329,.F.);
#3331=CARTESIAN_POINT('',(-11.8,9.5,8.4));
#3332=VERTEX_POINT('',#3331);
#3333=CARTESIAN_POINT('',(-11.8,9.5,5.7));
#3334=DIRECTION('',(0.,0.,1.));
#3335=VECTOR('',#3334,2.7);
#3336=LINE('',#3333,#3335);
#3337=EDGE_CURVE('NONE',#3324,#3332,#3336,.T.);
#3338=ORIENTED_EDGE('',*,*,#3337,.T.);
#3339=CARTESIAN_POINT('',(-11.8,7.9,8.4));
#3340=VERTEX_POINT('',#3339);
#3341=CARTESIAN_POINT('',(-11.8,7.9,8.4));
#3342=DIRECTION('',(0.,1.,0.));
#3343=VECTOR('',#3342,1.6);
#3344=LINE('',#3341,#3343);
#3345=EDGE_CURVE('NONE',#3340,#3332,#3344,.T.);
#3346=ORIENTED_EDGE('',*,*,#3345,.F.);
#3347=CARTESIAN_POINT('',(-11.8,7.9,10.7));
#3348=VERTEX_POINT('',#3347);
#3349=CARTESIAN_POINT('',(-11.8,7.9,8.4));
#3350=DIRECTION('',(0.,0.,1.));
#3351=VECTOR('',#3350,2.3);
#3352=LINE('',#3349,#3351);
#3353=EDGE_CURVE('NONE',#3340,#3348,#3352,.T.);
#3354=ORIENTED_EDGE('',*,*,#3353,.T.);
#3355=CARTESIAN_POINT('',(-11.8,9.5,10.7));
#3356=VERTEX_POINT('',#3355);
#3357=CARTESIAN_POINT('',(-11.8,9.5,10.7));
#3358=DIRECTION('',(-0.,-1.,-0.));
#3359=VECTOR('',#3358,1.6);
#3360=LINE('',#3357,#3359);
#3361=EDGE_CURVE('NONE',#3356,#3348,#3360,.T.);
#3362=ORIENTED_EDGE('',*,*,#3361,.F.);
#3363=CARTESIAN_POINT('',(-11.8,9.5,13.4));
#3364=VERTEX_POINT('',#3363);
#3365=CARTESIAN_POINT('',(-11.8,9.5,10.7));
#3366=DIRECTION('',(0.,0.,1.));
#3367=VECTOR('',#3366,2.7);
#3368=LINE('',#3365,#3367);
#3369=EDGE_CURVE('NONE',#3356,#3364,#3368,.T.);
#3370=ORIENTED_EDGE('',*,*,#3369,.T.);
#3371=CARTESIAN_POINT('',(-11.8,7.9,13.4));
#3372=VERTEX_POINT('',#3371);
#3373=CARTESIAN_POINT('',(-11.8,7.9,13.4));
#3374=DIRECTION('',(0.,1.,0.));
#3375=VECTOR('',#3374,1.6);
#3376=LINE('',#3373,#3375);
#3377=EDGE_CURVE('NONE',#3372,#3364,#3376,.T.);
#3378=ORIENTED_EDGE('',*,*,#3377,.F.);
#3379=CARTESIAN_POINT('',(-11.8,7.9,15.7));
#3380=VERTEX_POINT('',#3379);
#3381=CARTESIAN_POINT('',(-11.8,7.9,13.4));
#3382=DIRECTION('',(0.,0.,1.));
#3383=VECTOR('',#3382,2.3);
#3384=LINE('',#3381,#3383);
#3385=EDGE_CURVE('NONE',#3372,#3380,#3384,.T.);
#3386=ORIENTED_EDGE('',*,*,#3385,.T.);
#3387=CARTESIAN_POINT('',(-11.8,9.5,15.7));
#3388=VERTEX_POINT('',#3387);
#3389=CARTESIAN_POINT('',(-11.8,9.5,15.7));
#3390=DIRECTION('',(-0.,-1.,-0.));
#3391=VECTOR('',#3390,1.6);
#3392=LINE('',#3389,#3391);
#3393=EDGE_CURVE('NONE',#3388,#3380,#3392,.T.);
#3394=ORIENTED_EDGE('',*,*,#3393,.F.);
#3395=CARTESIAN_POINT('',(-11.8,9.5,15.7));
#3396=DIRECTION('',(0.,0.,1.));
#3397=VECTOR('',#3396,9.2);
#3398=LINE('',#3395,#3397);
#3399=EDGE_CURVE('NONE',#3388,#1617,#3398,.T.);
#3400=ORIENTED_EDGE('',*,*,#3399,.T.);
#3401=ORIENTED_EDGE('',*,*,#1622,.T.);
#3402=ORIENTED_EDGE('',*,*,#2388,.F.);
#3403=CARTESIAN_POINT('',(-11.8,7.9,-11.6));
#3404=VERTEX_POINT('',#3403);
#3405=CARTESIAN_POINT('',(-11.8,7.9,-11.6));
#3406=DIRECTION('',(-0.,-1.,-0.));
#3407=VECTOR('',#3406,4.5);
#3408=LINE('',#3405,#3407);
#3409=EDGE_CURVE('NONE',#3404,#2383,#3408,.T.);
#3410=ORIENTED_EDGE('',*,*,#3409,.F.);
#3411=CARTESIAN_POINT('',(-11.8,7.9,-9.3));
#3412=VERTEX_POINT('',#3411);
#3413=CARTESIAN_POINT('',(-11.8,7.9,-11.6));
#3414=DIRECTION('',(0.,0.,1.));
#3415=VECTOR('',#3414,2.3);
#3416=LINE('',#3413,#3415);
#3417=EDGE_CURVE('NONE',#3404,#3412,#3416,.T.);
#3418=ORIENTED_EDGE('',*,*,#3417,.T.);
#3419=CARTESIAN_POINT('',(-11.8,9.5,-9.3));
#3420=DIRECTION('',(-0.,-1.,-0.));
#3421=VECTOR('',#3420,1.6);
#3422=LINE('',#3419,#3421);
#3423=EDGE_CURVE('NONE',#3234,#3412,#3422,.T.);
#3424=ORIENTED_EDGE('',*,*,#3423,.F.);
#3425=EDGE_LOOP('',(#3242,#3250,#3258,#3266,#3274,#3282,#3290,#3298,#3306,#3314,#3322,#3330,#3338,#3346,#3354,#3362,#3370,#3378,#3386,#3394,#3400,#3401,#3402,#3410,#3418,#3424));
#3426=FACE_BOUND('',#3425,.T.);
#3427=ADVANCED_FACE('NONE',(#3426),#3232,.F.);
#3428=CARTESIAN_POINT('',(-9.5,9.5,-36.650349299));
#3429=DIRECTION('',(0.,0.,1.));
#3430=DIRECTION('',(1.,0.,-0.));
#3431=AXIS2_PLACEMENT_3D('',#3428,#3429,#3430);
#3432=CYLINDRICAL_SURFACE('',#3431,2.3);
#3433=ORIENTED_EDGE('',*,*,#2895,.T.);
#3434=ORIENTED_EDGE('',*,*,#1631,.T.);
#3435=ORIENTED_EDGE('',*,*,#3399,.F.);
#3436=CARTESIAN_POINT('',(-9.5,9.5,15.7));
#3437=DIRECTION('',(0.,0.,1.));
#3438=DIRECTION('',(1.,0.,-0.));
#3439=AXIS2_PLACEMENT_3D('',#3436,#3437,#3438);
#3440=CIRCLE('',#3439,2.3);
#3441=EDGE_CURVE('NONE',#2890,#3388,#3440,.T.);
#3442=ORIENTED_EDGE('',*,*,#3441,.F.);
#3443=EDGE_LOOP('',(#3433,#3434,#3435,#3442));
#3444=FACE_BOUND('',#3443,.T.);
#3445=ADVANCED_FACE('NONE',(#3444),#3432,.F.);
#3446=CARTESIAN_POINT('',(-9.5,9.5,-36.650349299));
#3447=DIRECTION('',(0.,0.,1.));
#3448=DIRECTION('',(1.,0.,-0.));
#3449=AXIS2_PLACEMENT_3D('',#3446,#3447,#3448);
#3450=CYLINDRICAL_SURFACE('',#3449,2.3);
#3451=ORIENTED_EDGE('',*,*,#2928,.T.);
#3452=CARTESIAN_POINT('',(-9.5,9.5,13.4));
#3453=DIRECTION('',(-0.,-0.,-1.));
#3454=DIRECTION('',(1.,0.,-0.));
#3455=AXIS2_PLACEMENT_3D('',#3452,#3453,#3454);
#3456=CIRCLE('',#3455,2.3);
#3457=EDGE_CURVE('NONE',#3364,#2915,#3456,.T.);
#3458=ORIENTED_EDGE('',*,*,#3457,.F.);
#3459=ORIENTED_EDGE('',*,*,#3369,.F.);
#3460=CARTESIAN_POINT('',(-9.5,9.5,10.7));
#3461=DIRECTION('',(0.,0.,1.));
#3462=DIRECTION('',(1.,0.,-0.));
#3463=AXIS2_PLACEMENT_3D('',#3460,#3461,#3462);
#3464=CIRCLE('',#3463,2.3);
#3465=EDGE_CURVE('NONE',#2923,#3356,#3464,.T.);
#3466=ORIENTED_EDGE('',*,*,#3465,.F.);
#3467=EDGE_LOOP('',(#3451,#3458,#3459,#3466));
#3468=FACE_BOUND('',#3467,.T.);
#3469=ADVANCED_FACE('NONE',(#3468),#3450,.F.);
#3470=CARTESIAN_POINT('',(-9.5,9.5,-36.650349299));
#3471=DIRECTION('',(0.,0.,1.));
#3472=DIRECTION('',(1.,0.,-0.));
#3473=AXIS2_PLACEMENT_3D('',#3470,#3471,#3472);
#3474=CYLINDRICAL_SURFACE('',#3473,2.3);
#3475=ORIENTED_EDGE('',*,*,#2961,.T.);
#3476=CARTESIAN_POINT('',(-9.5,9.5,8.4));
#3477=DIRECTION('',(-0.,-0.,-1.));
#3478=DIRECTION('',(1.,0.,-0.));
#3479=AXIS2_PLACEMENT_3D('',#3476,#3477,#3478);
#3480=CIRCLE('',#3479,2.3);
#3481=EDGE_CURVE('NONE',#3332,#2948,#3480,.T.);
#3482=ORIENTED_EDGE('',*,*,#3481,.F.);
#3483=ORIENTED_EDGE('',*,*,#3337,.F.);
#3484=CARTESIAN_POINT('',(-9.5,9.5,5.7));
#3485=DIRECTION('',(0.,0.,1.));
#3486=DIRECTION('',(1.,0.,-0.));
#3487=AXIS2_PLACEMENT_3D('',#3484,#3485,#3486);
#3488=CIRCLE('',#3487,2.3);
#3489=EDGE_CURVE('NONE',#2956,#3324,#3488,.T.);
#3490=ORIENTED_EDGE('',*,*,#3489,.F.);
#3491=EDGE_LOOP('',(#3475,#3482,#3483,#3490));
#3492=FACE_BOUND('',#3491,.T.);
#3493=ADVANCED_FACE('NONE',(#3492),#3474,.F.);
#3494=CARTESIAN_POINT('',(-9.5,9.5,-36.650349299));
#3495=DIRECTION('',(0.,0.,1.));
#3496=DIRECTION('',(1.,0.,-0.));
#3497=AXIS2_PLACEMENT_3D('',#3494,#3495,#3496);
#3498=CYLINDRICAL_SURFACE('',#3497,2.3);
#3499=ORIENTED_EDGE('',*,*,#2994,.T.);
#3500=CARTESIAN_POINT('',(-9.5,9.5,3.4));
#3501=DIRECTION('',(-0.,-0.,-1.));
#3502=DIRECTION('',(1.,0.,-0.));
#3503=AXIS2_PLACEMENT_3D('',#3500,#3501,#3502);
#3504=CIRCLE('',#3503,2.3);
#3505=EDGE_CURVE('NONE',#3300,#2981,#3504,.T.);
#3506=ORIENTED_EDGE('',*,*,#3505,.F.);
#3507=ORIENTED_EDGE('',*,*,#3305,.F.);
#3508=CARTESIAN_POINT('',(-9.5,9.5,0.7));
#3509=DIRECTION('',(0.,0.,1.));
#3510=DIRECTION('',(1.,0.,-0.));
#3511=AXIS2_PLACEMENT_3D('',#3508,#3509,#3510);
#3512=CIRCLE('',#3511,2.3);
#3513=EDGE_CURVE('NONE',#2989,#3292,#3512,.T.);
#3514=ORIENTED_EDGE('',*,*,#3513,.F.);
#3515=EDGE_LOOP('',(#3499,#3506,#3507,#3514));
#3516=FACE_BOUND('',#3515,.T.);
#3517=ADVANCED_FACE('NONE',(#3516),#3498,.F.);
#3518=CARTESIAN_POINT('',(-9.5,9.5,-36.650349299));
#3519=DIRECTION('',(0.,0.,1.));
#3520=DIRECTION('',(1.,0.,-0.));
#3521=AXIS2_PLACEMENT_3D('',#3518,#3519,#3520);
#3522=CYLINDRICAL_SURFACE('',#3521,2.3);
#3523=ORIENTED_EDGE('',*,*,#3027,.T.);
#3524=CARTESIAN_POINT('',(-9.5,9.5,-1.6));
#3525=DIRECTION('',(-0.,-0.,-1.));
#3526=DIRECTION('',(1.,0.,-0.));
#3527=AXIS2_PLACEMENT_3D('',#3524,#3525,#3526);
#3528=CIRCLE('',#3527,2.3);
#3529=EDGE_CURVE('NONE',#3268,#3014,#3528,.T.);
#3530=ORIENTED_EDGE('',*,*,#3529,.F.);
#3531=ORIENTED_EDGE('',*,*,#3273,.F.);
#3532=CARTESIAN_POINT('',(-9.5,9.5,-4.3));
#3533=DIRECTION('',(0.,0.,1.));
#3534=DIRECTION('',(1.,0.,-0.));
#3535=AXIS2_PLACEMENT_3D('',#3532,#3533,#3534);
#3536=CIRCLE('',#3535,2.3);
#3537=EDGE_CURVE('NONE',#3022,#3260,#3536,.T.);
#3538=ORIENTED_EDGE('',*,*,#3537,.F.);
#3539=EDGE_LOOP('',(#3523,#3530,#3531,#3538));
#3540=FACE_BOUND('',#3539,.T.);
#3541=ADVANCED_FACE('NONE',(#3540),#3522,.F.);
#3542=CARTESIAN_POINT('',(-9.5,9.5,-36.650349299));
#3543=DIRECTION('',(0.,0.,1.));
#3544=DIRECTION('',(1.,0.,-0.));
#3545=AXIS2_PLACEMENT_3D('',#3542,#3543,#3544);
#3546=CYLINDRICAL_SURFACE('',#3545,2.3);
#3547=ORIENTED_EDGE('',*,*,#3060,.T.);
#3548=CARTESIAN_POINT('',(-9.5,9.5,-6.6));
#3549=DIRECTION('',(-0.,-0.,-1.));
#3550=DIRECTION('',(1.,0.,-0.));
#3551=AXIS2_PLACEMENT_3D('',#3548,#3549,#3550);
#3552=CIRCLE('',#3551,2.3);
#3553=EDGE_CURVE('NONE',#3236,#3047,#3552,.T.);
#3554=ORIENTED_EDGE('',*,*,#3553,.F.);
#3555=ORIENTED_EDGE('',*,*,#3241,.F.);
#3556=CARTESIAN_POINT('',(-9.5,9.5,-9.3));
#3557=DIRECTION('',(0.,0.,1.));
#3558=DIRECTION('',(1.,0.,-0.));
#3559=AXIS2_PLACEMENT_3D('',#3556,#3557,#3558);
#3560=CIRCLE('',#3559,2.3);
#3561=EDGE_CURVE('NONE',#3055,#3234,#3560,.T.);
#3562=ORIENTED_EDGE('',*,*,#3561,.F.);
#3563=EDGE_LOOP('',(#3547,#3554,#3555,#3562));
#3564=FACE_BOUND('',#3563,.T.);
#3565=ADVANCED_FACE('NONE',(#3564),#3546,.F.);
#3566=CARTESIAN_POINT('',(7.5,7.9,14.55));
#3567=DIRECTION('',(0.,1.,0.));
#3568=DIRECTION('',(0.,0.,1.));
#3569=AXIS2_PLACEMENT_3D('',#3566,#3567,#3568);
#3570=PLANE('',#3569);
#3571=ORIENTED_EDGE('',*,*,#2494,.F.);
#3572=CARTESIAN_POINT('',(11.8,7.9,15.7));
#3573=DIRECTION('',(1.,0.,-0.));
#3574=VECTOR('',#3573,1.7);
#3575=LINE('',#3572,#3574);
#3576=EDGE_CURVE('NONE',#2481,#1954,#3575,.T.);
#3577=ORIENTED_EDGE('',*,*,#3576,.T.);
#3578=ORIENTED_EDGE('',*,*,#1959,.T.);
#3579=CARTESIAN_POINT('',(13.5,7.9,13.4));
#3580=DIRECTION('',(-1.,-0.,0.));
#3581=VECTOR('',#3580,1.7);
#3582=LINE('',#3579,#3581);
#3583=EDGE_CURVE('NONE',#1946,#2489,#3582,.T.);
#3584=ORIENTED_EDGE('',*,*,#3583,.T.);
#3585=EDGE_LOOP('',(#3571,#3577,#3578,#3584));
#3586=FACE_BOUND('',#3585,.T.);
#3587=ADVANCED_FACE('NONE',(#3586),#3570,.T.);
#3588=CARTESIAN_POINT('',(7.5,7.9,15.7));
#3589=DIRECTION('',(-0.,0.,1.));
#3590=DIRECTION('',(1.,0.,0.));
#3591=AXIS2_PLACEMENT_3D('',#3588,#3589,#3590);
#3592=PLANE('',#3591);
#3593=ORIENTED_EDGE('',*,*,#3576,.F.);
#3594=ORIENTED_EDGE('',*,*,#2486,.T.);
#3595=ORIENTED_EDGE('',*,*,#3103,.T.);
#3596=ORIENTED_EDGE('',*,*,#2880,.T.);
#3597=CARTESIAN_POINT('',(7.5,13.5,15.7));
#3598=VERTEX_POINT('',#3597);
#3599=CARTESIAN_POINT('',(7.5,11.8,15.7));
#3600=DIRECTION('',(0.,1.,0.));
#3601=VECTOR('',#3600,1.7);
#3602=LINE('',#3599,#3601);
#3603=EDGE_CURVE('NONE',#2866,#3598,#3602,.T.);
#3604=ORIENTED_EDGE('',*,*,#3603,.T.);
#3605=CARTESIAN_POINT('',(9.5,13.5,15.7));
#3606=VERTEX_POINT('',#3605);
#3607=CARTESIAN_POINT('',(7.5,13.5,15.7));
#3608=DIRECTION('',(1.,0.,0.));
#3609=VECTOR('',#3608,2.);
#3610=LINE('',#3607,#3609);
#3611=EDGE_CURVE('NONE',#3598,#3606,#3610,.T.);
#3612=ORIENTED_EDGE('',*,*,#3611,.T.);
#3613=CARTESIAN_POINT('',(9.5,9.5,15.7));
#3614=DIRECTION('',(-0.,0.,-1.));
#3615=DIRECTION('',(-1.,0.,0.));
#3616=AXIS2_PLACEMENT_3D('',#3613,#3614,#3615);
#3617=CIRCLE('',#3616,4.);
#3618=EDGE_CURVE('NONE',#3606,#1962,#3617,.T.);
#3619=ORIENTED_EDGE('',*,*,#3618,.T.);
#3620=ORIENTED_EDGE('',*,*,#1967,.F.);
#3621=EDGE_LOOP('',(#3593,#3594,#3595,#3596,#3604,#3612,#3619,#3620));
#3622=FACE_BOUND('',#3621,.T.);
#3623=ADVANCED_FACE('NONE',(#3622),#3592,.F.);
#3624=CARTESIAN_POINT('',(7.5,7.9,13.4));
#3625=DIRECTION('',(0.,0.,-1.));
#3626=DIRECTION('',(-1.,0.,0.));
#3627=AXIS2_PLACEMENT_3D('',#3624,#3625,#3626);
#3628=PLANE('',#3627);
#3629=ORIENTED_EDGE('',*,*,#3119,.T.);
#3630=ORIENTED_EDGE('',*,*,#2502,.T.);
#3631=ORIENTED_EDGE('',*,*,#3583,.F.);
#3632=ORIENTED_EDGE('',*,*,#1951,.T.);
#3633=CARTESIAN_POINT('',(9.5,13.5,13.4));
#3634=VERTEX_POINT('',#3633);
#3635=CARTESIAN_POINT('',(9.5,9.5,13.4));
#3636=DIRECTION('',(0.,-0.,1.));
#3637=DIRECTION('',(-1.,0.,0.));
#3638=AXIS2_PLACEMENT_3D('',#3635,#3636,#3637);
#3639=CIRCLE('',#3638,4.);
#3640=EDGE_CURVE('NONE',#1938,#3634,#3639,.T.);
#3641=ORIENTED_EDGE('',*,*,#3640,.T.);
#3642=CARTESIAN_POINT('',(7.5,13.5,13.4));
#3643=VERTEX_POINT('',#3642);
#3644=CARTESIAN_POINT('',(9.5,13.5,13.4));
#3645=DIRECTION('',(-1.,0.,0.));
#3646=VECTOR('',#3645,2.);
#3647=LINE('',#3644,#3646);
#3648=EDGE_CURVE('NONE',#3634,#3643,#3647,.T.);
#3649=ORIENTED_EDGE('',*,*,#3648,.T.);
#3650=CARTESIAN_POINT('',(7.5,11.8,13.4));
#3651=DIRECTION('',(0.,1.,0.));
#3652=VECTOR('',#3651,1.7);
#3653=LINE('',#3650,#3652);
#3654=EDGE_CURVE('NONE',#2858,#3643,#3653,.T.);
#3655=ORIENTED_EDGE('',*,*,#3654,.F.);
#3656=ORIENTED_EDGE('',*,*,#2863,.T.);
#3657=EDGE_LOOP('',(#3629,#3630,#3631,#3632,#3641,#3649,#3655,#3656));
#3658=FACE_BOUND('',#3657,.T.);
#3659=ADVANCED_FACE('NONE',(#3658),#3628,.F.);
#3660=CARTESIAN_POINT('',(7.5,7.9,14.55));
#3661=DIRECTION('',(0.,1.,0.));
#3662=DIRECTION('',(0.,-0.,1.));
#3663=AXIS2_PLACEMENT_3D('',#3660,#3661,#3662);
#3664=CYLINDRICAL_SURFACE('',#3663,1.15);
#3665=ORIENTED_EDGE('',*,*,#3603,.F.);
#3666=ORIENTED_EDGE('',*,*,#2872,.T.);
#3667=ORIENTED_EDGE('',*,*,#3654,.T.);
#3668=CARTESIAN_POINT('',(7.5,13.5,14.55));
#3669=DIRECTION('',(0.,1.,0.));
#3670=DIRECTION('',(0.,-0.,1.));
#3671=AXIS2_PLACEMENT_3D('',#3668,#3669,#3670);
#3672=CIRCLE('',#3671,1.15);
#3673=EDGE_CURVE('NONE',#3643,#3598,#3672,.T.);
#3674=ORIENTED_EDGE('',*,*,#3673,.T.);
#3675=EDGE_LOOP('',(#3665,#3666,#3667,#3674));
#3676=FACE_BOUND('',#3675,.T.);
#3677=ADVANCED_FACE('NONE',(#3676),#3664,.F.);
#3678=CARTESIAN_POINT('',(-7.5,7.9,14.55));
#3679=DIRECTION('',(0.,1.,0.));
#3680=DIRECTION('',(0.,0.,1.));
#3681=AXIS2_PLACEMENT_3D('',#3678,#3679,#3680);
#3682=PLANE('',#3681);
#3683=ORIENTED_EDGE('',*,*,#3385,.F.);
#3684=CARTESIAN_POINT('',(-11.8,7.9,13.4));
#3685=DIRECTION('',(-1.,-0.,0.));
#3686=VECTOR('',#3685,1.7);
#3687=LINE('',#3684,#3686);
#3688=EDGE_CURVE('NONE',#3372,#2099,#3687,.T.);
#3689=ORIENTED_EDGE('',*,*,#3688,.T.);
#3690=ORIENTED_EDGE('',*,*,#2104,.T.);
#3691=CARTESIAN_POINT('',(-13.5,7.9,15.7));
#3692=DIRECTION('',(1.,0.,-0.));
#3693=VECTOR('',#3692,1.7);
#3694=LINE('',#3691,#3693);
#3695=EDGE_CURVE('NONE',#2091,#3380,#3694,.T.);
#3696=ORIENTED_EDGE('',*,*,#3695,.T.);
#3697=EDGE_LOOP('',(#3683,#3689,#3690,#3696));
#3698=FACE_BOUND('',#3697,.T.);
#3699=ADVANCED_FACE('NONE',(#3698),#3682,.T.);
#3700=CARTESIAN_POINT('',(-7.5,7.9,13.4));
#3701=DIRECTION('',(-0.,0.,-1.));
#3702=DIRECTION('',(-1.,0.,0.));
#3703=AXIS2_PLACEMENT_3D('',#3700,#3701,#3702);
#3704=PLANE('',#3703);
#3705=ORIENTED_EDGE('',*,*,#3457,.T.);
#3706=ORIENTED_EDGE('',*,*,#2920,.T.);
#3707=CARTESIAN_POINT('',(-7.5,13.5,13.4));
#3708=VERTEX_POINT('',#3707);
#3709=CARTESIAN_POINT('',(-7.5,11.8,13.4));
#3710=DIRECTION('',(0.,1.,0.));
#3711=VECTOR('',#3710,1.7);
#3712=LINE('',#3709,#3711);
#3713=EDGE_CURVE('NONE',#2906,#3708,#3712,.T.);
#3714=ORIENTED_EDGE('',*,*,#3713,.T.);
#3715=CARTESIAN_POINT('',(-9.5,13.5,13.4));
#3716=VERTEX_POINT('',#3715);
#3717=CARTESIAN_POINT('',(-7.5,13.5,13.4));
#3718=DIRECTION('',(-1.,0.,0.));
#3719=VECTOR('',#3718,2.);
#3720=LINE('',#3717,#3719);
#3721=EDGE_CURVE('NONE',#3708,#3716,#3720,.T.);
#3722=ORIENTED_EDGE('',*,*,#3721,.T.);
#3723=CARTESIAN_POINT('',(-9.5,9.5,13.4));
#3724=DIRECTION('',(0.,-0.,1.));
#3725=DIRECTION('',(-1.,0.,0.));
#3726=AXIS2_PLACEMENT_3D('',#3723,#3724,#3725);
#3727=CIRCLE('',#3726,4.);
#3728=EDGE_CURVE('NONE',#3716,#2107,#3727,.T.);
#3729=ORIENTED_EDGE('',*,*,#3728,.T.);
#3730=ORIENTED_EDGE('',*,*,#2112,.F.);
#3731=ORIENTED_EDGE('',*,*,#3688,.F.);
#3732=ORIENTED_EDGE('',*,*,#3377,.T.);
#3733=EDGE_LOOP('',(#3705,#3706,#3714,#3722,#3729,#3730,#3731,#3732));
#3734=FACE_BOUND('',#3733,.T.);
#3735=ADVANCED_FACE('NONE',(#3734),#3704,.F.);
#3736=CARTESIAN_POINT('',(-7.5,7.9,15.7));
#3737=DIRECTION('',(-0.,0.,1.));
#3738=DIRECTION('',(1.,0.,0.));
#3739=AXIS2_PLACEMENT_3D('',#3736,#3737,#3738);
#3740=PLANE('',#3739);
#3741=CARTESIAN_POINT('',(-7.5,13.5,15.7));
#3742=VERTEX_POINT('',#3741);
#3743=CARTESIAN_POINT('',(-7.5,11.8,15.7));
#3744=DIRECTION('',(0.,1.,0.));
#3745=VECTOR('',#3744,1.7);
#3746=LINE('',#3743,#3745);
#3747=EDGE_CURVE('NONE',#2898,#3742,#3746,.T.);
#3748=ORIENTED_EDGE('',*,*,#3747,.F.);
#3749=ORIENTED_EDGE('',*,*,#2903,.T.);
#3750=ORIENTED_EDGE('',*,*,#3441,.T.);
#3751=ORIENTED_EDGE('',*,*,#3393,.T.);
#3752=ORIENTED_EDGE('',*,*,#3695,.F.);
#3753=ORIENTED_EDGE('',*,*,#2096,.T.);
#3754=CARTESIAN_POINT('',(-9.5,13.5,15.7));
#3755=VERTEX_POINT('',#3754);
#3756=CARTESIAN_POINT('',(-9.5,9.5,15.7));
#3757=DIRECTION('',(-0.,0.,-1.));
#3758=DIRECTION('',(-1.,0.,0.));
#3759=AXIS2_PLACEMENT_3D('',#3756,#3757,#3758);
#3760=CIRCLE('',#3759,4.);
#3761=EDGE_CURVE('NONE',#2083,#3755,#3760,.T.);
#3762=ORIENTED_EDGE('',*,*,#3761,.T.);
#3763=CARTESIAN_POINT('',(-9.5,13.5,15.7));
#3764=DIRECTION('',(1.,0.,0.));
#3765=VECTOR('',#3764,2.);
#3766=LINE('',#3763,#3765);
#3767=EDGE_CURVE('NONE',#3755,#3742,#3766,.T.);
#3768=ORIENTED_EDGE('',*,*,#3767,.T.);
#3769=EDGE_LOOP('',(#3748,#3749,#3750,#3751,#3752,#3753,#3762,#3768));
#3770=FACE_BOUND('',#3769,.T.);
#3771=ADVANCED_FACE('NONE',(#3770),#3740,.F.);
#3772=CARTESIAN_POINT('',(-7.5,7.9,14.55));
#3773=DIRECTION('',(0.,1.,0.));
#3774=DIRECTION('',(0.,-0.,1.));
#3775=AXIS2_PLACEMENT_3D('',#3772,#3773,#3774);
#3776=CYLINDRICAL_SURFACE('',#3775,1.15);
#3777=ORIENTED_EDGE('',*,*,#3713,.F.);
#3778=ORIENTED_EDGE('',*,*,#2912,.T.);
#3779=ORIENTED_EDGE('',*,*,#3747,.T.);
#3780=CARTESIAN_POINT('',(-7.5,13.5,14.55));
#3781=DIRECTION('',(0.,1.,0.));
#3782=DIRECTION('',(0.,-0.,1.));
#3783=AXIS2_PLACEMENT_3D('',#3780,#3781,#3782);
#3784=CIRCLE('',#3783,1.15);
#3785=EDGE_CURVE('NONE',#3742,#3708,#3784,.T.);
#3786=ORIENTED_EDGE('',*,*,#3785,.T.);
#3787=EDGE_LOOP('',(#3777,#3778,#3779,#3786));
#3788=FACE_BOUND('',#3787,.T.);
#3789=ADVANCED_FACE('NONE',(#3788),#3776,.F.);
#3790=CARTESIAN_POINT('',(7.5,7.9,9.55));
#3791=DIRECTION('',(0.,1.,0.));
#3792=DIRECTION('',(0.,0.,1.));
#3793=AXIS2_PLACEMENT_3D('',#3790,#3791,#3792);
#3794=PLANE('',#3793);
#3795=ORIENTED_EDGE('',*,*,#2526,.F.);
#3796=CARTESIAN_POINT('',(11.8,7.9,10.7));
#3797=DIRECTION('',(1.,0.,-0.));
#3798=VECTOR('',#3797,1.7);
#3799=LINE('',#3796,#3798);
#3800=EDGE_CURVE('NONE',#2513,#1922,#3799,.T.);
#3801=ORIENTED_EDGE('',*,*,#3800,.T.);
#3802=ORIENTED_EDGE('',*,*,#1927,.T.);
#3803=CARTESIAN_POINT('',(13.5,7.9,8.4));
#3804=DIRECTION('',(-1.,-0.,0.));
#3805=VECTOR('',#3804,1.7);
#3806=LINE('',#3803,#3805);
#3807=EDGE_CURVE('NONE',#1914,#2521,#3806,.T.);
#3808=ORIENTED_EDGE('',*,*,#3807,.T.);
#3809=EDGE_LOOP('',(#3795,#3801,#3802,#3808));
#3810=FACE_BOUND('',#3809,.T.);
#3811=ADVANCED_FACE('NONE',(#3810),#3794,.T.);
#3812=CARTESIAN_POINT('',(7.5,7.9,10.7));
#3813=DIRECTION('',(-0.,0.,1.));
#3814=DIRECTION('',(1.,0.,0.));
#3815=AXIS2_PLACEMENT_3D('',#3812,#3813,#3814);
#3816=PLANE('',#3815);
#3817=ORIENTED_EDGE('',*,*,#3800,.F.);
#3818=ORIENTED_EDGE('',*,*,#2518,.T.);
#3819=ORIENTED_EDGE('',*,*,#3127,.T.);
#3820=ORIENTED_EDGE('',*,*,#2847,.T.);
#3821=CARTESIAN_POINT('',(7.5,13.5,10.7));
#3822=VERTEX_POINT('',#3821);
#3823=CARTESIAN_POINT('',(7.5,11.8,10.7));
#3824=DIRECTION('',(0.,1.,0.));
#3825=VECTOR('',#3824,1.7);
#3826=LINE('',#3823,#3825);
#3827=EDGE_CURVE('NONE',#2833,#3822,#3826,.T.);
#3828=ORIENTED_EDGE('',*,*,#3827,.T.);
#3829=CARTESIAN_POINT('',(9.5,13.5,10.7));
#3830=VERTEX_POINT('',#3829);
#3831=CARTESIAN_POINT('',(7.5,13.5,10.7));
#3832=DIRECTION('',(1.,0.,0.));
#3833=VECTOR('',#3832,2.);
#3834=LINE('',#3831,#3833);
#3835=EDGE_CURVE('NONE',#3822,#3830,#3834,.T.);
#3836=ORIENTED_EDGE('',*,*,#3835,.T.);
#3837=CARTESIAN_POINT('',(9.5,9.5,10.7));
#3838=DIRECTION('',(-0.,0.,-1.));
#3839=DIRECTION('',(-1.,0.,0.));
#3840=AXIS2_PLACEMENT_3D('',#3837,#3838,#3839);
#3841=CIRCLE('',#3840,4.);
#3842=EDGE_CURVE('NONE',#3830,#1930,#3841,.T.);
#3843=ORIENTED_EDGE('',*,*,#3842,.T.);
#3844=ORIENTED_EDGE('',*,*,#1935,.F.);
#3845=EDGE_LOOP('',(#3817,#3818,#3819,#3820,#3828,#3836,#3843,#3844));
#3846=FACE_BOUND('',#3845,.T.);
#3847=ADVANCED_FACE('NONE',(#3846),#3816,.F.);
#3848=CARTESIAN_POINT('',(7.5,7.9,8.4));
#3849=DIRECTION('',(0.,0.,-1.));
#3850=DIRECTION('',(-1.,0.,0.));
#3851=AXIS2_PLACEMENT_3D('',#3848,#3849,#3850);
#3852=PLANE('',#3851);
#3853=ORIENTED_EDGE('',*,*,#3143,.T.);
#3854=ORIENTED_EDGE('',*,*,#2534,.T.);
#3855=ORIENTED_EDGE('',*,*,#3807,.F.);
#3856=ORIENTED_EDGE('',*,*,#1919,.T.);
#3857=CARTESIAN_POINT('',(9.5,13.5,8.4));
#3858=VERTEX_POINT('',#3857);
#3859=CARTESIAN_POINT('',(9.5,9.5,8.4));
#3860=DIRECTION('',(0.,-0.,1.));
#3861=DIRECTION('',(-1.,0.,0.));
#3862=AXIS2_PLACEMENT_3D('',#3859,#3860,#3861);
#3863=CIRCLE('',#3862,4.);
#3864=EDGE_CURVE('NONE',#1906,#3858,#3863,.T.);
#3865=ORIENTED_EDGE('',*,*,#3864,.T.);
#3866=CARTESIAN_POINT('',(7.5,13.5,8.4));
#3867=VERTEX_POINT('',#3866);
#3868=CARTESIAN_POINT('',(9.5,13.5,8.4));
#3869=DIRECTION('',(-1.,0.,0.));
#3870=VECTOR('',#3869,2.);
#3871=LINE('',#3868,#3870);
#3872=EDGE_CURVE('NONE',#3858,#3867,#3871,.T.);
#3873=ORIENTED_EDGE('',*,*,#3872,.T.);
#3874=CARTESIAN_POINT('',(7.5,11.8,8.4));
#3875=DIRECTION('',(0.,1.,0.));
#3876=VECTOR('',#3875,1.7);
#3877=LINE('',#3874,#3876);
#3878=EDGE_CURVE('NONE',#2825,#3867,#3877,.T.);
#3879=ORIENTED_EDGE('',*,*,#3878,.F.);
#3880=ORIENTED_EDGE('',*,*,#2830,.T.);
#3881=EDGE_LOOP('',(#3853,#3854,#3855,#3856,#3865,#3873,#3879,#3880));
#3882=FACE_BOUND('',#3881,.T.);
#3883=ADVANCED_FACE('NONE',(#3882),#3852,.F.);
#3884=CARTESIAN_POINT('',(7.5,7.9,9.55));
#3885=DIRECTION('',(0.,1.,0.));
#3886=DIRECTION('',(0.,-0.,1.));
#3887=AXIS2_PLACEMENT_3D('',#3884,#3885,#3886);
#3888=CYLINDRICAL_SURFACE('',#3887,1.15);
#3889=ORIENTED_EDGE('',*,*,#3827,.F.);
#3890=ORIENTED_EDGE('',*,*,#2839,.T.);
#3891=ORIENTED_EDGE('',*,*,#3878,.T.);
#3892=CARTESIAN_POINT('',(7.5,13.5,9.55));
#3893=DIRECTION('',(0.,1.,0.));
#3894=DIRECTION('',(0.,-0.,1.));
#3895=AXIS2_PLACEMENT_3D('',#3892,#3893,#3894);
#3896=CIRCLE('',#3895,1.15);
#3897=EDGE_CURVE('NONE',#3867,#3822,#3896,.T.);
#3898=ORIENTED_EDGE('',*,*,#3897,.T.);
#3899=EDGE_LOOP('',(#3889,#3890,#3891,#3898));
#3900=FACE_BOUND('',#3899,.T.);
#3901=ADVANCED_FACE('NONE',(#3900),#3888,.F.);
#3902=CARTESIAN_POINT('',(-7.5,7.9,9.55));
#3903=DIRECTION('',(0.,1.,0.));
#3904=DIRECTION('',(0.,0.,1.));
#3905=AXIS2_PLACEMENT_3D('',#3902,#3903,#3904);
#3906=PLANE('',#3905);
#3907=ORIENTED_EDGE('',*,*,#3353,.F.);
#3908=CARTESIAN_POINT('',(-11.8,7.9,8.4));
#3909=DIRECTION('',(-1.,-0.,0.));
#3910=VECTOR('',#3909,1.7);
#3911=LINE('',#3908,#3910);
#3912=EDGE_CURVE('NONE',#3340,#2131,#3911,.T.);
#3913=ORIENTED_EDGE('',*,*,#3912,.T.);
#3914=ORIENTED_EDGE('',*,*,#2136,.T.);
#3915=CARTESIAN_POINT('',(-13.5,7.9,10.7));
#3916=DIRECTION('',(1.,0.,-0.));
#3917=VECTOR('',#3916,1.7);
#3918=LINE('',#3915,#3917);
#3919=EDGE_CURVE('NONE',#2123,#3348,#3918,.T.);
#3920=ORIENTED_EDGE('',*,*,#3919,.T.);
#3921=EDGE_LOOP('',(#3907,#3913,#3914,#3920));
#3922=FACE_BOUND('',#3921,.T.);
#3923=ADVANCED_FACE('NONE',(#3922),#3906,.T.);
#3924=CARTESIAN_POINT('',(-7.5,7.9,8.4));
#3925=DIRECTION('',(-0.,0.,-1.));
#3926=DIRECTION('',(-1.,0.,0.));
#3927=AXIS2_PLACEMENT_3D('',#3924,#3925,#3926);
#3928=PLANE('',#3927);
#3929=ORIENTED_EDGE('',*,*,#3481,.T.);
#3930=ORIENTED_EDGE('',*,*,#2953,.T.);
#3931=CARTESIAN_POINT('',(-7.5,13.5,8.4));
#3932=VERTEX_POINT('',#3931);
#3933=CARTESIAN_POINT('',(-7.5,11.8,8.4));
#3934=DIRECTION('',(0.,1.,0.));
#3935=VECTOR('',#3934,1.7);
#3936=LINE('',#3933,#3935);
#3937=EDGE_CURVE('NONE',#2939,#3932,#3936,.T.);
#3938=ORIENTED_EDGE('',*,*,#3937,.T.);
#3939=CARTESIAN_POINT('',(-9.5,13.5,8.4));
#3940=VERTEX_POINT('',#3939);
#3941=CARTESIAN_POINT('',(-7.5,13.5,8.4));
#3942=DIRECTION('',(-1.,0.,0.));
#3943=VECTOR('',#3942,2.);
#3944=LINE('',#3941,#3943);
#3945=EDGE_CURVE('NONE',#3932,#3940,#3944,.T.);
#3946=ORIENTED_EDGE('',*,*,#3945,.T.);
#3947=CARTESIAN_POINT('',(-9.5,9.5,8.4));
#3948=DIRECTION('',(0.,-0.,1.));
#3949=DIRECTION('',(-1.,0.,0.));
#3950=AXIS2_PLACEMENT_3D('',#3947,#3948,#3949);
#3951=CIRCLE('',#3950,4.);
#3952=EDGE_CURVE('NONE',#3940,#2139,#3951,.T.);
#3953=ORIENTED_EDGE('',*,*,#3952,.T.);
#3954=ORIENTED_EDGE('',*,*,#2144,.F.);
#3955=ORIENTED_EDGE('',*,*,#3912,.F.);
#3956=ORIENTED_EDGE('',*,*,#3345,.T.);
#3957=EDGE_LOOP('',(#3929,#3930,#3938,#3946,#3953,#3954,#3955,#3956));
#3958=FACE_BOUND('',#3957,.T.);
#3959=ADVANCED_FACE('NONE',(#3958),#3928,.F.);
#3960=CARTESIAN_POINT('',(-7.5,7.9,10.7));
#3961=DIRECTION('',(-0.,0.,1.));
#3962=DIRECTION('',(1.,0.,0.));
#3963=AXIS2_PLACEMENT_3D('',#3960,#3961,#3962);
#3964=PLANE('',#3963);
#3965=CARTESIAN_POINT('',(-7.5,13.5,10.7));
#3966=VERTEX_POINT('',#3965);
#3967=CARTESIAN_POINT('',(-7.5,11.8,10.7));
#3968=DIRECTION('',(0.,1.,0.));
#3969=VECTOR('',#3968,1.7);
#3970=LINE('',#3967,#3969);
#3971=EDGE_CURVE('NONE',#2931,#3966,#3970,.T.);
#3972=ORIENTED_EDGE('',*,*,#3971,.F.);
#3973=ORIENTED_EDGE('',*,*,#2936,.T.);
#3974=ORIENTED_EDGE('',*,*,#3465,.T.);
#3975=ORIENTED_EDGE('',*,*,#3361,.T.);
#3976=ORIENTED_EDGE('',*,*,#3919,.F.);
#3977=ORIENTED_EDGE('',*,*,#2128,.T.);
#3978=CARTESIAN_POINT('',(-9.5,13.5,10.7));
#3979=VERTEX_POINT('',#3978);
#3980=CARTESIAN_POINT('',(-9.5,9.5,10.7));
#3981=DIRECTION('',(-0.,0.,-1.));
#3982=DIRECTION('',(-1.,0.,0.));
#3983=AXIS2_PLACEMENT_3D('',#3980,#3981,#3982);
#3984=CIRCLE('',#3983,4.);
#3985=EDGE_CURVE('NONE',#2115,#3979,#3984,.T.);
#3986=ORIENTED_EDGE('',*,*,#3985,.T.);
#3987=CARTESIAN_POINT('',(-9.5,13.5,10.7));
#3988=DIRECTION('',(1.,0.,0.));
#3989=VECTOR('',#3988,2.);
#3990=LINE('',#3987,#3989);
#3991=EDGE_CURVE('NONE',#3979,#3966,#3990,.T.);
#3992=ORIENTED_EDGE('',*,*,#3991,.T.);
#3993=EDGE_LOOP('',(#3972,#3973,#3974,#3975,#3976,#3977,#3986,#3992));
#3994=FACE_BOUND('',#3993,.T.);
#3995=ADVANCED_FACE('NONE',(#3994),#3964,.F.);
#3996=CARTESIAN_POINT('',(-7.5,7.9,9.55));
#3997=DIRECTION('',(0.,1.,0.));
#3998=DIRECTION('',(0.,-0.,1.));
#3999=AXIS2_PLACEMENT_3D('',#3996,#3997,#3998);
#4000=CYLINDRICAL_SURFACE('',#3999,1.15);
#4001=ORIENTED_EDGE('',*,*,#3937,.F.);
#4002=ORIENTED_EDGE('',*,*,#2945,.T.);
#4003=ORIENTED_EDGE('',*,*,#3971,.T.);
#4004=CARTESIAN_POINT('',(-7.5,13.5,9.55));
#4005=DIRECTION('',(0.,1.,0.));
#4006=DIRECTION('',(0.,-0.,1.));
#4007=AXIS2_PLACEMENT_3D('',#4004,#4005,#4006);
#4008=CIRCLE('',#4007,1.15);
#4009=EDGE_CURVE('NONE',#3966,#3932,#4008,.T.);
#4010=ORIENTED_EDGE('',*,*,#4009,.T.);
#4011=EDGE_LOOP('',(#4001,#4002,#4003,#4010));
#4012=FACE_BOUND('',#4011,.T.);
#4013=ADVANCED_FACE('NONE',(#4012),#4000,.F.);
#4014=CARTESIAN_POINT('',(7.5,7.9,4.55));
#4015=DIRECTION('',(0.,1.,0.));
#4016=DIRECTION('',(0.,0.,1.));
#4017=AXIS2_PLACEMENT_3D('',#4014,#4015,#4016);
#4018=PLANE('',#4017);
#4019=ORIENTED_EDGE('',*,*,#2558,.F.);
#4020=CARTESIAN_POINT('',(11.8,7.9,5.7));
#4021=DIRECTION('',(1.,0.,-0.));
#4022=VECTOR('',#4021,1.7);
#4023=LINE('',#4020,#4022);
#4024=EDGE_CURVE('NONE',#2545,#1890,#4023,.T.);
#4025=ORIENTED_EDGE('',*,*,#4024,.T.);
#4026=ORIENTED_EDGE('',*,*,#1895,.T.);
#4027=CARTESIAN_POINT('',(13.5,7.9,3.4));
#4028=DIRECTION('',(-1.,-0.,0.));
#4029=VECTOR('',#4028,1.7);
#4030=LINE('',#4027,#4029);
#4031=EDGE_CURVE('NONE',#1882,#2553,#4030,.T.);
#4032=ORIENTED_EDGE('',*,*,#4031,.T.);
#4033=EDGE_LOOP('',(#4019,#4025,#4026,#4032));
#4034=FACE_BOUND('',#4033,.T.);
#4035=ADVANCED_FACE('NONE',(#4034),#4018,.T.);
#4036=CARTESIAN_POINT('',(7.5,7.9,5.7));
#4037=DIRECTION('',(-0.,0.,1.));
#4038=DIRECTION('',(1.,0.,0.));
#4039=AXIS2_PLACEMENT_3D('',#4036,#4037,#4038);
#4040=PLANE('',#4039);
#4041=ORIENTED_EDGE('',*,*,#4024,.F.);
#4042=ORIENTED_EDGE('',*,*,#2550,.T.);
#4043=ORIENTED_EDGE('',*,*,#3151,.T.);
#4044=ORIENTED_EDGE('',*,*,#2814,.T.);
#4045=CARTESIAN_POINT('',(7.5,13.5,5.7));
#4046=VERTEX_POINT('',#4045);
#4047=CARTESIAN_POINT('',(7.5,11.8,5.7));
#4048=DIRECTION('',(0.,1.,0.));
#4049=VECTOR('',#4048,1.7);
#4050=LINE('',#4047,#4049);
#4051=EDGE_CURVE('NONE',#2800,#4046,#4050,.T.);
#4052=ORIENTED_EDGE('',*,*,#4051,.T.);
#4053=CARTESIAN_POINT('',(9.5,13.5,5.7));
#4054=VERTEX_POINT('',#4053);
#4055=CARTESIAN_POINT('',(7.5,13.5,5.7));
#4056=DIRECTION('',(1.,0.,0.));
#4057=VECTOR('',#4056,2.);
#4058=LINE('',#4055,#4057);
#4059=EDGE_CURVE('NONE',#4046,#4054,#4058,.T.);
#4060=ORIENTED_EDGE('',*,*,#4059,.T.);
#4061=CARTESIAN_POINT('',(9.5,9.5,5.7));
#4062=DIRECTION('',(-0.,0.,-1.));
#4063=DIRECTION('',(-1.,0.,0.));
#4064=AXIS2_PLACEMENT_3D('',#4061,#4062,#4063);
#4065=CIRCLE('',#4064,4.);
#4066=EDGE_CURVE('NONE',#4054,#1898,#4065,.T.);
#4067=ORIENTED_EDGE('',*,*,#4066,.T.);
#4068=ORIENTED_EDGE('',*,*,#1903,.F.);
#4069=EDGE_LOOP('',(#4041,#4042,#4043,#4044,#4052,#4060,#4067,#4068));
#4070=FACE_BOUND('',#4069,.T.);
#4071=ADVANCED_FACE('NONE',(#4070),#4040,.F.);
#4072=CARTESIAN_POINT('',(7.5,7.9,3.4));
#4073=DIRECTION('',(0.,0.,-1.));
#4074=DIRECTION('',(-1.,0.,0.));
#4075=AXIS2_PLACEMENT_3D('',#4072,#4073,#4074);
#4076=PLANE('',#4075);
#4077=ORIENTED_EDGE('',*,*,#3167,.T.);
#4078=ORIENTED_EDGE('',*,*,#2566,.T.);
#4079=ORIENTED_EDGE('',*,*,#4031,.F.);
#4080=ORIENTED_EDGE('',*,*,#1887,.T.);
#4081=CARTESIAN_POINT('',(9.5,13.5,3.4));
#4082=VERTEX_POINT('',#4081);
#4083=CARTESIAN_POINT('',(9.5,9.5,3.4));
#4084=DIRECTION('',(0.,-0.,1.));
#4085=DIRECTION('',(-1.,0.,0.));
#4086=AXIS2_PLACEMENT_3D('',#4083,#4084,#4085);
#4087=CIRCLE('',#4086,4.);
#4088=EDGE_CURVE('NONE',#1874,#4082,#4087,.T.);
#4089=ORIENTED_EDGE('',*,*,#4088,.T.);
#4090=CARTESIAN_POINT('',(7.5,13.5,3.4));
#4091=VERTEX_POINT('',#4090);
#4092=CARTESIAN_POINT('',(9.5,13.5,3.4));
#4093=DIRECTION('',(-1.,0.,0.));
#4094=VECTOR('',#4093,2.);
#4095=LINE('',#4092,#4094);
#4096=EDGE_CURVE('NONE',#4082,#4091,#4095,.T.);
#4097=ORIENTED_EDGE('',*,*,#4096,.T.);
#4098=CARTESIAN_POINT('',(7.5,11.8,3.4));
#4099=DIRECTION('',(0.,1.,0.));
#4100=VECTOR('',#4099,1.7);
#4101=LINE('',#4098,#4100);
#4102=EDGE_CURVE('NONE',#2792,#4091,#4101,.T.);
#4103=ORIENTED_EDGE('',*,*,#4102,.F.);
#4104=ORIENTED_EDGE('',*,*,#2797,.T.);
#4105=EDGE_LOOP('',(#4077,#4078,#4079,#4080,#4089,#4097,#4103,#4104));
#4106=FACE_BOUND('',#4105,.T.);
#4107=ADVANCED_FACE('NONE',(#4106),#4076,.F.);
#4108=CARTESIAN_POINT('',(7.5,7.9,4.55));
#4109=DIRECTION('',(0.,1.,0.));
#4110=DIRECTION('',(0.,-0.,1.));
#4111=AXIS2_PLACEMENT_3D('',#4108,#4109,#4110);
#4112=CYLINDRICAL_SURFACE('',#4111,1.15);
#4113=ORIENTED_EDGE('',*,*,#4051,.F.);
#4114=ORIENTED_EDGE('',*,*,#2806,.T.);
#4115=ORIENTED_EDGE('',*,*,#4102,.T.);
#4116=CARTESIAN_POINT('',(7.5,13.5,4.55));
#4117=DIRECTION('',(0.,1.,0.));
#4118=DIRECTION('',(0.,-0.,1.));
#4119=AXIS2_PLACEMENT_3D('',#4116,#4117,#4118);
#4120=CIRCLE('',#4119,1.15);
#4121=EDGE_CURVE('NONE',#4091,#4046,#4120,.T.);
#4122=ORIENTED_EDGE('',*,*,#4121,.T.);
#4123=EDGE_LOOP('',(#4113,#4114,#4115,#4122));
#4124=FACE_BOUND('',#4123,.T.);
#4125=ADVANCED_FACE('NONE',(#4124),#4112,.F.);
#4126=CARTESIAN_POINT('',(-7.5,7.9,4.55));
#4127=DIRECTION('',(0.,1.,0.));
#4128=DIRECTION('',(0.,0.,1.));
#4129=AXIS2_PLACEMENT_3D('',#4126,#4127,#4128);
#4130=PLANE('',#4129);
#4131=ORIENTED_EDGE('',*,*,#3321,.F.);
#4132=CARTESIAN_POINT('',(-11.8,7.9,3.4));
#4133=DIRECTION('',(-1.,-0.,0.));
#4134=VECTOR('',#4133,1.7);
#4135=LINE('',#4132,#4134);
#4136=EDGE_CURVE('NONE',#3308,#2163,#4135,.T.);
#4137=ORIENTED_EDGE('',*,*,#4136,.T.);
#4138=ORIENTED_EDGE('',*,*,#2168,.T.);
#4139=CARTESIAN_POINT('',(-13.5,7.9,5.7));
#4140=DIRECTION('',(1.,0.,-0.));
#4141=VECTOR('',#4140,1.7);
#4142=LINE('',#4139,#4141);
#4143=EDGE_CURVE('NONE',#2155,#3316,#4142,.T.);
#4144=ORIENTED_EDGE('',*,*,#4143,.T.);
#4145=EDGE_LOOP('',(#4131,#4137,#4138,#4144));
#4146=FACE_BOUND('',#4145,.T.);
#4147=ADVANCED_FACE('NONE',(#4146),#4130,.T.);
#4148=CARTESIAN_POINT('',(-7.5,7.9,3.4));
#4149=DIRECTION('',(-0.,0.,-1.));
#4150=DIRECTION('',(-1.,0.,0.));
#4151=AXIS2_PLACEMENT_3D('',#4148,#4149,#4150);
#4152=PLANE('',#4151);
#4153=ORIENTED_EDGE('',*,*,#3505,.T.);
#4154=ORIENTED_EDGE('',*,*,#2986,.T.);
#4155=CARTESIAN_POINT('',(-7.5,13.5,3.4));
#4156=VERTEX_POINT('',#4155);
#4157=CARTESIAN_POINT('',(-7.5,11.8,3.4));
#4158=DIRECTION('',(0.,1.,0.));
#4159=VECTOR('',#4158,1.7);
#4160=LINE('',#4157,#4159);
#4161=EDGE_CURVE('NONE',#2972,#4156,#4160,.T.);
#4162=ORIENTED_EDGE('',*,*,#4161,.T.);
#4163=CARTESIAN_POINT('',(-9.5,13.5,3.4));
#4164=VERTEX_POINT('',#4163);
#4165=CARTESIAN_POINT('',(-7.5,13.5,3.4));
#4166=DIRECTION('',(-1.,0.,0.));
#4167=VECTOR('',#4166,2.);
#4168=LINE('',#4165,#4167);
#4169=EDGE_CURVE('NONE',#4156,#4164,#4168,.T.);
#4170=ORIENTED_EDGE('',*,*,#4169,.T.);
#4171=CARTESIAN_POINT('',(-9.5,9.5,3.4));
#4172=DIRECTION('',(0.,-0.,1.));
#4173=DIRECTION('',(-1.,0.,0.));
#4174=AXIS2_PLACEMENT_3D('',#4171,#4172,#4173);
#4175=CIRCLE('',#4174,4.);
#4176=EDGE_CURVE('NONE',#4164,#2171,#4175,.T.);
#4177=ORIENTED_EDGE('',*,*,#4176,.T.);
#4178=ORIENTED_EDGE('',*,*,#2176,.F.);
#4179=ORIENTED_EDGE('',*,*,#4136,.F.);
#4180=ORIENTED_EDGE('',*,*,#3313,.T.);
#4181=EDGE_LOOP('',(#4153,#4154,#4162,#4170,#4177,#4178,#4179,#4180));
#4182=FACE_BOUND('',#4181,.T.);
#4183=ADVANCED_FACE('NONE',(#4182),#4152,.F.);
#4184=CARTESIAN_POINT('',(-7.5,7.9,5.7));
#4185=DIRECTION('',(-0.,0.,1.));
#4186=DIRECTION('',(1.,0.,0.));
#4187=AXIS2_PLACEMENT_3D('',#4184,#4185,#4186);
#4188=PLANE('',#4187);
#4189=CARTESIAN_POINT('',(-7.5,13.5,5.7));
#4190=VERTEX_POINT('',#4189);
#4191=CARTESIAN_POINT('',(-7.5,11.8,5.7));
#4192=DIRECTION('',(0.,1.,0.));
#4193=VECTOR('',#4192,1.7);
#4194=LINE('',#4191,#4193);
#4195=EDGE_CURVE('NONE',#2964,#4190,#4194,.T.);
#4196=ORIENTED_EDGE('',*,*,#4195,.F.);
#4197=ORIENTED_EDGE('',*,*,#2969,.T.);
#4198=ORIENTED_EDGE('',*,*,#3489,.T.);
#4199=ORIENTED_EDGE('',*,*,#3329,.T.);
#4200=ORIENTED_EDGE('',*,*,#4143,.F.);
#4201=ORIENTED_EDGE('',*,*,#2160,.T.);
#4202=CARTESIAN_POINT('',(-9.5,13.5,5.7));
#4203=VERTEX_POINT('',#4202);
#4204=CARTESIAN_POINT('',(-9.5,9.5,5.7));
#4205=DIRECTION('',(-0.,0.,-1.));
#4206=DIRECTION('',(-1.,0.,0.));
#4207=AXIS2_PLACEMENT_3D('',#4204,#4205,#4206);
#4208=CIRCLE('',#4207,4.);
#4209=EDGE_CURVE('NONE',#2147,#4203,#4208,.T.);
#4210=ORIENTED_EDGE('',*,*,#4209,.T.);
#4211=CARTESIAN_POINT('',(-9.5,13.5,5.7));
#4212=DIRECTION('',(1.,0.,0.));
#4213=VECTOR('',#4212,2.);
#4214=LINE('',#4211,#4213);
#4215=EDGE_CURVE('NONE',#4203,#4190,#4214,.T.);
#4216=ORIENTED_EDGE('',*,*,#4215,.T.);
#4217=EDGE_LOOP('',(#4196,#4197,#4198,#4199,#4200,#4201,#4210,#4216));
#4218=FACE_BOUND('',#4217,.T.);
#4219=ADVANCED_FACE('NONE',(#4218),#4188,.F.);
#4220=CARTESIAN_POINT('',(-7.5,7.9,4.55));
#4221=DIRECTION('',(0.,1.,0.));
#4222=DIRECTION('',(0.,-0.,1.));
#4223=AXIS2_PLACEMENT_3D('',#4220,#4221,#4222);
#4224=CYLINDRICAL_SURFACE('',#4223,1.15);
#4225=ORIENTED_EDGE('',*,*,#4161,.F.);
#4226=ORIENTED_EDGE('',*,*,#2978,.T.);
#4227=ORIENTED_EDGE('',*,*,#4195,.T.);
#4228=CARTESIAN_POINT('',(-7.5,13.5,4.55));
#4229=DIRECTION('',(0.,1.,0.));
#4230=DIRECTION('',(0.,-0.,1.));
#4231=AXIS2_PLACEMENT_3D('',#4228,#4229,#4230);
#4232=CIRCLE('',#4231,1.15);
#4233=EDGE_CURVE('NONE',#4190,#4156,#4232,.T.);
#4234=ORIENTED_EDGE('',*,*,#4233,.T.);
#4235=EDGE_LOOP('',(#4225,#4226,#4227,#4234));
#4236=FACE_BOUND('',#4235,.T.);
#4237=ADVANCED_FACE('NONE',(#4236),#4224,.F.);
#4238=CARTESIAN_POINT('',(7.5,7.9,-0.45));
#4239=DIRECTION('',(0.,1.,0.));
#4240=DIRECTION('',(0.,0.,1.));
#4241=AXIS2_PLACEMENT_3D('',#4238,#4239,#4240);
#4242=PLANE('',#4241);
#4243=ORIENTED_EDGE('',*,*,#2590,.F.);
#4244=CARTESIAN_POINT('',(11.8,7.9,0.7));
#4245=DIRECTION('',(1.,0.,-0.));
#4246=VECTOR('',#4245,1.7);
#4247=LINE('',#4244,#4246);
#4248=EDGE_CURVE('NONE',#2577,#1858,#4247,.T.);
#4249=ORIENTED_EDGE('',*,*,#4248,.T.);
#4250=ORIENTED_EDGE('',*,*,#1863,.T.);
#4251=CARTESIAN_POINT('',(13.5,7.9,-1.6));
#4252=DIRECTION('',(-1.,-0.,0.));
#4253=VECTOR('',#4252,1.7);
#4254=LINE('',#4251,#4253);
#4255=EDGE_CURVE('NONE',#1850,#2585,#4254,.T.);
#4256=ORIENTED_EDGE('',*,*,#4255,.T.);
#4257=EDGE_LOOP('',(#4243,#4249,#4250,#4256));
#4258=FACE_BOUND('',#4257,.T.);
#4259=ADVANCED_FACE('NONE',(#4258),#4242,.T.);
#4260=CARTESIAN_POINT('',(7.5,7.9,0.7));
#4261=DIRECTION('',(-0.,0.,1.));
#4262=DIRECTION('',(1.,0.,0.));
#4263=AXIS2_PLACEMENT_3D('',#4260,#4261,#4262);
#4264=PLANE('',#4263);
#4265=ORIENTED_EDGE('',*,*,#4248,.F.);
#4266=ORIENTED_EDGE('',*,*,#2582,.T.);
#4267=ORIENTED_EDGE('',*,*,#3175,.T.);
#4268=ORIENTED_EDGE('',*,*,#2781,.T.);
#4269=CARTESIAN_POINT('',(7.5,13.5,0.7));
#4270=VERTEX_POINT('',#4269);
#4271=CARTESIAN_POINT('',(7.5,11.8,0.7));
#4272=DIRECTION('',(0.,1.,0.));
#4273=VECTOR('',#4272,1.7);
#4274=LINE('',#4271,#4273);
#4275=EDGE_CURVE('NONE',#2767,#4270,#4274,.T.);
#4276=ORIENTED_EDGE('',*,*,#4275,.T.);
#4277=CARTESIAN_POINT('',(9.5,13.5,0.7));
#4278=VERTEX_POINT('',#4277);
#4279=CARTESIAN_POINT('',(7.5,13.5,0.7));
#4280=DIRECTION('',(1.,0.,0.));
#4281=VECTOR('',#4280,2.);
#4282=LINE('',#4279,#4281);
#4283=EDGE_CURVE('NONE',#4270,#4278,#4282,.T.);
#4284=ORIENTED_EDGE('',*,*,#4283,.T.);
#4285=CARTESIAN_POINT('',(9.5,9.5,0.7));
#4286=DIRECTION('',(-0.,0.,-1.));
#4287=DIRECTION('',(-1.,0.,0.));
#4288=AXIS2_PLACEMENT_3D('',#4285,#4286,#4287);
#4289=CIRCLE('',#4288,4.);
#4290=EDGE_CURVE('NONE',#4278,#1866,#4289,.T.);
#4291=ORIENTED_EDGE('',*,*,#4290,.T.);
#4292=ORIENTED_EDGE('',*,*,#1871,.F.);
#4293=EDGE_LOOP('',(#4265,#4266,#4267,#4268,#4276,#4284,#4291,#4292));
#4294=FACE_BOUND('',#4293,.T.);
#4295=ADVANCED_FACE('NONE',(#4294),#4264,.F.);
#4296=CARTESIAN_POINT('',(7.5,7.9,-1.6));
#4297=DIRECTION('',(0.,0.,-1.));
#4298=DIRECTION('',(-1.,0.,0.));
#4299=AXIS2_PLACEMENT_3D('',#4296,#4297,#4298);
#4300=PLANE('',#4299);
#4301=ORIENTED_EDGE('',*,*,#3191,.T.);
#4302=ORIENTED_EDGE('',*,*,#2598,.T.);
#4303=ORIENTED_EDGE('',*,*,#4255,.F.);
#4304=ORIENTED_EDGE('',*,*,#1855,.T.);
#4305=CARTESIAN_POINT('',(9.5,13.5,-1.6));
#4306=VERTEX_POINT('',#4305);
#4307=CARTESIAN_POINT('',(9.5,9.5,-1.6));
#4308=DIRECTION('',(0.,-0.,1.));
#4309=DIRECTION('',(-1.,0.,0.));
#4310=AXIS2_PLACEMENT_3D('',#4307,#4308,#4309);
#4311=CIRCLE('',#4310,4.);
#4312=EDGE_CURVE('NONE',#1842,#4306,#4311,.T.);
#4313=ORIENTED_EDGE('',*,*,#4312,.T.);
#4314=CARTESIAN_POINT('',(7.5,13.5,-1.6));
#4315=VERTEX_POINT('',#4314);
#4316=CARTESIAN_POINT('',(9.5,13.5,-1.6));
#4317=DIRECTION('',(-1.,0.,0.));
#4318=VECTOR('',#4317,2.);
#4319=LINE('',#4316,#4318);
#4320=EDGE_CURVE('NONE',#4306,#4315,#4319,.T.);
#4321=ORIENTED_EDGE('',*,*,#4320,.T.);
#4322=CARTESIAN_POINT('',(7.5,11.8,-1.6));
#4323=DIRECTION('',(0.,1.,0.));
#4324=VECTOR('',#4323,1.7);
#4325=LINE('',#4322,#4324);
#4326=EDGE_CURVE('NONE',#2759,#4315,#4325,.T.);
#4327=ORIENTED_EDGE('',*,*,#4326,.F.);
#4328=ORIENTED_EDGE('',*,*,#2764,.T.);
#4329=EDGE_LOOP('',(#4301,#4302,#4303,#4304,#4313,#4321,#4327,#4328));
#4330=FACE_BOUND('',#4329,.T.);
#4331=ADVANCED_FACE('NONE',(#4330),#4300,.F.);
#4332=CARTESIAN_POINT('',(7.5,7.9,-0.45));
#4333=DIRECTION('',(0.,1.,0.));
#4334=DIRECTION('',(0.,-0.,1.));
#4335=AXIS2_PLACEMENT_3D('',#4332,#4333,#4334);
#4336=CYLINDRICAL_SURFACE('',#4335,1.15);
#4337=ORIENTED_EDGE('',*,*,#4275,.F.);
#4338=ORIENTED_EDGE('',*,*,#2773,.T.);
#4339=ORIENTED_EDGE('',*,*,#4326,.T.);
#4340=CARTESIAN_POINT('',(7.5,13.5,-0.45));
#4341=DIRECTION('',(0.,1.,0.));
#4342=DIRECTION('',(0.,-0.,1.));
#4343=AXIS2_PLACEMENT_3D('',#4340,#4341,#4342);
#4344=CIRCLE('',#4343,1.15);
#4345=EDGE_CURVE('NONE',#4315,#4270,#4344,.T.);
#4346=ORIENTED_EDGE('',*,*,#4345,.T.);
#4347=EDGE_LOOP('',(#4337,#4338,#4339,#4346));
#4348=FACE_BOUND('',#4347,.T.);
#4349=ADVANCED_FACE('NONE',(#4348),#4336,.F.);
#4350=CARTESIAN_POINT('',(-7.5,7.9,-0.45));
#4351=DIRECTION('',(0.,1.,0.));
#4352=DIRECTION('',(0.,0.,1.));
#4353=AXIS2_PLACEMENT_3D('',#4350,#4351,#4352);
#4354=PLANE('',#4353);
#4355=ORIENTED_EDGE('',*,*,#3289,.F.);
#4356=CARTESIAN_POINT('',(-11.8,7.9,-1.6));
#4357=DIRECTION('',(-1.,-0.,0.));
#4358=VECTOR('',#4357,1.7);
#4359=LINE('',#4356,#4358);
#4360=EDGE_CURVE('NONE',#3276,#2195,#4359,.T.);
#4361=ORIENTED_EDGE('',*,*,#4360,.T.);
#4362=ORIENTED_EDGE('',*,*,#2200,.T.);
#4363=CARTESIAN_POINT('',(-13.5,7.9,0.7));
#4364=DIRECTION('',(1.,0.,-0.));
#4365=VECTOR('',#4364,1.7);
#4366=LINE('',#4363,#4365);
#4367=EDGE_CURVE('NONE',#2187,#3284,#4366,.T.);
#4368=ORIENTED_EDGE('',*,*,#4367,.T.);
#4369=EDGE_LOOP('',(#4355,#4361,#4362,#4368));
#4370=FACE_BOUND('',#4369,.T.);
#4371=ADVANCED_FACE('NONE',(#4370),#4354,.T.);
#4372=CARTESIAN_POINT('',(-7.5,7.9,-1.6));
#4373=DIRECTION('',(-0.,0.,-1.));
#4374=DIRECTION('',(-1.,0.,0.));
#4375=AXIS2_PLACEMENT_3D('',#4372,#4373,#4374);
#4376=PLANE('',#4375);
#4377=ORIENTED_EDGE('',*,*,#3529,.T.);
#4378=ORIENTED_EDGE('',*,*,#3019,.T.);
#4379=CARTESIAN_POINT('',(-7.5,13.5,-1.6));
#4380=VERTEX_POINT('',#4379);
#4381=CARTESIAN_POINT('',(-7.5,11.8,-1.6));
#4382=DIRECTION('',(0.,1.,0.));
#4383=VECTOR('',#4382,1.7);
#4384=LINE('',#4381,#4383);
#4385=EDGE_CURVE('NONE',#3005,#4380,#4384,.T.);
#4386=ORIENTED_EDGE('',*,*,#4385,.T.);
#4387=CARTESIAN_POINT('',(-9.5,13.5,-1.6));
#4388=VERTEX_POINT('',#4387);
#4389=CARTESIAN_POINT('',(-7.5,13.5,-1.6));
#4390=DIRECTION('',(-1.,0.,0.));
#4391=VECTOR('',#4390,2.);
#4392=LINE('',#4389,#4391);
#4393=EDGE_CURVE('NONE',#4380,#4388,#4392,.T.);
#4394=ORIENTED_EDGE('',*,*,#4393,.T.);
#4395=CARTESIAN_POINT('',(-9.5,9.5,-1.6));
#4396=DIRECTION('',(0.,-0.,1.));
#4397=DIRECTION('',(-1.,0.,0.));
#4398=AXIS2_PLACEMENT_3D('',#4395,#4396,#4397);
#4399=CIRCLE('',#4398,4.);
#4400=EDGE_CURVE('NONE',#4388,#2203,#4399,.T.);
#4401=ORIENTED_EDGE('',*,*,#4400,.T.);
#4402=ORIENTED_EDGE('',*,*,#2208,.F.);
#4403=ORIENTED_EDGE('',*,*,#4360,.F.);
#4404=ORIENTED_EDGE('',*,*,#3281,.T.);
#4405=EDGE_LOOP('',(#4377,#4378,#4386,#4394,#4401,#4402,#4403,#4404));
#4406=FACE_BOUND('',#4405,.T.);
#4407=ADVANCED_FACE('NONE',(#4406),#4376,.F.);
#4408=CARTESIAN_POINT('',(-7.5,7.9,0.7));
#4409=DIRECTION('',(-0.,0.,1.));
#4410=DIRECTION('',(1.,0.,0.));
#4411=AXIS2_PLACEMENT_3D('',#4408,#4409,#4410);
#4412=PLANE('',#4411);
#4413=CARTESIAN_POINT('',(-7.5,13.5,0.7));
#4414=VERTEX_POINT('',#4413);
#4415=CARTESIAN_POINT('',(-7.5,11.8,0.7));
#4416=DIRECTION('',(0.,1.,0.));
#4417=VECTOR('',#4416,1.7);
#4418=LINE('',#4415,#4417);
#4419=EDGE_CURVE('NONE',#2997,#4414,#4418,.T.);
#4420=ORIENTED_EDGE('',*,*,#4419,.F.);
#4421=ORIENTED_EDGE('',*,*,#3002,.T.);
#4422=ORIENTED_EDGE('',*,*,#3513,.T.);
#4423=ORIENTED_EDGE('',*,*,#3297,.T.);
#4424=ORIENTED_EDGE('',*,*,#4367,.F.);
#4425=ORIENTED_EDGE('',*,*,#2192,.T.);
#4426=CARTESIAN_POINT('',(-9.5,13.5,0.7));
#4427=VERTEX_POINT('',#4426);
#4428=CARTESIAN_POINT('',(-9.5,9.5,0.7));
#4429=DIRECTION('',(-0.,0.,-1.));
#4430=DIRECTION('',(-1.,0.,0.));
#4431=AXIS2_PLACEMENT_3D('',#4428,#4429,#4430);
#4432=CIRCLE('',#4431,4.);
#4433=EDGE_CURVE('NONE',#2179,#4427,#4432,.T.);
#4434=ORIENTED_EDGE('',*,*,#4433,.T.);
#4435=CARTESIAN_POINT('',(-9.5,13.5,0.7));
#4436=DIRECTION('',(1.,0.,0.));
#4437=VECTOR('',#4436,2.);
#4438=LINE('',#4435,#4437);
#4439=EDGE_CURVE('NONE',#4427,#4414,#4438,.T.);
#4440=ORIENTED_EDGE('',*,*,#4439,.T.);
#4441=EDGE_LOOP('',(#4420,#4421,#4422,#4423,#4424,#4425,#4434,#4440));
#4442=FACE_BOUND('',#4441,.T.);
#4443=ADVANCED_FACE('NONE',(#4442),#4412,.F.);
#4444=CARTESIAN_POINT('',(-7.5,7.9,-0.45));
#4445=DIRECTION('',(0.,1.,0.));
#4446=DIRECTION('',(0.,-0.,1.));
#4447=AXIS2_PLACEMENT_3D('',#4444,#4445,#4446);
#4448=CYLINDRICAL_SURFACE('',#4447,1.15);
#4449=ORIENTED_EDGE('',*,*,#4385,.F.);
#4450=ORIENTED_EDGE('',*,*,#3011,.T.);
#4451=ORIENTED_EDGE('',*,*,#4419,.T.);
#4452=CARTESIAN_POINT('',(-7.5,13.5,-0.45));
#4453=DIRECTION('',(0.,1.,0.));
#4454=DIRECTION('',(0.,-0.,1.));
#4455=AXIS2_PLACEMENT_3D('',#4452,#4453,#4454);
#4456=CIRCLE('',#4455,1.15);
#4457=EDGE_CURVE('NONE',#4414,#4380,#4456,.T.);
#4458=ORIENTED_EDGE('',*,*,#4457,.T.);
#4459=EDGE_LOOP('',(#4449,#4450,#4451,#4458));
#4460=FACE_BOUND('',#4459,.T.);
#4461=ADVANCED_FACE('NONE',(#4460),#4448,.F.);
#4462=CARTESIAN_POINT('',(7.5,7.9,-5.45));
#4463=DIRECTION('',(0.,1.,0.));
#4464=DIRECTION('',(0.,0.,1.));
#4465=AXIS2_PLACEMENT_3D('',#4462,#4463,#4464);
#4466=PLANE('',#4465);
#4467=ORIENTED_EDGE('',*,*,#2622,.F.);
#4468=CARTESIAN_POINT('',(11.8,7.9,-4.3));
#4469=DIRECTION('',(1.,0.,-0.));
#4470=VECTOR('',#4469,1.7);
#4471=LINE('',#4468,#4470);
#4472=EDGE_CURVE('NONE',#2609,#1826,#4471,.T.);
#4473=ORIENTED_EDGE('',*,*,#4472,.T.);
#4474=ORIENTED_EDGE('',*,*,#1831,.T.);
#4475=CARTESIAN_POINT('',(13.5,7.9,-6.6));
#4476=DIRECTION('',(-1.,-0.,0.));
#4477=VECTOR('',#4476,1.7);
#4478=LINE('',#4475,#4477);
#4479=EDGE_CURVE('NONE',#1818,#2617,#4478,.T.);
#4480=ORIENTED_EDGE('',*,*,#4479,.T.);
#4481=EDGE_LOOP('',(#4467,#4473,#4474,#4480));
#4482=FACE_BOUND('',#4481,.T.);
#4483=ADVANCED_FACE('NONE',(#4482),#4466,.T.);
#4484=CARTESIAN_POINT('',(7.5,7.9,-4.3));
#4485=DIRECTION('',(-0.,0.,1.));
#4486=DIRECTION('',(1.,0.,0.));
#4487=AXIS2_PLACEMENT_3D('',#4484,#4485,#4486);
#4488=PLANE('',#4487);
#4489=ORIENTED_EDGE('',*,*,#4472,.F.);
#4490=ORIENTED_EDGE('',*,*,#2614,.T.);
#4491=ORIENTED_EDGE('',*,*,#3199,.T.);
#4492=ORIENTED_EDGE('',*,*,#2748,.T.);
#4493=CARTESIAN_POINT('',(7.5,13.5,-4.3));
#4494=VERTEX_POINT('',#4493);
#4495=CARTESIAN_POINT('',(7.5,11.8,-4.3));
#4496=DIRECTION('',(0.,1.,0.));
#4497=VECTOR('',#4496,1.7);
#4498=LINE('',#4495,#4497);
#4499=EDGE_CURVE('NONE',#2734,#4494,#4498,.T.);
#4500=ORIENTED_EDGE('',*,*,#4499,.T.);
#4501=CARTESIAN_POINT('',(9.5,13.5,-4.3));
#4502=VERTEX_POINT('',#4501);
#4503=CARTESIAN_POINT('',(7.5,13.5,-4.3));
#4504=DIRECTION('',(1.,0.,0.));
#4505=VECTOR('',#4504,2.);
#4506=LINE('',#4503,#4505);
#4507=EDGE_CURVE('NONE',#4494,#4502,#4506,.T.);
#4508=ORIENTED_EDGE('',*,*,#4507,.T.);
#4509=CARTESIAN_POINT('',(9.5,9.5,-4.3));
#4510=DIRECTION('',(-0.,0.,-1.));
#4511=DIRECTION('',(-1.,0.,0.));
#4512=AXIS2_PLACEMENT_3D('',#4509,#4510,#4511);
#4513=CIRCLE('',#4512,4.);
#4514=EDGE_CURVE('NONE',#4502,#1834,#4513,.T.);
#4515=ORIENTED_EDGE('',*,*,#4514,.T.);
#4516=ORIENTED_EDGE('',*,*,#1839,.F.);
#4517=EDGE_LOOP('',(#4489,#4490,#4491,#4492,#4500,#4508,#4515,#4516));
#4518=FACE_BOUND('',#4517,.T.);
#4519=ADVANCED_FACE('NONE',(#4518),#4488,.F.);
#4520=CARTESIAN_POINT('',(7.5,7.9,-6.6));
#4521=DIRECTION('',(0.,0.,-1.));
#4522=DIRECTION('',(-1.,0.,0.));
#4523=AXIS2_PLACEMENT_3D('',#4520,#4521,#4522);
#4524=PLANE('',#4523);
#4525=ORIENTED_EDGE('',*,*,#3215,.T.);
#4526=ORIENTED_EDGE('',*,*,#2630,.T.);
#4527=ORIENTED_EDGE('',*,*,#4479,.F.);
#4528=ORIENTED_EDGE('',*,*,#1823,.T.);
#4529=CARTESIAN_POINT('',(9.5,13.5,-6.6));
#4530=VERTEX_POINT('',#4529);
#4531=CARTESIAN_POINT('',(9.5,9.5,-6.6));
#4532=DIRECTION('',(0.,-0.,1.));
#4533=DIRECTION('',(-1.,0.,0.));
#4534=AXIS2_PLACEMENT_3D('',#4531,#4532,#4533);
#4535=CIRCLE('',#4534,4.);
#4536=EDGE_CURVE('NONE',#1810,#4530,#4535,.T.);
#4537=ORIENTED_EDGE('',*,*,#4536,.T.);
#4538=CARTESIAN_POINT('',(7.5,13.5,-6.6));
#4539=VERTEX_POINT('',#4538);
#4540=CARTESIAN_POINT('',(9.5,13.5,-6.6));
#4541=DIRECTION('',(-1.,0.,0.));
#4542=VECTOR('',#4541,2.);
#4543=LINE('',#4540,#4542);
#4544=EDGE_CURVE('NONE',#4530,#4539,#4543,.T.);
#4545=ORIENTED_EDGE('',*,*,#4544,.T.);
#4546=CARTESIAN_POINT('',(7.5,11.8,-6.6));
#4547=DIRECTION('',(0.,1.,0.));
#4548=VECTOR('',#4547,1.7);
#4549=LINE('',#4546,#4548);
#4550=EDGE_CURVE('NONE',#2726,#4539,#4549,.T.);
#4551=ORIENTED_EDGE('',*,*,#4550,.F.);
#4552=ORIENTED_EDGE('',*,*,#2731,.T.);
#4553=EDGE_LOOP('',(#4525,#4526,#4527,#4528,#4537,#4545,#4551,#4552));
#4554=FACE_BOUND('',#4553,.T.);
#4555=ADVANCED_FACE('NONE',(#4554),#4524,.F.);
#4556=CARTESIAN_POINT('',(7.5,7.9,-5.45));
#4557=DIRECTION('',(0.,1.,0.));
#4558=DIRECTION('',(0.,-0.,1.));
#4559=AXIS2_PLACEMENT_3D('',#4556,#4557,#4558);
#4560=CYLINDRICAL_SURFACE('',#4559,1.15);
#4561=ORIENTED_EDGE('',*,*,#4499,.F.);
#4562=ORIENTED_EDGE('',*,*,#2740,.T.);
#4563=ORIENTED_EDGE('',*,*,#4550,.T.);
#4564=CARTESIAN_POINT('',(7.5,13.5,-5.45));
#4565=DIRECTION('',(0.,1.,0.));
#4566=DIRECTION('',(0.,-0.,1.));
#4567=AXIS2_PLACEMENT_3D('',#4564,#4565,#4566);
#4568=CIRCLE('',#4567,1.15);
#4569=EDGE_CURVE('NONE',#4539,#4494,#4568,.T.);
#4570=ORIENTED_EDGE('',*,*,#4569,.T.);
#4571=EDGE_LOOP('',(#4561,#4562,#4563,#4570));
#4572=FACE_BOUND('',#4571,.T.);
#4573=ADVANCED_FACE('NONE',(#4572),#4560,.F.);
#4574=CARTESIAN_POINT('',(-7.5,7.9,-5.45));
#4575=DIRECTION('',(0.,1.,0.));
#4576=DIRECTION('',(0.,0.,1.));
#4577=AXIS2_PLACEMENT_3D('',#4574,#4575,#4576);
#4578=PLANE('',#4577);
#4579=ORIENTED_EDGE('',*,*,#3257,.F.);
#4580=CARTESIAN_POINT('',(-11.8,7.9,-6.6));
#4581=DIRECTION('',(-1.,-0.,0.));
#4582=VECTOR('',#4581,1.7);
#4583=LINE('',#4580,#4582);
#4584=EDGE_CURVE('NONE',#3244,#2227,#4583,.T.);
#4585=ORIENTED_EDGE('',*,*,#4584,.T.);
#4586=ORIENTED_EDGE('',*,*,#2232,.T.);
#4587=CARTESIAN_POINT('',(-13.5,7.9,-4.3));
#4588=DIRECTION('',(1.,0.,-0.));
#4589=VECTOR('',#4588,1.7);
#4590=LINE('',#4587,#4589);
#4591=EDGE_CURVE('NONE',#2219,#3252,#4590,.T.);
#4592=ORIENTED_EDGE('',*,*,#4591,.T.);
#4593=EDGE_LOOP('',(#4579,#4585,#4586,#4592));
#4594=FACE_BOUND('',#4593,.T.);
#4595=ADVANCED_FACE('NONE',(#4594),#4578,.T.);
#4596=CARTESIAN_POINT('',(-7.5,7.9,-6.6));
#4597=DIRECTION('',(-0.,0.,-1.));
#4598=DIRECTION('',(-1.,0.,0.));
#4599=AXIS2_PLACEMENT_3D('',#4596,#4597,#4598);
#4600=PLANE('',#4599);
#4601=ORIENTED_EDGE('',*,*,#3553,.T.);
#4602=ORIENTED_EDGE('',*,*,#3052,.T.);
#4603=CARTESIAN_POINT('',(-7.5,13.5,-6.6));
#4604=VERTEX_POINT('',#4603);
#4605=CARTESIAN_POINT('',(-7.5,11.8,-6.6));
#4606=DIRECTION('',(0.,1.,0.));
#4607=VECTOR('',#4606,1.7);
#4608=LINE('',#4605,#4607);
#4609=EDGE_CURVE('NONE',#3038,#4604,#4608,.T.);
#4610=ORIENTED_EDGE('',*,*,#4609,.T.);
#4611=CARTESIAN_POINT('',(-9.5,13.5,-6.6));
#4612=VERTEX_POINT('',#4611);
#4613=CARTESIAN_POINT('',(-7.5,13.5,-6.6));
#4614=DIRECTION('',(-1.,0.,0.));
#4615=VECTOR('',#4614,2.);
#4616=LINE('',#4613,#4615);
#4617=EDGE_CURVE('NONE',#4604,#4612,#4616,.T.);
#4618=ORIENTED_EDGE('',*,*,#4617,.T.);
#4619=CARTESIAN_POINT('',(-9.5,9.5,-6.6));
#4620=DIRECTION('',(0.,-0.,1.));
#4621=DIRECTION('',(-1.,0.,0.));
#4622=AXIS2_PLACEMENT_3D('',#4619,#4620,#4621);
#4623=CIRCLE('',#4622,4.);
#4624=EDGE_CURVE('NONE',#4612,#2235,#4623,.T.);
#4625=ORIENTED_EDGE('',*,*,#4624,.T.);
#4626=ORIENTED_EDGE('',*,*,#2240,.F.);
#4627=ORIENTED_EDGE('',*,*,#4584,.F.);
#4628=ORIENTED_EDGE('',*,*,#3249,.T.);
#4629=EDGE_LOOP('',(#4601,#4602,#4610,#4618,#4625,#4626,#4627,#4628));
#4630=FACE_BOUND('',#4629,.T.);
#4631=ADVANCED_FACE('NONE',(#4630),#4600,.F.);
#4632=CARTESIAN_POINT('',(-7.5,7.9,-4.3));
#4633=DIRECTION('',(-0.,0.,1.));
#4634=DIRECTION('',(1.,0.,0.));
#4635=AXIS2_PLACEMENT_3D('',#4632,#4633,#4634);
#4636=PLANE('',#4635);
#4637=CARTESIAN_POINT('',(-7.5,13.5,-4.3));
#4638=VERTEX_POINT('',#4637);
#4639=CARTESIAN_POINT('',(-7.5,11.8,-4.3));
#4640=DIRECTION('',(0.,1.,0.));
#4641=VECTOR('',#4640,1.7);
#4642=LINE('',#4639,#4641);
#4643=EDGE_CURVE('NONE',#3030,#4638,#4642,.T.);
#4644=ORIENTED_EDGE('',*,*,#4643,.F.);
#4645=ORIENTED_EDGE('',*,*,#3035,.T.);
#4646=ORIENTED_EDGE('',*,*,#3537,.T.);
#4647=ORIENTED_EDGE('',*,*,#3265,.T.);
#4648=ORIENTED_EDGE('',*,*,#4591,.F.);
#4649=ORIENTED_EDGE('',*,*,#2224,.T.);
#4650=CARTESIAN_POINT('',(-9.5,13.5,-4.3));
#4651=VERTEX_POINT('',#4650);
#4652=CARTESIAN_POINT('',(-9.5,9.5,-4.3));
#4653=DIRECTION('',(-0.,0.,-1.));
#4654=DIRECTION('',(-1.,0.,0.));
#4655=AXIS2_PLACEMENT_3D('',#4652,#4653,#4654);
#4656=CIRCLE('',#4655,4.);
#4657=EDGE_CURVE('NONE',#2211,#4651,#4656,.T.);
#4658=ORIENTED_EDGE('',*,*,#4657,.T.);
#4659=CARTESIAN_POINT('',(-9.5,13.5,-4.3));
#4660=DIRECTION('',(1.,0.,0.));
#4661=VECTOR('',#4660,2.);
#4662=LINE('',#4659,#4661);
#4663=EDGE_CURVE('NONE',#4651,#4638,#4662,.T.);
#4664=ORIENTED_EDGE('',*,*,#4663,.T.);
#4665=EDGE_LOOP('',(#4644,#4645,#4646,#4647,#4648,#4649,#4658,#4664));
#4666=FACE_BOUND('',#4665,.T.);
#4667=ADVANCED_FACE('NONE',(#4666),#4636,.F.);
#4668=CARTESIAN_POINT('',(-7.5,7.9,-5.45));
#4669=DIRECTION('',(0.,1.,0.));
#4670=DIRECTION('',(0.,-0.,1.));
#4671=AXIS2_PLACEMENT_3D('',#4668,#4669,#4670);
#4672=CYLINDRICAL_SURFACE('',#4671,1.15);
#4673=ORIENTED_EDGE('',*,*,#4609,.F.);
#4674=ORIENTED_EDGE('',*,*,#3044,.T.);
#4675=ORIENTED_EDGE('',*,*,#4643,.T.);
#4676=CARTESIAN_POINT('',(-7.5,13.5,-5.45));
#4677=DIRECTION('',(0.,1.,0.));
#4678=DIRECTION('',(0.,-0.,1.));
#4679=AXIS2_PLACEMENT_3D('',#4676,#4677,#4678);
#4680=CIRCLE('',#4679,1.15);
#4681=EDGE_CURVE('NONE',#4638,#4604,#4680,.T.);
#4682=ORIENTED_EDGE('',*,*,#4681,.T.);
#4683=EDGE_LOOP('',(#4673,#4674,#4675,#4682));
#4684=FACE_BOUND('',#4683,.T.);
#4685=ADVANCED_FACE('NONE',(#4684),#4672,.F.);
#4686=CARTESIAN_POINT('',(7.5,7.9,-10.45));
#4687=DIRECTION('',(0.,1.,0.));
#4688=DIRECTION('',(0.,0.,1.));
#4689=AXIS2_PLACEMENT_3D('',#4686,#4687,#4688);
#4690=PLANE('',#4689);
#4691=ORIENTED_EDGE('',*,*,#2462,.F.);
#4692=CARTESIAN_POINT('',(11.8,7.9,-9.3));
#4693=DIRECTION('',(1.,0.,-0.));
#4694=VECTOR('',#4693,1.7);
#4695=LINE('',#4692,#4694);
#4696=EDGE_CURVE('NONE',#2455,#1794,#4695,.T.);
#4697=ORIENTED_EDGE('',*,*,#4696,.T.);
#4698=ORIENTED_EDGE('',*,*,#1799,.T.);
#4699=CARTESIAN_POINT('',(13.5,7.9,-11.6));
#4700=DIRECTION('',(-1.,-0.,0.));
#4701=VECTOR('',#4700,1.7);
#4702=LINE('',#4699,#4701);
#4703=EDGE_CURVE('NONE',#1786,#2457,#4702,.T.);
#4704=ORIENTED_EDGE('',*,*,#4703,.T.);
#4705=EDGE_LOOP('',(#4691,#4697,#4698,#4704));
#4706=FACE_BOUND('',#4705,.T.);
#4707=ADVANCED_FACE('NONE',(#4706),#4690,.T.);
#4708=CARTESIAN_POINT('',(7.5,7.9,-9.3));
#4709=DIRECTION('',(-0.,0.,1.));
#4710=DIRECTION('',(1.,0.,0.));
#4711=AXIS2_PLACEMENT_3D('',#4708,#4709,#4710);
#4712=PLANE('',#4711);
#4713=ORIENTED_EDGE('',*,*,#4696,.F.);
#4714=ORIENTED_EDGE('',*,*,#2644,.T.);
#4715=ORIENTED_EDGE('',*,*,#3223,.T.);
#4716=ORIENTED_EDGE('',*,*,#2715,.T.);
#4717=CARTESIAN_POINT('',(7.5,13.5,-9.3));
#4718=VERTEX_POINT('',#4717);
#4719=CARTESIAN_POINT('',(7.5,11.8,-9.3));
#4720=DIRECTION('',(0.,1.,0.));
#4721=VECTOR('',#4720,1.7);
#4722=LINE('',#4719,#4721);
#4723=EDGE_CURVE('NONE',#2701,#4718,#4722,.T.);
#4724=ORIENTED_EDGE('',*,*,#4723,.T.);
#4725=CARTESIAN_POINT('',(9.5,13.5,-9.3));
#4726=VERTEX_POINT('',#4725);
#4727=CARTESIAN_POINT('',(7.5,13.5,-9.3));
#4728=DIRECTION('',(1.,0.,0.));
#4729=VECTOR('',#4728,2.);
#4730=LINE('',#4727,#4729);
#4731=EDGE_CURVE('NONE',#4718,#4726,#4730,.T.);
#4732=ORIENTED_EDGE('',*,*,#4731,.T.);
#4733=CARTESIAN_POINT('',(9.5,9.5,-9.3));
#4734=DIRECTION('',(-0.,0.,-1.));
#4735=DIRECTION('',(-1.,0.,0.));
#4736=AXIS2_PLACEMENT_3D('',#4733,#4734,#4735);
#4737=CIRCLE('',#4736,4.);
#4738=EDGE_CURVE('NONE',#4726,#1802,#4737,.T.);
#4739=ORIENTED_EDGE('',*,*,#4738,.T.);
#4740=ORIENTED_EDGE('',*,*,#1807,.F.);
#4741=EDGE_LOOP('',(#4713,#4714,#4715,#4716,#4724,#4732,#4739,#4740));
#4742=FACE_BOUND('',#4741,.T.);
#4743=ADVANCED_FACE('NONE',(#4742),#4712,.F.);
#4744=CARTESIAN_POINT('',(7.5,7.9,-10.45));
#4745=DIRECTION('',(0.,1.,0.));
#4746=DIRECTION('',(0.,-0.,1.));
#4747=AXIS2_PLACEMENT_3D('',#4744,#4745,#4746);
#4748=CYLINDRICAL_SURFACE('',#4747,1.15);
#4749=ORIENTED_EDGE('',*,*,#4723,.F.);
#4750=ORIENTED_EDGE('',*,*,#2707,.T.);
#4751=CARTESIAN_POINT('',(7.5,13.5,-11.6));
#4752=VERTEX_POINT('',#4751);
#4753=CARTESIAN_POINT('',(7.5,11.8,-11.6));
#4754=DIRECTION('',(0.,1.,0.));
#4755=VECTOR('',#4754,1.7);
#4756=LINE('',#4753,#4755);
#4757=EDGE_CURVE('NONE',#2693,#4752,#4756,.T.);
#4758=ORIENTED_EDGE('',*,*,#4757,.T.);
#4759=CARTESIAN_POINT('',(7.5,13.5,-10.45));
#4760=DIRECTION('',(0.,1.,0.));
#4761=DIRECTION('',(0.,-0.,1.));
#4762=AXIS2_PLACEMENT_3D('',#4759,#4760,#4761);
#4763=CIRCLE('',#4762,1.15);
#4764=EDGE_CURVE('NONE',#4752,#4718,#4763,.T.);
#4765=ORIENTED_EDGE('',*,*,#4764,.T.);
#4766=EDGE_LOOP('',(#4749,#4750,#4758,#4765));
#4767=FACE_BOUND('',#4766,.T.);
#4768=ADVANCED_FACE('NONE',(#4767),#4748,.F.);
#4769=CARTESIAN_POINT('',(-7.5,7.9,-10.45));
#4770=DIRECTION('',(0.,1.,0.));
#4771=DIRECTION('',(0.,0.,1.));
#4772=AXIS2_PLACEMENT_3D('',#4769,#4770,#4771);
#4773=PLANE('',#4772);
#4774=ORIENTED_EDGE('',*,*,#3417,.F.);
#4775=CARTESIAN_POINT('',(-11.8,7.9,-11.6));
#4776=DIRECTION('',(-1.,-0.,0.));
#4777=VECTOR('',#4776,1.7);
#4778=LINE('',#4775,#4777);
#4779=EDGE_CURVE('NONE',#3404,#2259,#4778,.T.);
#4780=ORIENTED_EDGE('',*,*,#4779,.T.);
#4781=ORIENTED_EDGE('',*,*,#2264,.T.);
#4782=CARTESIAN_POINT('',(-13.5,7.9,-9.3));
#4783=DIRECTION('',(1.,0.,-0.));
#4784=VECTOR('',#4783,1.7);
#4785=LINE('',#4782,#4784);
#4786=EDGE_CURVE('NONE',#2251,#3412,#4785,.T.);
#4787=ORIENTED_EDGE('',*,*,#4786,.T.);
#4788=EDGE_LOOP('',(#4774,#4780,#4781,#4787));
#4789=FACE_BOUND('',#4788,.T.);
#4790=ADVANCED_FACE('NONE',(#4789),#4773,.T.);
#4791=CARTESIAN_POINT('',(-7.5,7.9,-11.6));
#4792=DIRECTION('',(-0.,0.,-1.));
#4793=DIRECTION('',(-1.,0.,0.));
#4794=AXIS2_PLACEMENT_3D('',#4791,#4792,#4793);
#4795=PLANE('',#4794);
#4796=ORIENTED_EDGE('',*,*,#3083,.T.);
#4797=CARTESIAN_POINT('',(-7.5,13.5,-11.6));
#4798=VERTEX_POINT('',#4797);
#4799=CARTESIAN_POINT('',(-7.5,11.8,-11.6));
#4800=DIRECTION('',(0.,1.,0.));
#4801=VECTOR('',#4800,1.7);
#4802=LINE('',#4799,#4801);
#4803=EDGE_CURVE('NONE',#3071,#4798,#4802,.T.);
#4804=ORIENTED_EDGE('',*,*,#4803,.T.);
#4805=CARTESIAN_POINT('',(-9.5,13.5,-11.6));
#4806=VERTEX_POINT('',#4805);
#4807=CARTESIAN_POINT('',(-7.5,13.5,-11.6));
#4808=DIRECTION('',(-1.,0.,0.));
#4809=VECTOR('',#4808,2.);
#4810=LINE('',#4807,#4809);
#4811=EDGE_CURVE('NONE',#4798,#4806,#4810,.T.);
#4812=ORIENTED_EDGE('',*,*,#4811,.T.);
#4813=CARTESIAN_POINT('',(-9.5,9.5,-11.6));
#4814=DIRECTION('',(0.,-0.,1.));
#4815=DIRECTION('',(-1.,0.,0.));
#4816=AXIS2_PLACEMENT_3D('',#4813,#4814,#4815);
#4817=CIRCLE('',#4816,4.);
#4818=EDGE_CURVE('NONE',#4806,#2267,#4817,.T.);
#4819=ORIENTED_EDGE('',*,*,#4818,.T.);
#4820=ORIENTED_EDGE('',*,*,#2272,.F.);
#4821=ORIENTED_EDGE('',*,*,#4779,.F.);
#4822=ORIENTED_EDGE('',*,*,#3409,.T.);
#4823=ORIENTED_EDGE('',*,*,#2444,.T.);
#4824=ORIENTED_EDGE('',*,*,#2468,.T.);
#4825=ORIENTED_EDGE('',*,*,#4703,.F.);
#4826=ORIENTED_EDGE('',*,*,#1791,.T.);
#4827=CARTESIAN_POINT('',(9.5,13.5,-11.6));
#4828=VERTEX_POINT('',#4827);
#4829=CARTESIAN_POINT('',(9.5,9.5,-11.6));
#4830=DIRECTION('',(0.,-0.,1.));
#4831=DIRECTION('',(-1.,0.,0.));
#4832=AXIS2_PLACEMENT_3D('',#4829,#4830,#4831);
#4833=CIRCLE('',#4832,4.);
#4834=EDGE_CURVE('NONE',#1778,#4828,#4833,.T.);
#4835=ORIENTED_EDGE('',*,*,#4834,.T.);
#4836=CARTESIAN_POINT('',(9.5,13.5,-11.6));
#4837=DIRECTION('',(-1.,0.,0.));
#4838=VECTOR('',#4837,2.);
#4839=LINE('',#4836,#4838);
#4840=EDGE_CURVE('NONE',#4828,#4752,#4839,.T.);
#4841=ORIENTED_EDGE('',*,*,#4840,.T.);
#4842=ORIENTED_EDGE('',*,*,#4757,.F.);
#4843=ORIENTED_EDGE('',*,*,#2698,.T.);
#4844=ORIENTED_EDGE('',*,*,#2688,.T.);
#4845=EDGE_LOOP('',(#4796,#4804,#4812,#4819,#4820,#4821,#4822,#4823,#4824,#4825,#4826,#4835,#4841,#4842,#4843,#4844));
#4846=FACE_BOUND('',#4845,.T.);
#4847=ADVANCED_FACE('NONE',(#4846),#4795,.F.);
#4848=CARTESIAN_POINT('',(-7.5,7.9,-9.3));
#4849=DIRECTION('',(-0.,0.,1.));
#4850=DIRECTION('',(1.,0.,0.));
#4851=AXIS2_PLACEMENT_3D('',#4848,#4849,#4850);
#4852=PLANE('',#4851);
#4853=CARTESIAN_POINT('',(-7.5,13.5,-9.3));
#4854=VERTEX_POINT('',#4853);
#4855=CARTESIAN_POINT('',(-7.5,11.8,-9.3));
#4856=DIRECTION('',(0.,1.,0.));
#4857=VECTOR('',#4856,1.7);
#4858=LINE('',#4855,#4857);
#4859=EDGE_CURVE('NONE',#3063,#4854,#4858,.T.);
#4860=ORIENTED_EDGE('',*,*,#4859,.F.);
#4861=ORIENTED_EDGE('',*,*,#3068,.T.);
#4862=ORIENTED_EDGE('',*,*,#3561,.T.);
#4863=ORIENTED_EDGE('',*,*,#3423,.T.);
#4864=ORIENTED_EDGE('',*,*,#4786,.F.);
#4865=ORIENTED_EDGE('',*,*,#2256,.T.);
#4866=CARTESIAN_POINT('',(-9.5,13.5,-9.3));
#4867=VERTEX_POINT('',#4866);
#4868=CARTESIAN_POINT('',(-9.5,9.5,-9.3));
#4869=DIRECTION('',(-0.,0.,-1.));
#4870=DIRECTION('',(-1.,0.,0.));
#4871=AXIS2_PLACEMENT_3D('',#4868,#4869,#4870);
#4872=CIRCLE('',#4871,4.);
#4873=EDGE_CURVE('NONE',#2243,#4867,#4872,.T.);
#4874=ORIENTED_EDGE('',*,*,#4873,.T.);
#4875=CARTESIAN_POINT('',(-9.5,13.5,-9.3));
#4876=DIRECTION('',(1.,0.,0.));
#4877=VECTOR('',#4876,2.);
#4878=LINE('',#4875,#4877);
#4879=EDGE_CURVE('NONE',#4867,#4854,#4878,.T.);
#4880=ORIENTED_EDGE('',*,*,#4879,.T.);
#4881=EDGE_LOOP('',(#4860,#4861,#4862,#4863,#4864,#4865,#4874,#4880));
#4882=FACE_BOUND('',#4881,.T.);
#4883=ADVANCED_FACE('NONE',(#4882),#4852,.F.);
#4884=CARTESIAN_POINT('',(-7.5,7.9,-10.45));
#4885=DIRECTION('',(0.,1.,0.));
#4886=DIRECTION('',(0.,-0.,1.));
#4887=AXIS2_PLACEMENT_3D('',#4884,#4885,#4886);
#4888=CYLINDRICAL_SURFACE('',#4887,1.15);
#4889=ORIENTED_EDGE('',*,*,#4803,.F.);
#4890=ORIENTED_EDGE('',*,*,#3077,.T.);
#4891=ORIENTED_EDGE('',*,*,#4859,.T.);
#4892=CARTESIAN_POINT('',(-7.5,13.5,-10.45));
#4893=DIRECTION('',(0.,1.,0.));
#4894=DIRECTION('',(0.,-0.,1.));
#4895=AXIS2_PLACEMENT_3D('',#4892,#4893,#4894);
#4896=CIRCLE('',#4895,1.15);
#4897=EDGE_CURVE('NONE',#4854,#4798,#4896,.T.);
#4898=ORIENTED_EDGE('',*,*,#4897,.T.);
#4899=EDGE_LOOP('',(#4889,#4890,#4891,#4898));
#4900=FACE_BOUND('',#4899,.T.);
#4901=ADVANCED_FACE('NONE',(#4900),#4888,.F.);
#4902=CARTESIAN_POINT('',(-6.4,3.5,-16.6));
#4903=DIRECTION('',(-1.,-0.,0.));
#4904=DIRECTION('',(0.,0.,1.));
#4905=AXIS2_PLACEMENT_3D('',#4902,#4903,#4904);
#4906=TOROIDAL_SURFACE('',#4905,9.75,0.25);
#4907=CARTESIAN_POINT('',(-6.15,3.5,-26.35));
#4908=VERTEX_POINT('',#4907);
#4909=CARTESIAN_POINT('',(-6.4,3.5,-26.35));
#4910=DIRECTION('',(0.,-1.,0.));
#4911=DIRECTION('',(0.,0.,1.));
#4912=AXIS2_PLACEMENT_3D('',#4909,#4910,#4911);
#4913=CIRCLE('',#4912,0.25);
#4914=EDGE_CURVE('NONE',#2018,#4908,#4913,.T.);
#4915=ORIENTED_EDGE('',*,*,#4914,.F.);
#4916=CARTESIAN_POINT('',(-6.4,13.380948137,-18.138461538));
#4917=VERTEX_POINT('',#4916);
#4918=CARTESIAN_POINT('',(-6.4,3.5,-16.6));
#4919=DIRECTION('',(-1.,0.,0.));
#4920=DIRECTION('',(0.,0.,1.));
#4921=AXIS2_PLACEMENT_3D('',#4918,#4919,#4920);
#4922=CIRCLE('',#4921,10.);
#4923=EDGE_CURVE('NONE',#4917,#2018,#4922,.T.);
#4924=ORIENTED_EDGE('',*,*,#4923,.F.);
#4925=CARTESIAN_POINT('',(-6.15,13.133924434,-18.1));
#4926=VERTEX_POINT('',#4925);
#4927=CARTESIAN_POINT('',(-6.4,13.133924434,-18.1));
#4928=DIRECTION('',(-0.,-0.153846154,-0.988094814));
#4929=DIRECTION('',(-0.,-0.988094814,0.153846154));
#4930=AXIS2_PLACEMENT_3D('',#4927,#4928,#4929);
#4931=CIRCLE('',#4930,0.25);
#4932=EDGE_CURVE('NONE',#4917,#4926,#4931,.T.);
#4933=ORIENTED_EDGE('',*,*,#4932,.T.);
#4934=CARTESIAN_POINT('',(-6.15,3.5,-16.6));
#4935=DIRECTION('',(1.,0.,-0.));
#4936=DIRECTION('',(0.,0.,1.));
#4937=AXIS2_PLACEMENT_3D('',#4934,#4935,#4936);
#4938=CIRCLE('',#4937,9.75);
#4939=EDGE_CURVE('NONE',#4908,#4926,#4938,.T.);
#4940=ORIENTED_EDGE('',*,*,#4939,.F.);
#4941=EDGE_LOOP('',(#4915,#4924,#4933,#4940));
#4942=FACE_BOUND('',#4941,.T.);
#4943=ADVANCED_FACE('NONE',(#4942),#4906,.T.);
#4944=CARTESIAN_POINT('',(-6.4,13.380948137,-18.138461538));
#4945=CARTESIAN_POINT('',(-6.15,13.380948137,-18.138461538));
#4946=CARTESIAN_POINT('',(-6.15,13.133924434,-18.1));
#4947=CARTESIAN_POINT('',(-6.399999985,13.40681418,-17.972333869));
#4948=CARTESIAN_POINT('',(-6.154935292,13.401685779,-18.005271616));
#4949=CARTESIAN_POINT('',(-6.15,13.159144893,-17.970414924));
#4950=CARTESIAN_POINT('',(-6.368088244,13.428313066,-17.805361973));
#4951=CARTESIAN_POINT('',(-6.132545272,13.420283072,-17.867838337));
#4952=CARTESIAN_POINT('',(-6.124470599,13.180105236,-17.840182337));
#4953=CARTESIAN_POINT('',(-6.274742898,13.452871886,-17.57283898));
#4954=CARTESIAN_POINT('',(-6.059210377,13.442510776,-17.677680654));
#4955=CARTESIAN_POINT('',(-6.049794317,13.20405009,-17.658814405));
#4956=CARTESIAN_POINT('',(-6.236591332,13.45973671,-17.49919248));
#4957=CARTESIAN_POINT('',(-6.028691175,13.448963445,-17.617509608));
#4958=CARTESIAN_POINT('',(-6.019273064,13.210743291,-17.601370135));
#4959=CARTESIAN_POINT('',(-6.146269999,13.471351437,-17.35964003));
#4960=CARTESIAN_POINT('',(-5.955891308,13.460267012,-17.503938904));
#4961=CARTESIAN_POINT('',(-5.947016001,13.222067652,-17.492519222));
#4962=CARTESIAN_POINT('',(-6.093600166,13.476104547,-17.293451954));
#4963=CARTESIAN_POINT('',(-5.913135222,13.465142916,-17.450182681));
#4964=CARTESIAN_POINT('',(-5.904880134,13.226701932,-17.440892523));
#4965=CARTESIAN_POINT('',(-5.920811281,13.487418808,-17.115379222));
#4966=CARTESIAN_POINT('',(-5.772730891,13.477310493,-17.306112728));
#4967=CARTESIAN_POINT('',(-5.766649023,13.237733341,-17.301995795));
#4968=CARTESIAN_POINT('',(-5.781282078,13.491411669,-17.019332295));
#4969=CARTESIAN_POINT('',(-5.65916164,13.482518644,-17.229268323));
#4970=CARTESIAN_POINT('',(-5.655025663,13.241626375,-17.22707919));
#4971=CARTESIAN_POINT('',(-5.480014194,13.495983432,-16.890623392));
#4972=CARTESIAN_POINT('',(-5.41548493,13.489035123,-17.126831854));
#4973=CARTESIAN_POINT('',(-5.414011355,13.246083848,-17.126686246));
#4974=CARTESIAN_POINT('',(-5.314834161,13.496712148,-16.856410269));
#4975=CARTESIAN_POINT('',(-5.282667312,13.490464203,-17.10000001));
#4976=CARTESIAN_POINT('',(-5.281867329,13.246794345,-17.1));
#4977=CARTESIAN_POINT('',(-5.15,13.496712149,-16.856410256));
#4978=CARTESIAN_POINT('',(-5.15,13.490464203,-17.1));
#4979=CARTESIAN_POINT('',(-5.15,13.246794345,-17.1));
#4980=(BOUNDED_SURFACE()
B_SPLINE_SURFACE(3,2,((#4944,#4945,#4946),(#4947,#4948,#4949),(#4950,#4951,#4952),(#4953,#4954,#4955),(#4956,#4957,#4958),(#4959,#4960,#4961),(#4962,#4963,#4964),(#4965,#4966,#4967),(#4968,#4969,#4970),(#4971,#4972,#4973),(#4974,#4975,#4976),(#4977,#4978,#4979)),.UNSPECIFIED.,.F.,.F.,.U.)
B_SPLINE_SURFACE_WITH_KNOTS((4,2,2,2,2,4),(3,3),(0.,0.000489555,0.000734333,0.00097911,0.001468665,0.00195822),(0.,1.),.UNSPECIFIED.)
GEOMETRIC_REPRESENTATION_ITEM()
RATIONAL_B_SPLINE_SURFACE(((1.,0.707106781,1.),(1.,0.714196181,1.),(1.,0.718749907,1.),(1.,0.722285129,1.),(1.,0.722916414,1.),(1.,0.723369386,1.),(1.,0.723180865,1.),(1.,0.721882352,1.),(1.,0.720045696,1.),(1.,0.717152007,1.),(1.,0.716077654,1.),(1.,0.716114874,1.)))
REPRESENTATION_ITEM('')
SURFACE()
);
#4981=CARTESIAN_POINT('',(-5.15,13.496712149,-16.856410256));
#4982=VERTEX_POINT('',#4981);
#4983=CARTESIAN_POINT('',(-5.15,13.246794345,-17.1));
#4984=VERTEX_POINT('',#4983);
#4985=CARTESIAN_POINT('',(-5.15,13.246794345,-16.85));
#4986=DIRECTION('',(-1.,0.,0.));
#4987=DIRECTION('',(0.,0.,1.));
#4988=AXIS2_PLACEMENT_3D('',#4985,#4986,#4987);
#4989=CIRCLE('',#4988,0.25);
#4990=EDGE_CURVE('NONE',#4982,#4984,#4989,.T.);
#4991=ORIENTED_EDGE('',*,*,#4990,.T.);
#4992=CARTESIAN_POINT('',(-6.15,13.133924434,-18.1));
#4993=CARTESIAN_POINT('',(-6.15,13.159257369,-17.969837024));
#4994=CARTESIAN_POINT('',(-6.124726601,13.179947931,-17.841210461));
#4995=CARTESIAN_POINT('',(-6.075134675,13.195924399,-17.720360916));
#4996=CARTESIAN_POINT('',(-6.025542749,13.211900867,-17.599511372));
#4997=CARTESIAN_POINT('',(-5.951749853,13.222932563,-17.488199967));
#4998=CARTESIAN_POINT('',(-5.859605928,13.230314873,-17.39540123));
#4999=CARTESIAN_POINT('',(-5.767462002,13.237697183,-17.302602493));
#5000=CARTESIAN_POINT('',(-5.655746954,13.241607234,-17.227467094));
#5001=CARTESIAN_POINT('',(-5.535087099,13.243844582,-17.177119766));
#5002=CARTESIAN_POINT('',(-5.414427243,13.246081931,-17.126772438));
#5003=CARTESIAN_POINT('',(-5.282636605,13.246794345,-17.1));
#5004=CARTESIAN_POINT('',(-5.15,13.246794345,-17.1));
#5005=B_SPLINE_CURVE_WITH_KNOTS('',3,(#4992,#4993,#4994,#4995,#4996,#4997,#4998,#4999,#5000,#5001,#5002,#5003,#5004),.UNSPECIFIED.,.F.,.F.,(4,3,3,3,4),(0.,0.00039224,0.00078448,0.00117672,0.00156896),.UNSPECIFIED.);
#5006=EDGE_CURVE('NONE',#4926,#4984,#5005,.T.);
#5007=ORIENTED_EDGE('',*,*,#5006,.F.);
#5008=ORIENTED_EDGE('',*,*,#4932,.F.);
#5009=CARTESIAN_POINT('',(-5.15,13.496712149,-16.856410256));
#5010=CARTESIAN_POINT('',(-5.317723077,13.496712149,-16.856410256));
#5011=CARTESIAN_POINT('',(-5.484216569,13.495963077,-16.891604799));
#5012=CARTESIAN_POINT('',(-5.635868881,13.493617567,-16.957222514));
#5013=CARTESIAN_POINT('',(-5.787521193,13.491272058,-17.022840228));
#5014=CARTESIAN_POINT('',(-5.927068786,13.48716906,-17.120369383));
#5015=CARTESIAN_POINT('',(-6.041536928,13.479509717,-17.239832643));
#5016=CARTESIAN_POINT('',(-6.098770999,13.475680045,-17.299564272));
#5017=CARTESIAN_POINT('',(-6.150870883,13.470870248,-17.365919777));
#5018=CARTESIAN_POINT('',(-6.195394805,13.465029192,-17.435579558));
#5019=CARTESIAN_POINT('',(-6.239918727,13.459188137,-17.50523934));
#5020=CARTESIAN_POINT('',(-6.277420514,13.45230478,-17.578581866));
#5021=CARTESIAN_POINT('',(-6.307939134,13.444133256,-17.655563251));
#5022=CARTESIAN_POINT('',(-6.368976373,13.427790209,-17.809526021));
#5023=CARTESIAN_POINT('',(-6.4,13.406729705,-17.972876422));
#5024=CARTESIAN_POINT('',(-6.4,13.380948137,-18.138461538));
#5025=B_SPLINE_CURVE_WITH_KNOTS('',3,(#5009,#5010,#5011,#5012,#5013,#5014,#5015,#5016,#5017,#5018,#5019,#5020,#5021,#5022,#5023,#5024),.UNSPECIFIED.,.F.,.F.,(4,3,3,3,3,4),(0.,0.000499812,0.000999623,0.001249529,0.001499435,0.001999247),.UNSPECIFIED.);
#5026=EDGE_CURVE('NONE',#4982,#4917,#5025,.T.);
#5027=ORIENTED_EDGE('',*,*,#5026,.F.);
#5028=EDGE_LOOP('',(#4991,#5007,#5008,#5027));
#5029=FACE_BOUND('',#5028,.T.);
#5030=ADVANCED_FACE('NONE',(#5029),#4980,.T.);
#5031=CARTESIAN_POINT('',(67.992935322,13.246794345,-16.85));
#5032=DIRECTION('',(-1.,0.,0.));
#5033=DIRECTION('',(0.,0.,1.));
#5034=AXIS2_PLACEMENT_3D('',#5031,#5032,#5033);
#5035=CYLINDRICAL_SURFACE('',#5034,0.25);
#5036=CARTESIAN_POINT('',(5.15,13.496712149,-16.856410256));
#5037=VERTEX_POINT('',#5036);
#5038=CARTESIAN_POINT('',(5.15,13.246794345,-17.1));
#5039=VERTEX_POINT('',#5038);
#5040=CARTESIAN_POINT('',(5.15,13.246794345,-16.85));
#5041=DIRECTION('',(-1.,0.,0.));
#5042=DIRECTION('',(0.,0.,1.));
#5043=AXIS2_PLACEMENT_3D('',#5040,#5041,#5042);
#5044=CIRCLE('',#5043,0.25);
#5045=EDGE_CURVE('NONE',#5037,#5039,#5044,.T.);
#5046=ORIENTED_EDGE('',*,*,#5045,.T.);
#5047=CARTESIAN_POINT('',(-5.15,13.246794345,-17.1));
#5048=DIRECTION('',(1.,0.,-0.));
#5049=VECTOR('',#5048,10.3);
#5050=LINE('',#5047,#5049);
#5051=EDGE_CURVE('NONE',#4984,#5039,#5050,.T.);
#5052=ORIENTED_EDGE('',*,*,#5051,.F.);
#5053=ORIENTED_EDGE('',*,*,#4990,.F.);
#5054=CARTESIAN_POINT('',(5.15,13.496712149,-16.856410256));
#5055=DIRECTION('',(-1.,0.,0.));
#5056=VECTOR('',#5055,10.3);
#5057=LINE('',#5054,#5056);
#5058=EDGE_CURVE('NONE',#5037,#4982,#5057,.T.);
#5059=ORIENTED_EDGE('',*,*,#5058,.F.);
#5060=EDGE_LOOP('',(#5046,#5052,#5053,#5059));
#5061=FACE_BOUND('',#5060,.T.);
#5062=ADVANCED_FACE('NONE',(#5061),#5035,.T.);
#5063=CARTESIAN_POINT('',(5.15,13.496712149,-16.856410256));
#5064=CARTESIAN_POINT('',(5.15,13.490464203,-17.1));
#5065=CARTESIAN_POINT('',(5.15,13.246794345,-17.1));
#5066=CARTESIAN_POINT('',(5.313927458,13.496712148,-16.856410275));
#5067=CARTESIAN_POINT('',(5.281939099,13.490464203,-17.100000014));
#5068=CARTESIAN_POINT('',(5.281141965,13.246794344,-17.1));
#5069=CARTESIAN_POINT('',(5.477982001,13.496005522,-16.889920268));
#5070=CARTESIAN_POINT('',(5.41384051,13.489069006,-17.126272965));
#5071=CARTESIAN_POINT('',(5.412385602,13.246105386,-17.126137805));
#5072=CARTESIAN_POINT('',(5.705420094,13.49256721,-16.986840535));
#5073=CARTESIAN_POINT('',(5.597983642,13.484159664,-17.203485086));
#5074=CARTESIAN_POINT('',(5.594336074,13.242753028,-17.201735619));
#5075=CARTESIAN_POINT('',(5.777320639,13.491015383,-17.026376951));
#5076=CARTESIAN_POINT('',(5.656267138,13.482069073,-17.235027174));
#5077=CARTESIAN_POINT('',(5.65185651,13.241240001,-17.232574023));
#5078=CARTESIAN_POINT('',(5.913357849,13.486591986,-17.119775144));
#5079=CARTESIAN_POINT('',(5.766681704,13.476652282,-17.30993623));
#5080=CARTESIAN_POINT('',(5.76068628,13.236927185,-17.305424611));
#5081=CARTESIAN_POINT('',(5.977716375,13.483682881,-17.1741139));
#5082=CARTESIAN_POINT('',(5.819026556,13.473289694,-17.353691246));
#5083=CARTESIAN_POINT('',(5.812173101,13.234090811,-17.347808841));
#5084=CARTESIAN_POINT('',(6.150596225,13.472391796,-17.352013592));
#5085=CARTESIAN_POINT('',(5.95933756,13.461156336,-17.49744442));
#5086=CARTESIAN_POINT('',(5.950476978,13.223081998,-17.486570603));
#5087=CARTESIAN_POINT('',(6.243454235,13.461045224,-17.495294839));
#5088=CARTESIAN_POINT('',(6.034775865,13.449865327,-17.614671627));
#5089=CARTESIAN_POINT('',(6.024763389,13.212019096,-17.598329975));
#5090=CARTESIAN_POINT('',(6.367402786,13.428551596,-17.803261404));
#5091=CARTESIAN_POINT('',(6.132015686,13.42049508,-17.866115521));
#5092=CARTESIAN_POINT('',(6.123922228,13.180337804,-17.838543896));
#5093=CARTESIAN_POINT('',(6.399999991,13.406946298,-17.971485329));
#5094=CARTESIAN_POINT('',(6.154960386,13.401791202,-18.004594533));
#5095=CARTESIAN_POINT('',(6.15,13.159273801,-17.969752587));
#5096=CARTESIAN_POINT('',(6.4,13.380948137,-18.138461538));
#5097=CARTESIAN_POINT('',(6.15,13.380948137,-18.138461538));
#5098=CARTESIAN_POINT('',(6.15,13.133924434,-18.1));
#5099=(BOUNDED_SURFACE()
B_SPLINE_SURFACE(3,2,((#5063,#5064,#5065),(#5066,#5067,#5068),(#5069,#5070,#5071),(#5072,#5073,#5074),(#5075,#5076,#5077),(#5078,#5079,#5080),(#5081,#5082,#5083),(#5084,#5085,#5086),(#5087,#5088,#5089),(#5090,#5091,#5092),(#5093,#5094,#5095),(#5096,#5097,#5098)),.UNSPECIFIED.,.F.,.F.,.U.)
B_SPLINE_SURFACE_WITH_KNOTS((4,2,2,2,2,4),(3,3),(0.,0.000489543,0.000734315,0.000979086,0.001468629,0.001958172),(0.,1.),.UNSPECIFIED.)
GEOMETRIC_REPRESENTATION_ITEM()
RATIONAL_B_SPLINE_SURFACE(((1.,0.716114874,1.),(1.,0.716078007,1.),(1.,0.717134616,1.),(1.,0.719315985,1.),(1.,0.720123694,1.),(1.,0.721620147,1.),(1.,0.722308454,1.),(1.,0.723612248,1.),(1.,0.723455108,1.),(1.,0.718790764,1.),(1.,0.714235928,1.),(1.,0.707106781,1.)))
REPRESENTATION_ITEM('')
SURFACE()
);
#5100=CARTESIAN_POINT('',(6.4,13.380948137,-18.138461538));
#5101=VERTEX_POINT('',#5100);
#5102=CARTESIAN_POINT('',(6.15,13.133924434,-18.1));
#5103=VERTEX_POINT('',#5102);
#5104=CARTESIAN_POINT('',(6.4,13.133924434,-18.1));
#5105=DIRECTION('',(0.,0.153846154,0.988094814));
#5106=DIRECTION('',(0.,0.988094814,-0.153846154));
#5107=AXIS2_PLACEMENT_3D('',#5104,#5105,#5106);
#5108=CIRCLE('',#5107,0.25);
#5109=EDGE_CURVE('NONE',#5101,#5103,#5108,.T.);
#5110=ORIENTED_EDGE('',*,*,#5109,.T.);
#5111=CARTESIAN_POINT('',(5.15,13.246794345,-17.1));
#5112=CARTESIAN_POINT('',(5.282632989,13.246794345,-17.1));
#5113=CARTESIAN_POINT('',(5.412810506,13.246103364,-17.126226633));
#5114=CARTESIAN_POINT('',(5.534255815,13.243859967,-17.176773339));
#5115=CARTESIAN_POINT('',(5.655701125,13.24161657,-17.227320044));
#5116=CARTESIAN_POINT('',(5.766896174,13.237723379,-17.302172642));
#5117=CARTESIAN_POINT('',(5.85907558,13.230357308,-17.394867515));
#5118=CARTESIAN_POINT('',(5.951254987,13.222991237,-17.487562388));
#5119=CARTESIAN_POINT('',(6.025407369,13.211886582,-17.599494236));
#5120=CARTESIAN_POINT('',(6.074788176,13.196035824,-17.719517637));
#5121=CARTESIAN_POINT('',(6.124168984,13.180185065,-17.839541037));
#5122=CARTESIAN_POINT('',(6.15,13.159259224,-17.96982749));
#5123=CARTESIAN_POINT('',(6.15,13.133924434,-18.1));
#5124=B_SPLINE_CURVE_WITH_KNOTS('',3,(#5111,#5112,#5113,#5114,#5115,#5116,#5117,#5118,#5119,#5120,#5121,#5122,#5123),.UNSPECIFIED.,.F.,.F.,(4,3,3,3,4),(0.,0.000392252,0.000784505,0.001176757,0.00156901),.UNSPECIFIED.);
#5125=EDGE_CURVE('NONE',#5039,#5103,#5124,.T.);
#5126=ORIENTED_EDGE('',*,*,#5125,.F.);
#5127=ORIENTED_EDGE('',*,*,#5045,.F.);
#5128=CARTESIAN_POINT('',(6.4,13.380948137,-18.138461538));
#5129=CARTESIAN_POINT('',(6.4,13.406732729,-17.972857));
#5130=CARTESIAN_POINT('',(6.368291008,13.428032416,-17.807401339));
#5131=CARTESIAN_POINT('',(6.307511995,13.444247418,-17.654487218));
#5132=CARTESIAN_POINT('',(6.246732982,13.460462419,-17.501573097));
#5133=CARTESIAN_POINT('',(6.155340813,13.471914559,-17.358423314));
#5134=CARTESIAN_POINT('',(6.040876672,13.479553839,-17.239144093));
#5135=CARTESIAN_POINT('',(5.983644601,13.483373479,-17.179504483));
#5136=CARTESIAN_POINT('',(5.919509662,13.486341723,-17.124619884));
#5137=CARTESIAN_POINT('',(5.851410698,13.488604129,-17.077270944));
#5138=CARTESIAN_POINT('',(5.783311734,13.490866535,-17.029922003));
#5139=CARTESIAN_POINT('',(5.711143348,13.492457754,-16.989710347));
#5140=CARTESIAN_POINT('',(5.634832969,13.493633559,-16.956774852));
#5141=CARTESIAN_POINT('',(5.48221221,13.495985167,-16.890903864));
#5142=CARTESIAN_POINT('',(5.317732834,13.496712149,-16.856410256));
#5143=CARTESIAN_POINT('',(5.15,13.496712149,-16.856410256));
#5144=B_SPLINE_CURVE_WITH_KNOTS('',3,(#5128,#5129,#5130,#5131,#5132,#5133,#5134,#5135,#5136,#5137,#5138,#5139,#5140,#5141,#5142,#5143),.UNSPECIFIED.,.F.,.F.,(4,3,3,3,3,4),(0.,0.000499759,0.000999518,0.001249397,0.001499276,0.001999035),.UNSPECIFIED.);
#5145=EDGE_CURVE('NONE',#5101,#5037,#5144,.T.);
#5146=ORIENTED_EDGE('',*,*,#5145,.F.);
#5147=EDGE_LOOP('',(#5110,#5126,#5127,#5146));
#5148=FACE_BOUND('',#5147,.T.);
#5149=ADVANCED_FACE('NONE',(#5148),#5099,.T.);
#5150=CARTESIAN_POINT('',(6.4,3.5,-16.6));
#5151=DIRECTION('',(1.,0.,-0.));
#5152=DIRECTION('',(-0.,0.,-1.));
#5153=AXIS2_PLACEMENT_3D('',#5150,#5151,#5152);
#5154=TOROIDAL_SURFACE('',#5153,9.75,0.25);
#5155=CARTESIAN_POINT('',(6.15,3.5,-26.35));
#5156=VERTEX_POINT('',#5155);
#5157=CARTESIAN_POINT('',(6.4,3.5,-26.35));
#5158=DIRECTION('',(0.,-1.,0.));
#5159=DIRECTION('',(0.,0.,-1.));
#5160=AXIS2_PLACEMENT_3D('',#5157,#5158,#5159);
#5161=CIRCLE('',#5160,0.25);
#5162=EDGE_CURVE('NONE',#5156,#2026,#5161,.T.);
#5163=ORIENTED_EDGE('',*,*,#5162,.F.);
#5164=CARTESIAN_POINT('',(6.15,3.5,-16.6));
#5165=DIRECTION('',(-1.,-0.,0.));
#5166=DIRECTION('',(-0.,0.,-1.));
#5167=AXIS2_PLACEMENT_3D('',#5164,#5165,#5166);
#5168=CIRCLE('',#5167,9.75);
#5169=EDGE_CURVE('NONE',#5103,#5156,#5168,.T.);
#5170=ORIENTED_EDGE('',*,*,#5169,.F.);
#5171=ORIENTED_EDGE('',*,*,#5109,.F.);
#5172=CARTESIAN_POINT('',(6.4,3.5,-16.6));
#5173=DIRECTION('',(1.,-0.,-0.));
#5174=DIRECTION('',(0.,0.,1.));
#5175=AXIS2_PLACEMENT_3D('',#5172,#5173,#5174);
#5176=CIRCLE('',#5175,10.);
#5177=EDGE_CURVE('NONE',#2026,#5101,#5176,.T.);
#5178=ORIENTED_EDGE('',*,*,#5177,.F.);
#5179=EDGE_LOOP('',(#5163,#5170,#5171,#5178));
#5180=FACE_BOUND('',#5179,.T.);
#5181=ADVANCED_FACE('NONE',(#5180),#5154,.T.);
#5182=CARTESIAN_POINT('',(13.25,1.7,26.35));
#5183=DIRECTION('',(0.,1.,0.));
#5184=DIRECTION('',(0.,-0.,1.));
#5185=AXIS2_PLACEMENT_3D('',#5182,#5183,#5184);
#5186=CYLINDRICAL_SURFACE('',#5185,0.25);
#5187=CARTESIAN_POINT('',(13.25,9.5,26.35));
#5188=DIRECTION('',(-0.,-1.,-0.));
#5189=DIRECTION('',(0.,-0.,1.));
#5190=AXIS2_PLACEMENT_3D('',#5187,#5188,#5189);
#5191=CIRCLE('',#5190,0.25);
#5192=EDGE_CURVE('NONE',#1752,#2335,#5191,.T.);
#5193=ORIENTED_EDGE('',*,*,#5192,.T.);
#5194=ORIENTED_EDGE('',*,*,#2340,.F.);
#5195=ORIENTED_EDGE('',*,*,#1689,.F.);
#5196=ORIENTED_EDGE('',*,*,#1757,.F.);
#5197=EDGE_LOOP('',(#5193,#5194,#5195,#5196));
#5198=FACE_BOUND('',#5197,.T.);
#5199=ADVANCED_FACE('NONE',(#5198),#5186,.T.);
#5200=CARTESIAN_POINT('',(9.5,9.5,26.35));
#5201=DIRECTION('',(0.,0.,1.));
#5202=DIRECTION('',(1.,0.,-0.));
#5203=AXIS2_PLACEMENT_3D('',#5200,#5201,#5202);
#5204=TOROIDAL_SURFACE('',#5203,3.75,0.25);
#5205=CARTESIAN_POINT('',(9.5,13.5,26.35));
#5206=VERTEX_POINT('',#5205);
#5207=CARTESIAN_POINT('',(9.5,13.25,26.35));
#5208=DIRECTION('',(1.,0.,-0.));
#5209=DIRECTION('',(-0.,1.,0.));
#5210=AXIS2_PLACEMENT_3D('',#5207,#5208,#5209);
#5211=CIRCLE('',#5210,0.25);
#5212=EDGE_CURVE('NONE',#5206,#2343,#5211,.T.);
#5213=ORIENTED_EDGE('',*,*,#5212,.T.);
#5214=ORIENTED_EDGE('',*,*,#2349,.F.);
#5215=ORIENTED_EDGE('',*,*,#5192,.F.);
#5216=CARTESIAN_POINT('',(9.5,9.5,26.35));
#5217=DIRECTION('',(-0.,0.,-1.));
#5218=DIRECTION('',(-1.,0.,0.));
#5219=AXIS2_PLACEMENT_3D('',#5216,#5217,#5218);
#5220=CIRCLE('',#5219,4.);
#5221=EDGE_CURVE('NONE',#5206,#1752,#5220,.T.);
#5222=ORIENTED_EDGE('',*,*,#5221,.F.);
#5223=EDGE_LOOP('',(#5213,#5214,#5215,#5222));
#5224=FACE_BOUND('',#5223,.T.);
#5225=ADVANCED_FACE('NONE',(#5224),#5204,.T.);
#5226=CARTESIAN_POINT('',(67.992935322,13.25,26.35));
#5227=DIRECTION('',(-1.,0.,0.));
#5228=DIRECTION('',(0.,0.,1.));
#5229=AXIS2_PLACEMENT_3D('',#5226,#5227,#5228);
#5230=CYLINDRICAL_SURFACE('',#5229,0.25);
#5231=CARTESIAN_POINT('',(-9.5,13.5,26.35));
#5232=VERTEX_POINT('',#5231);
#5233=CARTESIAN_POINT('',(-9.5,13.25,26.35));
#5234=DIRECTION('',(1.,-0.,-0.));
#5235=DIRECTION('',(0.,0.,1.));
#5236=AXIS2_PLACEMENT_3D('',#5233,#5234,#5235);
#5237=CIRCLE('',#5236,0.25);
#5238=EDGE_CURVE('NONE',#5232,#2352,#5237,.T.);
#5239=ORIENTED_EDGE('',*,*,#5238,.T.);
#5240=ORIENTED_EDGE('',*,*,#2357,.F.);
#5241=ORIENTED_EDGE('',*,*,#5212,.F.);
#5242=CARTESIAN_POINT('',(-9.5,13.5,26.35));
#5243=DIRECTION('',(1.,0.,-0.));
#5244=VECTOR('',#5243,19.);
#5245=LINE('',#5242,#5244);
#5246=EDGE_CURVE('NONE',#5232,#5206,#5245,.T.);
#5247=ORIENTED_EDGE('',*,*,#5246,.F.);
#5248=EDGE_LOOP('',(#5239,#5240,#5241,#5247));
#5249=FACE_BOUND('',#5248,.T.);
#5250=ADVANCED_FACE('NONE',(#5249),#5230,.T.);
#5251=CARTESIAN_POINT('',(-9.5,9.5,26.35));
#5252=DIRECTION('',(0.,0.,1.));
#5253=DIRECTION('',(1.,0.,-0.));
#5254=AXIS2_PLACEMENT_3D('',#5251,#5252,#5253);
#5255=TOROIDAL_SURFACE('',#5254,3.75,0.25);
#5256=CARTESIAN_POINT('',(-13.25,9.5,26.35));
#5257=DIRECTION('',(0.,1.,-0.));
#5258=DIRECTION('',(-1.,0.,0.));
#5259=AXIS2_PLACEMENT_3D('',#5256,#5257,#5258);
#5260=CIRCLE('',#5259,0.25);
#5261=EDGE_CURVE('NONE',#2075,#2360,#5260,.T.);
#5262=ORIENTED_EDGE('',*,*,#5261,.T.);
#5263=ORIENTED_EDGE('',*,*,#2366,.F.);
#5264=ORIENTED_EDGE('',*,*,#5238,.F.);
#5265=CARTESIAN_POINT('',(-9.5,9.5,26.35));
#5266=DIRECTION('',(-0.,0.,-1.));
#5267=DIRECTION('',(-1.,0.,0.));
#5268=AXIS2_PLACEMENT_3D('',#5265,#5266,#5267);
#5269=CIRCLE('',#5268,4.);
#5270=EDGE_CURVE('NONE',#2075,#5232,#5269,.T.);
#5271=ORIENTED_EDGE('',*,*,#5270,.F.);
#5272=EDGE_LOOP('',(#5262,#5263,#5264,#5271));
#5273=FACE_BOUND('',#5272,.T.);
#5274=ADVANCED_FACE('NONE',(#5273),#5255,.T.);
#5275=CARTESIAN_POINT('',(-13.25,3.5,26.35));
#5276=DIRECTION('',(0.,1.,0.));
#5277=DIRECTION('',(0.,-0.,1.));
#5278=AXIS2_PLACEMENT_3D('',#5275,#5276,#5277);
#5279=CYLINDRICAL_SURFACE('',#5278,0.25);
#5280=ORIENTED_EDGE('',*,*,#5261,.F.);
#5281=ORIENTED_EDGE('',*,*,#2080,.F.);
#5282=ORIENTED_EDGE('',*,*,#1706,.F.);
#5283=ORIENTED_EDGE('',*,*,#2372,.F.);
#5284=EDGE_LOOP('',(#5280,#5281,#5282,#5283));
#5285=FACE_BOUND('',#5284,.T.);
#5286=ADVANCED_FACE('NONE',(#5285),#5279,.T.);
#5287=CARTESIAN_POINT('',(5.15,0.,-18.1));
#5288=DIRECTION('',(0.,1.,0.));
#5289=DIRECTION('',(0.,-0.,1.));
#5290=AXIS2_PLACEMENT_3D('',#5287,#5288,#5289);
#5291=CYLINDRICAL_SURFACE('',#5290,1.);
#5292=CARTESIAN_POINT('',(5.15,3.5,-17.1));
#5293=VERTEX_POINT('',#5292);
#5294=CARTESIAN_POINT('',(5.15,13.246794345,-17.1));
#5295=DIRECTION('',(-0.,-1.,-0.));
#5296=VECTOR('',#5295,9.746794345);
#5297=LINE('',#5294,#5296);
#5298=EDGE_CURVE('NONE',#5039,#5293,#5297,.T.);
#5299=ORIENTED_EDGE('',*,*,#5298,.F.);
#5300=ORIENTED_EDGE('',*,*,#5125,.T.);
#5301=CARTESIAN_POINT('',(6.15,3.5,-18.1));
#5302=VERTEX_POINT('',#5301);
#5303=CARTESIAN_POINT('',(6.15,3.5,-18.1));
#5304=DIRECTION('',(0.,1.,0.));
#5305=VECTOR('',#5304,9.633924434);
#5306=LINE('',#5303,#5305);
#5307=EDGE_CURVE('NONE',#5302,#5103,#5306,.T.);
#5308=ORIENTED_EDGE('',*,*,#5307,.F.);
#5309=CARTESIAN_POINT('',(5.15,3.5,-18.1));
#5310=DIRECTION('',(0.,1.,0.));
#5311=DIRECTION('',(0.,-0.,1.));
#5312=AXIS2_PLACEMENT_3D('',#5309,#5310,#5311);
#5313=CIRCLE('',#5312,1.);
#5314=EDGE_CURVE('NONE',#5293,#5302,#5313,.T.);
#5315=ORIENTED_EDGE('',*,*,#5314,.F.);
#5316=EDGE_LOOP('',(#5299,#5300,#5308,#5315));
#5317=FACE_BOUND('',#5316,.T.);
#5318=ADVANCED_FACE('NONE',(#5317),#5291,.F.);
#5319=CARTESIAN_POINT('',(-5.15,-0.,-18.1));
#5320=DIRECTION('',(0.,-1.,0.));
#5321=DIRECTION('',(1.,0.,0.));
#5322=AXIS2_PLACEMENT_3D('',#5319,#5320,#5321);
#5323=CYLINDRICAL_SURFACE('',#5322,1.);
#5324=CARTESIAN_POINT('',(-6.15,3.5,-18.1));
#5325=VERTEX_POINT('',#5324);
#5326=CARTESIAN_POINT('',(-6.15,13.133924434,-18.1));
#5327=DIRECTION('',(0.,-1.,-0.));
#5328=VECTOR('',#5327,9.633924434);
#5329=LINE('',#5326,#5328);
#5330=EDGE_CURVE('NONE',#4926,#5325,#5329,.T.);
#5331=ORIENTED_EDGE('',*,*,#5330,.F.);
#5332=ORIENTED_EDGE('',*,*,#5006,.T.);
#5333=CARTESIAN_POINT('',(-5.15,3.5,-17.1));
#5334=VERTEX_POINT('',#5333);
#5335=CARTESIAN_POINT('',(-5.15,3.5,-17.1));
#5336=DIRECTION('',(0.,1.,0.));
#5337=VECTOR('',#5336,9.746794345);
#5338=LINE('',#5335,#5337);
#5339=EDGE_CURVE('NONE',#5334,#4984,#5338,.T.);
#5340=ORIENTED_EDGE('',*,*,#5339,.F.);
#5341=CARTESIAN_POINT('',(-5.15,3.5,-18.1));
#5342=DIRECTION('',(-0.,1.,-0.));
#5343=DIRECTION('',(1.,0.,0.));
#5344=AXIS2_PLACEMENT_3D('',#5341,#5342,#5343);
#5345=CIRCLE('',#5344,1.);
#5346=EDGE_CURVE('NONE',#5325,#5334,#5345,.T.);
#5347=ORIENTED_EDGE('',*,*,#5346,.F.);
#5348=EDGE_LOOP('',(#5331,#5332,#5340,#5347));
#5349=FACE_BOUND('',#5348,.T.);
#5350=ADVANCED_FACE('NONE',(#5349),#5323,.F.);
#5351=CARTESIAN_POINT('',(0.,0.,-17.1));
#5352=DIRECTION('',(0.,0.,1.));
#5353=DIRECTION('',(1.,0.,0.));
#5354=AXIS2_PLACEMENT_3D('',#5351,#5352,#5353);
#5355=PLANE('',#5354);
#5356=ORIENTED_EDGE('',*,*,#5339,.T.);
#5357=ORIENTED_EDGE('',*,*,#5051,.T.);
#5358=ORIENTED_EDGE('',*,*,#5298,.T.);
#5359=CARTESIAN_POINT('',(5.15,3.5,-17.1));
#5360=DIRECTION('',(-1.,-0.,0.));
#5361=VECTOR('',#5360,10.3);
#5362=LINE('',#5359,#5361);
#5363=EDGE_CURVE('NONE',#5293,#5334,#5362,.T.);
#5364=ORIENTED_EDGE('',*,*,#5363,.T.);
#5365=EDGE_LOOP('',(#5356,#5357,#5358,#5364));
#5366=FACE_BOUND('',#5365,.T.);
#5367=ADVANCED_FACE('NONE',(#5366),#5355,.F.);
#5368=CARTESIAN_POINT('',(6.15,3.5,-17.1));
#5369=DIRECTION('',(0.,-1.,0.));
#5370=DIRECTION('',(0.,0.,-1.));
#5371=AXIS2_PLACEMENT_3D('',#5368,#5369,#5370);
#5372=PLANE('',#5371);
#5373=ORIENTED_EDGE('',*,*,#884,.T.);
#5374=EDGE_LOOP('',(#5373));
#5375=FACE_BOUND('',#5374,.T.);
#5376=CARTESIAN_POINT('',(-6.15,3.5,-18.1));
#5377=DIRECTION('',(-0.,-0.,-1.));
#5378=VECTOR('',#5377,8.25);
#5379=LINE('',#5376,#5378);
#5380=EDGE_CURVE('NONE',#5325,#4908,#5379,.T.);
#5381=ORIENTED_EDGE('',*,*,#5380,.F.);
#5382=ORIENTED_EDGE('',*,*,#5346,.T.);
#5383=ORIENTED_EDGE('',*,*,#5363,.F.);
#5384=ORIENTED_EDGE('',*,*,#5314,.T.);
#5385=CARTESIAN_POINT('',(6.15,3.5,-18.1));
#5386=DIRECTION('',(0.,0.,-1.));
#5387=VECTOR('',#5386,8.25);
#5388=LINE('',#5385,#5387);
#5389=EDGE_CURVE('NONE',#5302,#5156,#5388,.T.);
#5390=ORIENTED_EDGE('',*,*,#5389,.T.);
#5391=ORIENTED_EDGE('',*,*,#5162,.T.);
#5392=ORIENTED_EDGE('',*,*,#2031,.T.);
#5393=ORIENTED_EDGE('',*,*,#4914,.T.);
#5394=EDGE_LOOP('',(#5381,#5382,#5383,#5384,#5390,#5391,#5392,#5393));
#5395=FACE_BOUND('',#5394,.T.);
#5396=ADVANCED_FACE('NONE',(#5375,#5395),#5372,.F.);
#5397=CARTESIAN_POINT('',(-6.15,3.5,-17.1));
#5398=DIRECTION('',(-1.,-0.,0.));
#5399=DIRECTION('',(0.,0.,1.));
#5400=AXIS2_PLACEMENT_3D('',#5397,#5398,#5399);
#5401=PLANE('',#5400);
#5402=ORIENTED_EDGE('',*,*,#5380,.T.);
#5403=ORIENTED_EDGE('',*,*,#4939,.T.);
#5404=ORIENTED_EDGE('',*,*,#5330,.T.);
#5405=EDGE_LOOP('',(#5402,#5403,#5404));
#5406=FACE_BOUND('',#5405,.T.);
#5407=ADVANCED_FACE('NONE',(#5406),#5401,.F.);
#5408=CARTESIAN_POINT('',(6.15,3.5,-17.1));
#5409=DIRECTION('',(1.,0.,-0.));
#5410=DIRECTION('',(-0.,0.,-1.));
#5411=AXIS2_PLACEMENT_3D('',#5408,#5409,#5410);
#5412=PLANE('',#5411);
#5413=ORIENTED_EDGE('',*,*,#5307,.T.);
#5414=ORIENTED_EDGE('',*,*,#5169,.T.);
#5415=ORIENTED_EDGE('',*,*,#5389,.F.);
#5416=EDGE_LOOP('',(#5413,#5414,#5415));
#5417=FACE_BOUND('',#5416,.T.);
#5418=ADVANCED_FACE('NONE',(#5417),#5412,.F.);
#5419=CARTESIAN_POINT('',(9.5,3.5,-16.6));
#5420=DIRECTION('',(-1.,0.,0.));
#5421=DIRECTION('',(0.,0.,1.));
#5422=AXIS2_PLACEMENT_3D('',#5419,#5420,#5421);
#5423=TOROIDAL_SURFACE('',#5422,6.,4.);
#5424=CARTESIAN_POINT('',(9.5,13.5,-16.6));
#5425=VERTEX_POINT('',#5424);
#5426=CARTESIAN_POINT('',(9.5,9.5,-16.6));
#5427=DIRECTION('',(-0.,0.,-1.));
#5428=DIRECTION('',(0.,-1.,-0.));
#5429=AXIS2_PLACEMENT_3D('',#5426,#5427,#5428);
#5430=CIRCLE('',#5429,4.);
#5431=EDGE_CURVE('NONE',#5425,#1769,#5430,.T.);
#5432=ORIENTED_EDGE('',*,*,#5431,.T.);
#5433=ORIENTED_EDGE('',*,*,#1775,.F.);
#5434=ORIENTED_EDGE('',*,*,#1997,.F.);
#5435=CARTESIAN_POINT('',(9.5,3.5,-16.6));
#5436=DIRECTION('',(-1.,0.,0.));
#5437=DIRECTION('',(0.,0.,1.));
#5438=AXIS2_PLACEMENT_3D('',#5435,#5436,#5437);
#5439=CIRCLE('',#5438,10.);
#5440=EDGE_CURVE('NONE',#5425,#1985,#5439,.T.);
#5441=ORIENTED_EDGE('',*,*,#5440,.F.);
#5442=EDGE_LOOP('',(#5432,#5433,#5434,#5441));
#5443=FACE_BOUND('',#5442,.T.);
#5444=ADVANCED_FACE('NONE',(#5443),#5423,.T.);
#5445=CARTESIAN_POINT('',(9.5,9.5,-22.6));
#5446=DIRECTION('',(-0.,0.,-1.));
#5447=DIRECTION('',(-1.,0.,0.));
#5448=AXIS2_PLACEMENT_3D('',#5445,#5446,#5447);
#5449=CYLINDRICAL_SURFACE('',#5448,4.);
#5450=ORIENTED_EDGE('',*,*,#3618,.F.);
#5451=CARTESIAN_POINT('',(9.5,13.5,26.35));
#5452=DIRECTION('',(-0.,-0.,-1.));
#5453=VECTOR('',#5452,10.65);
#5454=LINE('',#5451,#5453);
#5455=EDGE_CURVE('NONE',#5206,#3606,#5454,.T.);
#5456=ORIENTED_EDGE('',*,*,#5455,.F.);
#5457=ORIENTED_EDGE('',*,*,#5221,.T.);
#5458=ORIENTED_EDGE('',*,*,#1973,.F.);
#5459=EDGE_LOOP('',(#5450,#5456,#5457,#5458));
#5460=FACE_BOUND('',#5459,.T.);
#5461=ADVANCED_FACE('NONE',(#5460),#5449,.T.);
#5462=CARTESIAN_POINT('',(-9.5,9.5,-16.6));
#5463=DIRECTION('',(-0.,0.,-1.));
#5464=DIRECTION('',(-1.,0.,0.));
#5465=AXIS2_PLACEMENT_3D('',#5462,#5463,#5464);
#5466=CYLINDRICAL_SURFACE('',#5465,4.);
#5467=ORIENTED_EDGE('',*,*,#4818,.F.);
#5468=CARTESIAN_POINT('',(-9.5,13.5,-16.6));
#5469=VERTEX_POINT('',#5468);
#5470=CARTESIAN_POINT('',(-9.5,13.5,-16.6));
#5471=DIRECTION('',(0.,0.,1.));
#5472=VECTOR('',#5471,5.);
#5473=LINE('',#5470,#5472);
#5474=EDGE_CURVE('NONE',#5469,#4806,#5473,.T.);
#5475=ORIENTED_EDGE('',*,*,#5474,.F.);
#5476=CARTESIAN_POINT('',(-9.5,9.5,-16.6));
#5477=DIRECTION('',(0.,-0.,1.));
#5478=DIRECTION('',(-1.,0.,0.));
#5479=AXIS2_PLACEMENT_3D('',#5476,#5477,#5478);
#5480=CIRCLE('',#5479,4.);
#5481=EDGE_CURVE('NONE',#5469,#2275,#5480,.T.);
#5482=ORIENTED_EDGE('',*,*,#5481,.T.);
#5483=ORIENTED_EDGE('',*,*,#2280,.F.);
#5484=EDGE_LOOP('',(#5467,#5475,#5482,#5483));
#5485=FACE_BOUND('',#5484,.T.);
#5486=ADVANCED_FACE('NONE',(#5485),#5466,.T.);
#5487=CARTESIAN_POINT('',(-9.5,3.5,-16.6));
#5488=DIRECTION('',(-1.,0.,0.));
#5489=DIRECTION('',(0.,0.,1.));
#5490=AXIS2_PLACEMENT_3D('',#5487,#5488,#5489);
#5491=TOROIDAL_SURFACE('',#5490,6.,4.);
#5492=ORIENTED_EDGE('',*,*,#2062,.T.);
#5493=ORIENTED_EDGE('',*,*,#2287,.F.);
#5494=ORIENTED_EDGE('',*,*,#5481,.F.);
#5495=CARTESIAN_POINT('',(-9.5,3.5,-16.6));
#5496=DIRECTION('',(1.,-0.,-0.));
#5497=DIRECTION('',(0.,0.,1.));
#5498=AXIS2_PLACEMENT_3D('',#5495,#5496,#5497);
#5499=CIRCLE('',#5498,10.);
#5500=EDGE_CURVE('NONE',#2010,#5469,#5499,.T.);
#5501=ORIENTED_EDGE('',*,*,#5500,.F.);
#5502=EDGE_LOOP('',(#5492,#5493,#5494,#5501));
#5503=FACE_BOUND('',#5502,.T.);
#5504=ADVANCED_FACE('NONE',(#5503),#5491,.T.);
#5505=CARTESIAN_POINT('',(67.992935322,13.5,-16.6));
#5506=DIRECTION('',(0.,1.,0.));
#5507=DIRECTION('',(0.,0.,1.));
#5508=AXIS2_PLACEMENT_3D('',#5505,#5506,#5507);
#5509=PLANE('',#5508);
#5510=ORIENTED_EDGE('',*,*,#3648,.F.);
#5511=CARTESIAN_POINT('',(9.5,13.5,13.4));
#5512=DIRECTION('',(-0.,-0.,-1.));
#5513=VECTOR('',#5512,2.7);
#5514=LINE('',#5511,#5513);
#5515=EDGE_CURVE('NONE',#3634,#3830,#5514,.T.);
#5516=ORIENTED_EDGE('',*,*,#5515,.T.);
#5517=ORIENTED_EDGE('',*,*,#3835,.F.);
#5518=ORIENTED_EDGE('',*,*,#3897,.F.);
#5519=ORIENTED_EDGE('',*,*,#3872,.F.);
#5520=CARTESIAN_POINT('',(9.5,13.5,8.4));
#5521=DIRECTION('',(-0.,-0.,-1.));
#5522=VECTOR('',#5521,2.7);
#5523=LINE('',#5520,#5522);
#5524=EDGE_CURVE('NONE',#3858,#4054,#5523,.T.);
#5525=ORIENTED_EDGE('',*,*,#5524,.T.);
#5526=ORIENTED_EDGE('',*,*,#4059,.F.);
#5527=ORIENTED_EDGE('',*,*,#4121,.F.);
#5528=ORIENTED_EDGE('',*,*,#4096,.F.);
#5529=CARTESIAN_POINT('',(9.5,13.5,3.4));
#5530=DIRECTION('',(-0.,-0.,-1.));
#5531=VECTOR('',#5530,2.7);
#5532=LINE('',#5529,#5531);
#5533=EDGE_CURVE('NONE',#4082,#4278,#5532,.T.);
#5534=ORIENTED_EDGE('',*,*,#5533,.T.);
#5535=ORIENTED_EDGE('',*,*,#4283,.F.);
#5536=ORIENTED_EDGE('',*,*,#4345,.F.);
#5537=ORIENTED_EDGE('',*,*,#4320,.F.);
#5538=CARTESIAN_POINT('',(9.5,13.5,-1.6));
#5539=DIRECTION('',(-0.,-0.,-1.));
#5540=VECTOR('',#5539,2.7);
#5541=LINE('',#5538,#5540);
#5542=EDGE_CURVE('NONE',#4306,#4502,#5541,.T.);
#5543=ORIENTED_EDGE('',*,*,#5542,.T.);
#5544=ORIENTED_EDGE('',*,*,#4507,.F.);
#5545=ORIENTED_EDGE('',*,*,#4569,.F.);
#5546=ORIENTED_EDGE('',*,*,#4544,.F.);
#5547=CARTESIAN_POINT('',(9.5,13.5,-6.6));
#5548=DIRECTION('',(-0.,-0.,-1.));
#5549=VECTOR('',#5548,2.7);
#5550=LINE('',#5547,#5549);
#5551=EDGE_CURVE('NONE',#4530,#4726,#5550,.T.);
#5552=ORIENTED_EDGE('',*,*,#5551,.T.);
#5553=ORIENTED_EDGE('',*,*,#4731,.F.);
#5554=ORIENTED_EDGE('',*,*,#4764,.F.);
#5555=ORIENTED_EDGE('',*,*,#4840,.F.);
#5556=CARTESIAN_POINT('',(9.5,13.5,-11.6));
#5557=DIRECTION('',(-0.,-0.,-1.));
#5558=VECTOR('',#5557,5.);
#5559=LINE('',#5556,#5558);
#5560=EDGE_CURVE('NONE',#4828,#5425,#5559,.T.);
#5561=ORIENTED_EDGE('',*,*,#5560,.T.);
#5562=CARTESIAN_POINT('',(9.5,13.5,-16.6));
#5563=DIRECTION('',(-1.,-0.,0.));
#5564=VECTOR('',#5563,19.);
#5565=LINE('',#5562,#5564);
#5566=EDGE_CURVE('NONE',#5425,#5469,#5565,.T.);
#5567=ORIENTED_EDGE('',*,*,#5566,.T.);
#5568=ORIENTED_EDGE('',*,*,#5474,.T.);
#5569=ORIENTED_EDGE('',*,*,#4811,.F.);
#5570=ORIENTED_EDGE('',*,*,#4897,.F.);
#5571=ORIENTED_EDGE('',*,*,#4879,.F.);
#5572=CARTESIAN_POINT('',(-9.5,13.5,-9.3));
#5573=DIRECTION('',(0.,0.,1.));
#5574=VECTOR('',#5573,2.7);
#5575=LINE('',#5572,#5574);
#5576=EDGE_CURVE('NONE',#4867,#4612,#5575,.T.);
#5577=ORIENTED_EDGE('',*,*,#5576,.T.);
#5578=ORIENTED_EDGE('',*,*,#4617,.F.);
#5579=ORIENTED_EDGE('',*,*,#4681,.F.);
#5580=ORIENTED_EDGE('',*,*,#4663,.F.);
#5581=CARTESIAN_POINT('',(-9.5,13.5,-4.3));
#5582=DIRECTION('',(0.,0.,1.));
#5583=VECTOR('',#5582,2.7);
#5584=LINE('',#5581,#5583);
#5585=EDGE_CURVE('NONE',#4651,#4388,#5584,.T.);
#5586=ORIENTED_EDGE('',*,*,#5585,.T.);
#5587=ORIENTED_EDGE('',*,*,#4393,.F.);
#5588=ORIENTED_EDGE('',*,*,#4457,.F.);
#5589=ORIENTED_EDGE('',*,*,#4439,.F.);
#5590=CARTESIAN_POINT('',(-9.5,13.5,0.7));
#5591=DIRECTION('',(0.,0.,1.));
#5592=VECTOR('',#5591,2.7);
#5593=LINE('',#5590,#5592);
#5594=EDGE_CURVE('NONE',#4427,#4164,#5593,.T.);
#5595=ORIENTED_EDGE('',*,*,#5594,.T.);
#5596=ORIENTED_EDGE('',*,*,#4169,.F.);
#5597=ORIENTED_EDGE('',*,*,#4233,.F.);
#5598=ORIENTED_EDGE('',*,*,#4215,.F.);
#5599=CARTESIAN_POINT('',(-9.5,13.5,5.7));
#5600=DIRECTION('',(0.,0.,1.));
#5601=VECTOR('',#5600,2.7);
#5602=LINE('',#5599,#5601);
#5603=EDGE_CURVE('NONE',#4203,#3940,#5602,.T.);
#5604=ORIENTED_EDGE('',*,*,#5603,.T.);
#5605=ORIENTED_EDGE('',*,*,#3945,.F.);
#5606=ORIENTED_EDGE('',*,*,#4009,.F.);
#5607=ORIENTED_EDGE('',*,*,#3991,.F.);
#5608=CARTESIAN_POINT('',(-9.5,13.5,10.7));
#5609=DIRECTION('',(0.,0.,1.));
#5610=VECTOR('',#5609,2.7);
#5611=LINE('',#5608,#5610);
#5612=EDGE_CURVE('NONE',#3979,#3716,#5611,.T.);
#5613=ORIENTED_EDGE('',*,*,#5612,.T.);
#5614=ORIENTED_EDGE('',*,*,#3721,.F.);
#5615=ORIENTED_EDGE('',*,*,#3785,.F.);
#5616=ORIENTED_EDGE('',*,*,#3767,.F.);
#5617=CARTESIAN_POINT('',(-9.5,13.5,15.7));
#5618=DIRECTION('',(0.,0.,1.));
#5619=VECTOR('',#5618,10.65);
#5620=LINE('',#5617,#5619);
#5621=EDGE_CURVE('NONE',#3755,#5232,#5620,.T.);
#5622=ORIENTED_EDGE('',*,*,#5621,.T.);
#5623=ORIENTED_EDGE('',*,*,#5246,.T.);
#5624=ORIENTED_EDGE('',*,*,#5455,.T.);
#5625=ORIENTED_EDGE('',*,*,#3611,.F.);
#5626=ORIENTED_EDGE('',*,*,#3673,.F.);
#5627=EDGE_LOOP('',(#5510,#5516,#5517,#5518,#5519,#5525,#5526,#5527,#5528,#5534,#5535,#5536,#5537,#5543,#5544,#5545,#5546,#5552,#5553,#5554,#5555,#5561,#5567,#5568,#5569,#5570,
#5571,#5577,#5578,#5579,#5580,#5586,#5587,#5588,#5589,#5595,#5596,#5597,#5598,#5604,#5605,#5606,#5607,#5613,#5614,#5615,#5616,#5622,#5623,#5624,#5625,
#5626));
#5628=FACE_BOUND('',#5627,.T.);
#5629=ORIENTED_EDGE('',*,*,#1538,.F.);
#5630=EDGE_LOOP('',(#5629));
#5631=FACE_BOUND('',#5630,.T.);
#5632=ORIENTED_EDGE('',*,*,#1505,.F.);
#5633=EDGE_LOOP('',(#5632));
#5634=FACE_BOUND('',#5633,.T.);
#5635=ORIENTED_EDGE('',*,*,#1472,.F.);
#5636=EDGE_LOOP('',(#5635));
#5637=FACE_BOUND('',#5636,.T.);
#5638=ORIENTED_EDGE('',*,*,#1439,.F.);
#5639=EDGE_LOOP('',(#5638));
#5640=FACE_BOUND('',#5639,.T.);
#5641=ORIENTED_EDGE('',*,*,#1406,.F.);
#5642=EDGE_LOOP('',(#5641));
#5643=FACE_BOUND('',#5642,.T.);
#5644=ORIENTED_EDGE('',*,*,#1373,.F.);
#5645=EDGE_LOOP('',(#5644));
#5646=FACE_BOUND('',#5645,.T.);
#5647=ORIENTED_EDGE('',*,*,#1340,.F.);
#5648=EDGE_LOOP('',(#5647));
#5649=FACE_BOUND('',#5648,.T.);
#5650=ORIENTED_EDGE('',*,*,#1307,.F.);
#5651=EDGE_LOOP('',(#5650));
#5652=FACE_BOUND('',#5651,.T.);
#5653=ORIENTED_EDGE('',*,*,#1274,.F.);
#5654=EDGE_LOOP('',(#5653));
#5655=FACE_BOUND('',#5654,.T.);
#5656=ORIENTED_EDGE('',*,*,#1241,.F.);
#5657=EDGE_LOOP('',(#5656));
#5658=FACE_BOUND('',#5657,.T.);
#5659=ORIENTED_EDGE('',*,*,#1199,.F.);
#5660=EDGE_LOOP('',(#5659));
#5661=FACE_BOUND('',#5660,.T.);
#5662=ORIENTED_EDGE('',*,*,#1157,.F.);
#5663=EDGE_LOOP('',(#5662));
#5664=FACE_BOUND('',#5663,.T.);
#5665=ADVANCED_FACE('NONE',(#5628,#5631,#5634,#5637,#5640,#5643,#5646,#5649,#5652,#5655,#5658,#5661,#5664),#5509,.T.);
#5666=CARTESIAN_POINT('',(67.992935322,3.5,-16.6));
#5667=DIRECTION('',(-1.,0.,0.));
#5668=DIRECTION('',(0.,0.,1.));
#5669=AXIS2_PLACEMENT_3D('',#5666,#5667,#5668);
#5670=CYLINDRICAL_SURFACE('',#5669,10.);
#5671=ORIENTED_EDGE('',*,*,#5026,.T.);
#5672=ORIENTED_EDGE('',*,*,#4923,.T.);
#5673=ORIENTED_EDGE('',*,*,#2023,.T.);
#5674=ORIENTED_EDGE('',*,*,#5500,.T.);
#5675=ORIENTED_EDGE('',*,*,#5566,.F.);
#5676=ORIENTED_EDGE('',*,*,#5440,.T.);
#5677=ORIENTED_EDGE('',*,*,#2037,.T.);
#5678=ORIENTED_EDGE('',*,*,#5177,.T.);
#5679=ORIENTED_EDGE('',*,*,#5145,.T.);
#5680=ORIENTED_EDGE('',*,*,#5058,.T.);
#5681=EDGE_LOOP('',(#5671,#5672,#5673,#5674,#5675,#5676,#5677,#5678,#5679,#5680));
#5682=FACE_BOUND('',#5681,.T.);
#5683=ADVANCED_FACE('NONE',(#5682),#5670,.T.);
#5684=CARTESIAN_POINT('',(-9.5,9.5,-16.6));
#5685=DIRECTION('',(-0.,0.,-1.));
#5686=DIRECTION('',(-1.,0.,0.));
#5687=AXIS2_PLACEMENT_3D('',#5684,#5685,#5686);
#5688=CYLINDRICAL_SURFACE('',#5687,4.);
#5689=ORIENTED_EDGE('',*,*,#4624,.F.);
#5690=ORIENTED_EDGE('',*,*,#5576,.F.);
#5691=ORIENTED_EDGE('',*,*,#4873,.F.);
#5692=ORIENTED_EDGE('',*,*,#2248,.F.);
#5693=EDGE_LOOP('',(#5689,#5690,#5691,#5692));
#5694=FACE_BOUND('',#5693,.T.);
#5695=ADVANCED_FACE('NONE',(#5694),#5688,.T.);
#5696=CARTESIAN_POINT('',(9.5,9.5,-22.6));
#5697=DIRECTION('',(-0.,0.,-1.));
#5698=DIRECTION('',(-1.,0.,0.));
#5699=AXIS2_PLACEMENT_3D('',#5696,#5697,#5698);
#5700=CYLINDRICAL_SURFACE('',#5699,4.);
#5701=ORIENTED_EDGE('',*,*,#4834,.F.);
#5702=ORIENTED_EDGE('',*,*,#1783,.F.);
#5703=ORIENTED_EDGE('',*,*,#5431,.F.);
#5704=ORIENTED_EDGE('',*,*,#5560,.F.);
#5705=EDGE_LOOP('',(#5701,#5702,#5703,#5704));
#5706=FACE_BOUND('',#5705,.T.);
#5707=ADVANCED_FACE('NONE',(#5706),#5700,.T.);
#5708=CARTESIAN_POINT('',(-9.5,9.5,-16.6));
#5709=DIRECTION('',(-0.,0.,-1.));
#5710=DIRECTION('',(-1.,0.,0.));
#5711=AXIS2_PLACEMENT_3D('',#5708,#5709,#5710);
#5712=CYLINDRICAL_SURFACE('',#5711,4.);
#5713=ORIENTED_EDGE('',*,*,#4400,.F.);
#5714=ORIENTED_EDGE('',*,*,#5585,.F.);
#5715=ORIENTED_EDGE('',*,*,#4657,.F.);
#5716=ORIENTED_EDGE('',*,*,#2216,.F.);
#5717=EDGE_LOOP('',(#5713,#5714,#5715,#5716));
#5718=FACE_BOUND('',#5717,.T.);
#5719=ADVANCED_FACE('NONE',(#5718),#5712,.T.);
#5720=CARTESIAN_POINT('',(9.5,9.5,-22.6));
#5721=DIRECTION('',(-0.,0.,-1.));
#5722=DIRECTION('',(-1.,0.,0.));
#5723=AXIS2_PLACEMENT_3D('',#5720,#5721,#5722);
#5724=CYLINDRICAL_SURFACE('',#5723,4.);
#5725=ORIENTED_EDGE('',*,*,#4536,.F.);
#5726=ORIENTED_EDGE('',*,*,#1815,.F.);
#5727=ORIENTED_EDGE('',*,*,#4738,.F.);
#5728=ORIENTED_EDGE('',*,*,#5551,.F.);
#5729=EDGE_LOOP('',(#5725,#5726,#5727,#5728));
#5730=FACE_BOUND('',#5729,.T.);
#5731=ADVANCED_FACE('NONE',(#5730),#5724,.T.);
#5732=CARTESIAN_POINT('',(-9.5,9.5,-16.6));
#5733=DIRECTION('',(-0.,0.,-1.));
#5734=DIRECTION('',(-1.,0.,0.));
#5735=AXIS2_PLACEMENT_3D('',#5732,#5733,#5734);
#5736=CYLINDRICAL_SURFACE('',#5735,4.);
#5737=ORIENTED_EDGE('',*,*,#4176,.F.);
#5738=ORIENTED_EDGE('',*,*,#5594,.F.);
#5739=ORIENTED_EDGE('',*,*,#4433,.F.);
#5740=ORIENTED_EDGE('',*,*,#2184,.F.);
#5741=EDGE_LOOP('',(#5737,#5738,#5739,#5740));
#5742=FACE_BOUND('',#5741,.T.);
#5743=ADVANCED_FACE('NONE',(#5742),#5736,.T.);
#5744=CARTESIAN_POINT('',(9.5,9.5,-22.6));
#5745=DIRECTION('',(-0.,0.,-1.));
#5746=DIRECTION('',(-1.,0.,0.));
#5747=AXIS2_PLACEMENT_3D('',#5744,#5745,#5746);
#5748=CYLINDRICAL_SURFACE('',#5747,4.);
#5749=ORIENTED_EDGE('',*,*,#4312,.F.);
#5750=ORIENTED_EDGE('',*,*,#1847,.F.);
#5751=ORIENTED_EDGE('',*,*,#4514,.F.);
#5752=ORIENTED_EDGE('',*,*,#5542,.F.);
#5753=EDGE_LOOP('',(#5749,#5750,#5751,#5752));
#5754=FACE_BOUND('',#5753,.T.);
#5755=ADVANCED_FACE('NONE',(#5754),#5748,.T.);
#5756=CARTESIAN_POINT('',(-9.5,9.5,-16.6));
#5757=DIRECTION('',(-0.,0.,-1.));
#5758=DIRECTION('',(-1.,0.,0.));
#5759=AXIS2_PLACEMENT_3D('',#5756,#5757,#5758);
#5760=CYLINDRICAL_SURFACE('',#5759,4.);
#5761=ORIENTED_EDGE('',*,*,#3952,.F.);
#5762=ORIENTED_EDGE('',*,*,#5603,.F.);
#5763=ORIENTED_EDGE('',*,*,#4209,.F.);
#5764=ORIENTED_EDGE('',*,*,#2152,.F.);
#5765=EDGE_LOOP('',(#5761,#5762,#5763,#5764));
#5766=FACE_BOUND('',#5765,.T.);
#5767=ADVANCED_FACE('NONE',(#5766),#5760,.T.);
#5768=CARTESIAN_POINT('',(9.5,9.5,-22.6));
#5769=DIRECTION('',(-0.,0.,-1.));
#5770=DIRECTION('',(-1.,0.,0.));
#5771=AXIS2_PLACEMENT_3D('',#5768,#5769,#5770);
#5772=CYLINDRICAL_SURFACE('',#5771,4.);
#5773=ORIENTED_EDGE('',*,*,#4088,.F.);
#5774=ORIENTED_EDGE('',*,*,#1879,.F.);
#5775=ORIENTED_EDGE('',*,*,#4290,.F.);
#5776=ORIENTED_EDGE('',*,*,#5533,.F.);
#5777=EDGE_LOOP('',(#5773,#5774,#5775,#5776));
#5778=FACE_BOUND('',#5777,.T.);
#5779=ADVANCED_FACE('NONE',(#5778),#5772,.T.);
#5780=CARTESIAN_POINT('',(-9.5,9.5,-16.6));
#5781=DIRECTION('',(-0.,0.,-1.));
#5782=DIRECTION('',(-1.,0.,0.));
#5783=AXIS2_PLACEMENT_3D('',#5780,#5781,#5782);
#5784=CYLINDRICAL_SURFACE('',#5783,4.);
#5785=ORIENTED_EDGE('',*,*,#3728,.F.);
#5786=ORIENTED_EDGE('',*,*,#5612,.F.);
#5787=ORIENTED_EDGE('',*,*,#3985,.F.);
#5788=ORIENTED_EDGE('',*,*,#2120,.F.);
#5789=EDGE_LOOP('',(#5785,#5786,#5787,#5788));
#5790=FACE_BOUND('',#5789,.T.);
#5791=ADVANCED_FACE('NONE',(#5790),#5784,.T.);
#5792=CARTESIAN_POINT('',(9.5,9.5,-22.6));
#5793=DIRECTION('',(-0.,0.,-1.));
#5794=DIRECTION('',(-1.,0.,0.));
#5795=AXIS2_PLACEMENT_3D('',#5792,#5793,#5794);
#5796=CYLINDRICAL_SURFACE('',#5795,4.);
#5797=ORIENTED_EDGE('',*,*,#3864,.F.);
#5798=ORIENTED_EDGE('',*,*,#1911,.F.);
#5799=ORIENTED_EDGE('',*,*,#4066,.F.);
#5800=ORIENTED_EDGE('',*,*,#5524,.F.);
#5801=EDGE_LOOP('',(#5797,#5798,#5799,#5800));
#5802=FACE_BOUND('',#5801,.T.);
#5803=ADVANCED_FACE('NONE',(#5802),#5796,.T.);
#5804=CARTESIAN_POINT('',(-9.5,9.5,-16.6));
#5805=DIRECTION('',(-0.,0.,-1.));
#5806=DIRECTION('',(-1.,0.,0.));
#5807=AXIS2_PLACEMENT_3D('',#5804,#5805,#5806);
#5808=CYLINDRICAL_SURFACE('',#5807,4.);
#5809=ORIENTED_EDGE('',*,*,#3761,.F.);
#5810=ORIENTED_EDGE('',*,*,#2088,.F.);
#5811=ORIENTED_EDGE('',*,*,#5270,.T.);
#5812=ORIENTED_EDGE('',*,*,#5621,.F.);
#5813=EDGE_LOOP('',(#5809,#5810,#5811,#5812));
#5814=FACE_BOUND('',#5813,.T.);
#5815=ADVANCED_FACE('NONE',(#5814),#5808,.T.);
#5816=CARTESIAN_POINT('',(9.5,9.5,-22.6));
#5817=DIRECTION('',(-0.,0.,-1.));
#5818=DIRECTION('',(-1.,0.,0.));
#5819=AXIS2_PLACEMENT_3D('',#5816,#5817,#5818);
#5820=CYLINDRICAL_SURFACE('',#5819,4.);
#5821=ORIENTED_EDGE('',*,*,#3640,.F.);
#5822=ORIENTED_EDGE('',*,*,#1943,.F.);
#5823=ORIENTED_EDGE('',*,*,#3842,.F.);
#5824=ORIENTED_EDGE('',*,*,#5515,.F.);
#5825=EDGE_LOOP('',(#5821,#5822,#5823,#5824));
#5826=FACE_BOUND('',#5825,.T.);
#5827=ADVANCED_FACE('NONE',(#5826),#5820,.T.);
#5828=CARTESIAN_POINT('',(0.,4.7,33.));
#5829=DIRECTION('',(0.,0.,-1.));
#5830=DIRECTION('',(-1.,0.,0.));
#5831=AXIS2_PLACEMENT_3D('',#5828,#5829,#5830);
#5832=PLANE('',#5831);
#5833=CARTESIAN_POINT('',(-6.75,1.7,33.));
#5834=VERTEX_POINT('',#5833);
#5835=CARTESIAN_POINT('',(6.75,1.7,33.));
#5836=VERTEX_POINT('',#5835);
#5837=CARTESIAN_POINT('',(-6.75,1.7,33.));
#5838=DIRECTION('',(1.,-0.,-0.));
#5839=VECTOR('',#5838,13.5);
#5840=LINE('',#5837,#5839);
#5841=EDGE_CURVE('NONE',#5834,#5836,#5840,.T.);
#5842=ORIENTED_EDGE('',*,*,#5841,.T.);
#5843=CARTESIAN_POINT('',(6.75,4.7,33.));
#5844=VERTEX_POINT('',#5843);
#5845=CARTESIAN_POINT('',(6.75,1.7,33.));
#5846=DIRECTION('',(0.,1.,0.));
#5847=VECTOR('',#5846,3.);
#5848=LINE('',#5845,#5847);
#5849=EDGE_CURVE('NONE',#5836,#5844,#5848,.T.);
#5850=ORIENTED_EDGE('',*,*,#5849,.T.);
#5851=CARTESIAN_POINT('',(-6.75,4.7,33.));
#5852=VERTEX_POINT('',#5851);
#5853=CARTESIAN_POINT('',(0.,4.7,33.));
#5854=DIRECTION('',(-0.,-0.,1.));
#5855=DIRECTION('',(-1.,0.,0.));
#5856=AXIS2_PLACEMENT_3D('',#5853,#5854,#5855);
#5857=CIRCLE('',#5856,6.75);
#5858=EDGE_CURVE('NONE',#5844,#5852,#5857,.T.);
#5859=ORIENTED_EDGE('',*,*,#5858,.T.);
#5860=CARTESIAN_POINT('',(-6.75,4.7,33.));
#5861=DIRECTION('',(-0.,-1.,-0.));
#5862=VECTOR('',#5861,3.);
#5863=LINE('',#5860,#5862);
#5864=EDGE_CURVE('NONE',#5852,#5834,#5863,.T.);
#5865=ORIENTED_EDGE('',*,*,#5864,.T.);
#5866=EDGE_LOOP('',(#5842,#5850,#5859,#5865));
#5867=FACE_BOUND('',#5866,.T.);
#5868=CARTESIAN_POINT('',(5.55,4.7,33.));
#5869=VERTEX_POINT('',#5868);
#5870=CARTESIAN_POINT('',(5.55,4.7,33.));
#5871=DIRECTION('',(-0.,-1.,-0.));
#5872=VECTOR('',#5871,1.3);
#5873=LINE('',#5870,#5872);
#5874=EDGE_CURVE('NONE',#5869,#2409,#5873,.T.);
#5875=ORIENTED_EDGE('',*,*,#5874,.T.);
#5876=ORIENTED_EDGE('',*,*,#2414,.F.);
#5877=CARTESIAN_POINT('',(-5.55,4.7,33.));
#5878=VERTEX_POINT('',#5877);
#5879=CARTESIAN_POINT('',(-5.55,3.4,33.));
#5880=DIRECTION('',(0.,1.,0.));
#5881=VECTOR('',#5880,1.3);
#5882=LINE('',#5879,#5881);
#5883=EDGE_CURVE('NONE',#2400,#5878,#5882,.T.);
#5884=ORIENTED_EDGE('',*,*,#5883,.T.);
#5885=CARTESIAN_POINT('',(0.,4.7,33.));
#5886=DIRECTION('',(0.,0.,-1.));
#5887=DIRECTION('',(-1.,0.,0.));
#5888=AXIS2_PLACEMENT_3D('',#5885,#5886,#5887);
#5889=CIRCLE('',#5888,5.55);
#5890=EDGE_CURVE('NONE',#5878,#5869,#5889,.T.);
#5891=ORIENTED_EDGE('',*,*,#5890,.T.);
#5892=EDGE_LOOP('',(#5875,#5876,#5884,#5891));
#5893=FACE_BOUND('',#5892,.T.);
#5894=ADVANCED_FACE('NONE',(#5867,#5893),#5832,.F.);
#5895=CARTESIAN_POINT('',(-7.,1.7,33.));
#5896=DIRECTION('',(0.,1.,0.));
#5897=DIRECTION('',(0.,0.,1.));
#5898=AXIS2_PLACEMENT_3D('',#5895,#5896,#5897);
#5899=PLANE('',#5898);
#5900=CARTESIAN_POINT('',(7.,1.7,32.75));
#5901=VERTEX_POINT('',#5900);
#5902=CARTESIAN_POINT('',(7.,1.7,32.75));
#5903=DIRECTION('',(-0.,-0.,-1.));
#5904=VECTOR('',#5903,6.15);
#5905=LINE('',#5902,#5904);
#5906=EDGE_CURVE('NONE',#5901,#2301,#5905,.T.);
#5907=ORIENTED_EDGE('',*,*,#5906,.F.);
#5908=CARTESIAN_POINT('',(6.75,1.7,32.75));
#5909=DIRECTION('',(-0.,-1.,-0.));
#5910=DIRECTION('',(-1.,0.,0.));
#5911=AXIS2_PLACEMENT_3D('',#5908,#5909,#5910);
#5912=CIRCLE('',#5911,0.25);
#5913=EDGE_CURVE('NONE',#5901,#5836,#5912,.T.);
#5914=ORIENTED_EDGE('',*,*,#5913,.T.);
#5915=ORIENTED_EDGE('',*,*,#5841,.F.);
#5916=CARTESIAN_POINT('',(-7.,1.7,32.75));
#5917=VERTEX_POINT('',#5916);
#5918=CARTESIAN_POINT('',(-6.75,1.7,32.75));
#5919=DIRECTION('',(0.,-1.,0.));
#5920=DIRECTION('',(0.,0.,-1.));
#5921=AXIS2_PLACEMENT_3D('',#5918,#5919,#5920);
#5922=CIRCLE('',#5921,0.25);
#5923=EDGE_CURVE('NONE',#5834,#5917,#5922,.T.);
#5924=ORIENTED_EDGE('',*,*,#5923,.T.);
#5925=CARTESIAN_POINT('',(-7.,1.7,32.75));
#5926=DIRECTION('',(-0.,-0.,-1.));
#5927=VECTOR('',#5926,6.15);
#5928=LINE('',#5925,#5927);
#5929=EDGE_CURVE('NONE',#5917,#2299,#5928,.T.);
#5930=ORIENTED_EDGE('',*,*,#5929,.T.);
#5931=ORIENTED_EDGE('',*,*,#2306,.T.);
#5932=EDGE_LOOP('',(#5907,#5914,#5915,#5924,#5930,#5931));
#5933=FACE_BOUND('',#5932,.T.);
#5934=ADVANCED_FACE('NONE',(#5933),#5899,.F.);
#5935=CARTESIAN_POINT('',(7.,1.7,33.));
#5936=DIRECTION('',(-1.,0.,0.));
#5937=DIRECTION('',(-0.,-1.,0.));
#5938=AXIS2_PLACEMENT_3D('',#5935,#5936,#5937);
#5939=PLANE('',#5938);
#5940=CARTESIAN_POINT('',(7.,4.7,32.75));
#5941=VERTEX_POINT('',#5940);
#5942=CARTESIAN_POINT('',(7.,4.7,32.75));
#5943=DIRECTION('',(0.,0.,-1.));
#5944=VECTOR('',#5943,6.15);
#5945=LINE('',#5942,#5944);
#5946=EDGE_CURVE('NONE',#5941,#2317,#5945,.T.);
#5947=ORIENTED_EDGE('',*,*,#5946,.F.);
#5948=CARTESIAN_POINT('',(7.,4.7,32.75));
#5949=DIRECTION('',(-0.,-1.,0.));
#5950=VECTOR('',#5949,3.);
#5951=LINE('',#5948,#5950);
#5952=EDGE_CURVE('NONE',#5941,#5901,#5951,.T.);
#5953=ORIENTED_EDGE('',*,*,#5952,.T.);
#5954=ORIENTED_EDGE('',*,*,#5906,.T.);
#5955=ORIENTED_EDGE('',*,*,#2329,.T.);
#5956=EDGE_LOOP('',(#5947,#5953,#5954,#5955));
#5957=FACE_BOUND('',#5956,.T.);
#5958=ADVANCED_FACE('NONE',(#5957),#5939,.F.);
#5959=CARTESIAN_POINT('',(0.,4.7,33.));
#5960=DIRECTION('',(0.,0.,-1.));
#5961=DIRECTION('',(-1.,0.,0.));
#5962=AXIS2_PLACEMENT_3D('',#5959,#5960,#5961);
#5963=CYLINDRICAL_SURFACE('',#5962,7.);
#5964=CARTESIAN_POINT('',(-7.,4.7,32.75));
#5965=VERTEX_POINT('',#5964);
#5966=CARTESIAN_POINT('',(-7.,4.7,32.75));
#5967=DIRECTION('',(0.,0.,-1.));
#5968=VECTOR('',#5967,6.15);
#5969=LINE('',#5966,#5968);
#5970=EDGE_CURVE('NONE',#5965,#2309,#5969,.T.);
#5971=ORIENTED_EDGE('',*,*,#5970,.F.);
#5972=CARTESIAN_POINT('',(0.,4.7,32.75));
#5973=DIRECTION('',(0.,0.,-1.));
#5974=DIRECTION('',(-1.,0.,0.));
#5975=AXIS2_PLACEMENT_3D('',#5972,#5973,#5974);
#5976=CIRCLE('',#5975,7.);
#5977=EDGE_CURVE('NONE',#5965,#5941,#5976,.T.);
#5978=ORIENTED_EDGE('',*,*,#5977,.T.);
#5979=ORIENTED_EDGE('',*,*,#5946,.T.);
#5980=ORIENTED_EDGE('',*,*,#2323,.T.);
#5981=EDGE_LOOP('',(#5971,#5978,#5979,#5980));
#5982=FACE_BOUND('',#5981,.T.);
#5983=ADVANCED_FACE('NONE',(#5982),#5963,.T.);
#5984=CARTESIAN_POINT('',(-7.,1.7,33.));
#5985=DIRECTION('',(1.,0.,0.));
#5986=DIRECTION('',(0.,0.,-1.));
#5987=AXIS2_PLACEMENT_3D('',#5984,#5985,#5986);
#5988=PLANE('',#5987);
#5989=ORIENTED_EDGE('',*,*,#5929,.F.);
#5990=CARTESIAN_POINT('',(-7.,1.7,32.75));
#5991=DIRECTION('',(0.,1.,0.));
#5992=VECTOR('',#5991,3.);
#5993=LINE('',#5990,#5992);
#5994=EDGE_CURVE('NONE',#5917,#5965,#5993,.T.);
#5995=ORIENTED_EDGE('',*,*,#5994,.T.);
#5996=ORIENTED_EDGE('',*,*,#5970,.T.);
#5997=ORIENTED_EDGE('',*,*,#2314,.T.);
#5998=EDGE_LOOP('',(#5989,#5995,#5996,#5997));
#5999=FACE_BOUND('',#5998,.T.);
#6000=ADVANCED_FACE('NONE',(#5999),#5988,.F.);
#6001=CARTESIAN_POINT('',(-5.3,3.4,33.));
#6002=DIRECTION('',(1.,0.,0.));
#6003=DIRECTION('',(-0.,1.,0.));
#6004=AXIS2_PLACEMENT_3D('',#6001,#6002,#6003);
#6005=PLANE('',#6004);
#6006=CARTESIAN_POINT('',(-5.3,4.7,32.75));
#6007=VERTEX_POINT('',#6006);
#6008=CARTESIAN_POINT('',(-5.3,4.7,29.746071693));
#6009=VERTEX_POINT('',#6008);
#6010=CARTESIAN_POINT('',(-5.3,4.7,32.75));
#6011=DIRECTION('',(0.,0.,-1.));
#6012=VECTOR('',#6011,3.003928307);
#6013=LINE('',#6010,#6012);
#6014=EDGE_CURVE('NONE',#6007,#6009,#6013,.T.);
#6015=ORIENTED_EDGE('',*,*,#6014,.F.);
#6016=CARTESIAN_POINT('',(-5.3,4.7,32.75));
#6017=DIRECTION('',(0.,-1.,-0.));
#6018=VECTOR('',#6017,1.3);
#6019=LINE('',#6016,#6018);
#6020=EDGE_CURVE('NONE',#6007,#2392,#6019,.T.);
#6021=ORIENTED_EDGE('',*,*,#6020,.T.);
#6022=ORIENTED_EDGE('',*,*,#2397,.T.);
#6023=ORIENTED_EDGE('',*,*,#1606,.T.);
#6024=CARTESIAN_POINT('',(-5.3,4.7,25.869656369));
#6025=VERTEX_POINT('',#6024);
#6026=CARTESIAN_POINT('',(-5.3,4.7,25.869656369));
#6027=DIRECTION('',(0.,0.,-1.));
#6028=VECTOR('',#6027,0.969656369);
#6029=LINE('',#6026,#6028);
#6030=EDGE_CURVE('NONE',#6025,#1592,#6029,.T.);
#6031=ORIENTED_EDGE('',*,*,#6030,.F.);
#6032=CARTESIAN_POINT('',(-5.3,4.7,29.746071693));
#6033=CARTESIAN_POINT('',(-5.3,4.640007159,29.683424444));
#6034=CARTESIAN_POINT('',(-5.3,4.590335022,29.61376802));
#6035=CARTESIAN_POINT('',(-5.3,4.547030506,29.539787106));
#6036=CARTESIAN_POINT('',(-5.3,4.50372599,29.465806193));
#6037=CARTESIAN_POINT('',(-5.3,4.467005449,29.387167224));
#6038=CARTESIAN_POINT('',(-5.3,4.436001468,29.307562913));
#6039=CARTESIAN_POINT('',(-5.3,4.373993506,29.148354291));
#6040=CARTESIAN_POINT('',(-5.3,4.332980009,28.982764944));
#6041=CARTESIAN_POINT('',(-5.3,4.303710306,28.813606374));
#6042=CARTESIAN_POINT('',(-5.3,4.274440604,28.644447805));
#6043=CARTESIAN_POINT('',(-5.3,4.257593829,28.474193974));
#6044=CARTESIAN_POINT('',(-5.3,4.246828632,28.303608505));
#6045=CARTESIAN_POINT('',(-5.3,4.236063436,28.133023036));
#6046=CARTESIAN_POINT('',(-5.3,4.231339448,27.96200619));
#6047=CARTESIAN_POINT('',(-5.3,4.229270252,27.790799775));
#6048=CARTESIAN_POINT('',(-5.3,4.227201056,27.61959336));
#6049=CARTESIAN_POINT('',(-5.3,4.22761431,27.44841126));
#6050=CARTESIAN_POINT('',(-5.3,4.231774594,27.277296376));
#6051=CARTESIAN_POINT('',(-5.3,4.235934879,27.106181492));
#6052=CARTESIAN_POINT('',(-5.3,4.243636034,26.934633475));
#6053=CARTESIAN_POINT('',(-5.3,4.263810976,26.765493849));
#6054=CARTESIAN_POINT('',(-5.3,4.273898447,26.680924036));
#6055=CARTESIAN_POINT('',(-5.3,4.28722873,26.596929019));
#6056=CARTESIAN_POINT('',(-5.3,4.306092248,26.51391478));
#6057=CARTESIAN_POINT('',(-5.3,4.324955767,26.430900542));
#6058=CARTESIAN_POINT('',(-5.3,4.349488828,26.34832983));
#6059=CARTESIAN_POINT('',(-5.3,4.382923205,26.268566255));
#6060=CARTESIAN_POINT('',(-5.3,4.416357582,26.188802681));
#6061=CARTESIAN_POINT('',(-5.3,4.457907959,26.11361097));
#6062=CARTESIAN_POINT('',(-5.3,4.511069797,26.044960169));
#6063=CARTESIAN_POINT('',(-5.3,4.564231635,25.976309369));
#6064=CARTESIAN_POINT('',(-5.3,4.626942823,25.917087902));
#6065=CARTESIAN_POINT('',(-5.3,4.7,25.869656369));
#6066=B_SPLINE_CURVE_WITH_KNOTS('',3,(#6032,#6033,#6034,#6035,#6036,#6037,#6038,#6039,#6040,#6041,#6042,#6043,#6044,#6045,#6046,#6047,#6048,#6049,#6050,#6051,#6052,#6053,#6054,#6055,#6056,#6057,
#6058,#6059,#6060,#6061,#6062,#6063,#6064,#6065),.UNSPECIFIED.,.F.,.F.,(4,3,3,3,3,3,3,3,3,3,3,4),(0.,0.000256592,0.000513184,0.001026369,0.001539553,0.002052738,0.002565922,0.003079107,0.003335699,0.003592291,0.003848883,0.004105476),.UNSPECIFIED.);
#6067=EDGE_CURVE('NONE',#6009,#6025,#6066,.T.);
#6068=ORIENTED_EDGE('',*,*,#6067,.F.);
#6069=EDGE_LOOP('',(#6015,#6021,#6022,#6023,#6031,#6068));
#6070=FACE_BOUND('',#6069,.T.);
#6071=ADVANCED_FACE('NONE',(#6070),#6005,.T.);
#6072=CARTESIAN_POINT('',(5.3,3.4,33.));
#6073=DIRECTION('',(-1.,0.,0.));
#6074=DIRECTION('',(0.,0.,1.));
#6075=AXIS2_PLACEMENT_3D('',#6072,#6073,#6074);
#6076=PLANE('',#6075);
#6077=ORIENTED_EDGE('',*,*,#2429,.F.);
#6078=CARTESIAN_POINT('',(5.3,4.7,32.75));
#6079=VERTEX_POINT('',#6078);
#6080=CARTESIAN_POINT('',(5.3,3.4,32.75));
#6081=DIRECTION('',(0.,1.,0.));
#6082=VECTOR('',#6081,1.3);
#6083=LINE('',#6080,#6082);
#6084=EDGE_CURVE('NONE',#2417,#6079,#6083,.T.);
#6085=ORIENTED_EDGE('',*,*,#6084,.T.);
#6086=CARTESIAN_POINT('',(5.3,4.7,32.75));
#6087=DIRECTION('',(-0.,-0.,-1.));
#6088=VECTOR('',#6087,7.85);
#6089=LINE('',#6086,#6088);
#6090=EDGE_CURVE('NONE',#6079,#1582,#6089,.T.);
#6091=ORIENTED_EDGE('',*,*,#6090,.T.);
#6092=ORIENTED_EDGE('',*,*,#1589,.T.);
#6093=EDGE_LOOP('',(#6077,#6085,#6091,#6092));
#6094=FACE_BOUND('',#6093,.T.);
#6095=ADVANCED_FACE('NONE',(#6094),#6076,.T.);
#6096=CARTESIAN_POINT('',(0.,4.7,33.));
#6097=DIRECTION('',(0.,0.,-1.));
#6098=DIRECTION('',(-1.,0.,0.));
#6099=AXIS2_PLACEMENT_3D('',#6096,#6097,#6098);
#6100=CYLINDRICAL_SURFACE('',#6099,5.3);
#6101=ORIENTED_EDGE('',*,*,#6090,.F.);
#6102=CARTESIAN_POINT('',(0.,4.7,32.75));
#6103=DIRECTION('',(-0.,-0.,1.));
#6104=DIRECTION('',(-1.,0.,0.));
#6105=AXIS2_PLACEMENT_3D('',#6102,#6103,#6104);
#6106=CIRCLE('',#6105,5.3);
#6107=EDGE_CURVE('NONE',#6079,#6007,#6106,.T.);
#6108=ORIENTED_EDGE('',*,*,#6107,.T.);
#6109=ORIENTED_EDGE('',*,*,#6014,.T.);
#6110=CARTESIAN_POINT('',(-5.285170335,5.096200114,29.969629379));
#6111=CARTESIAN_POINT('',(-5.29091974,5.019505069,29.957928867));
#6112=CARTESIAN_POINT('',(-5.294678681,4.946552766,29.929705449));
#6113=CARTESIAN_POINT('',(-5.29693606,4.880189843,29.890753321));
#6114=CARTESIAN_POINT('',(-5.299193439,4.813826919,29.851801193));
#6115=CARTESIAN_POINT('',(-5.3,4.753626299,29.802069338));
#6116=CARTESIAN_POINT('',(-5.3,4.7,29.746071693));
#6117=B_SPLINE_CURVE_WITH_KNOTS('',3,(#6110,#6111,#6112,#6113,#6114,#6115,#6116),.UNSPECIFIED.,.F.,.F.,(4,3,4),(0.,0.000233385,0.000466771),.UNSPECIFIED.);
#6118=EDGE_CURVE('NONE',#1009,#6009,#6117,.T.);
#6119=ORIENTED_EDGE('',*,*,#6118,.F.);
#6120=ORIENTED_EDGE('',*,*,#1066,.F.);
#6121=CARTESIAN_POINT('',(-5.3,4.7,25.869656369));
#6122=CARTESIAN_POINT('',(-5.3,4.759533433,25.831004725));
#6123=CARTESIAN_POINT('',(-5.29899596,4.822732324,25.800899315));
#6124=CARTESIAN_POINT('',(-5.296621747,4.889203766,25.778450753));
#6125=CARTESIAN_POINT('',(-5.294247535,4.955675208,25.756002191));
#6126=CARTESIAN_POINT('',(-5.290451171,5.025755618,25.741337741));
#6127=CARTESIAN_POINT('',(-5.285170335,5.096200109,25.73508229));
#6128=B_SPLINE_CURVE_WITH_KNOTS('',3,(#6121,#6122,#6123,#6124,#6125,#6126,#6127),.UNSPECIFIED.,.F.,.F.,(4,3,4),(0.,0.000209881,0.000419761),.UNSPECIFIED.);
#6129=EDGE_CURVE('NONE',#6025,#999,#6128,.T.);
#6130=ORIENTED_EDGE('',*,*,#6129,.F.);
#6131=ORIENTED_EDGE('',*,*,#6030,.T.);
#6132=ORIENTED_EDGE('',*,*,#1598,.T.);
#6133=EDGE_LOOP('',(#6101,#6108,#6109,#6119,#6120,#6130,#6131,#6132));
#6134=FACE_BOUND('',#6133,.T.);
#6135=ADVANCED_FACE('NONE',(#6134),#6100,.F.);
#6136=CARTESIAN_POINT('',(-6.975525384,5.096200114,57.884166431));
#6137=DIRECTION('',(0.,0.,1.));
#6138=DIRECTION('',(1.,0.,0.));
#6139=AXIS2_PLACEMENT_3D('',#6136,#6137,#6138);
#6140=PLANE('',#6139);
#6141=ORIENTED_EDGE('',*,*,#1097,.T.);
#6142=CARTESIAN_POINT('',(-7.855773711,5.096200114,57.884166431));
#6143=CARTESIAN_POINT('',(-7.855773711,4.587988505,57.884166431));
#6144=CARTESIAN_POINT('',(-7.415649547,4.333882701,57.884166431));
#6145=CARTESIAN_POINT('',(-6.975525384,4.079776897,57.884166431));
#6146=CARTESIAN_POINT('',(-6.535401221,4.333882701,57.884166431));
#6147=CARTESIAN_POINT('',(-6.095277057,4.587988505,57.884166431));
#6148=CARTESIAN_POINT('',(-6.095277057,5.096200114,57.884166431));
#6149=(BOUNDED_CURVE()
B_SPLINE_CURVE(2,(#6142,#6143,#6144,#6145,#6146,#6147,#6148),.UNSPECIFIED.,.F.,.F.)
B_SPLINE_CURVE_WITH_KNOTS((3,2,2,3),(180.,240.,300.,360.),.UNSPECIFIED.)
CURVE()
GEOMETRIC_REPRESENTATION_ITEM()
RATIONAL_B_SPLINE_CURVE((1.,0.866025404,1.,0.866025404,1.,0.866025404,1.))
REPRESENTATION_ITEM(''));
#6150=EDGE_CURVE('NONE',#1069,#1090,#6149,.T.);
#6151=ORIENTED_EDGE('',*,*,#6150,.T.);
#6152=EDGE_LOOP('',(#6141,#6151));
#6153=FACE_BOUND('',#6152,.T.);
#6154=ADVANCED_FACE('NONE',(#6153),#6140,.T.);
#6155=OVER_RIDING_STYLED_ITEM('',(#1135),#6154,#854);
#6156=CARTESIAN_POINT('',(-3.520993307,5.096200114,24.9));
#6157=DIRECTION('',(0.,0.,1.));
#6158=DIRECTION('',(1.,0.,0.));
#6159=AXIS2_PLACEMENT_3D('',#6156,#6157,#6158);
#6160=PLANE('',#6159);
#6161=ORIENTED_EDGE('',*,*,#996,.F.);
#6162=CARTESIAN_POINT('',(-4.401241633,5.096200114,24.9));
#6163=CARTESIAN_POINT('',(-4.401241633,4.215951787,24.9));
#6164=CARTESIAN_POINT('',(-3.520993307,4.215951787,24.9));
#6165=CARTESIAN_POINT('',(-2.64074498,4.215951787,24.9));
#6166=CARTESIAN_POINT('',(-2.64074498,5.096200114,24.9));
#6167=(BOUNDED_CURVE()
B_SPLINE_CURVE(2,(#6162,#6163,#6164,#6165,#6166),.UNSPECIFIED.,.F.,.F.)
B_SPLINE_CURVE_WITH_KNOTS((3,2,3),(180.,270.,360.),.UNSPECIFIED.)
CURVE()
GEOMETRIC_REPRESENTATION_ITEM()
RATIONAL_B_SPLINE_CURVE((1.,0.707106781,1.,0.707106781,1.))
REPRESENTATION_ITEM(''));
#6168=EDGE_CURVE('NONE',#989,#987,#6167,.T.);
#6169=ORIENTED_EDGE('',*,*,#6168,.F.);
#6170=EDGE_LOOP('',(#6161,#6169));
#6171=FACE_BOUND('',#6170,.T.);
#6172=ADVANCED_FACE('NONE',(#6171),#6160,.F.);
#6173=CARTESIAN_POINT('',(-4.401241633,5.096200114,24.9));
#6174=CARTESIAN_POINT('',(-4.590663795,5.096200114,25.048585226));
#6175=CARTESIAN_POINT('',(-4.930463821,5.096200114,25.34220659));
#6176=CARTESIAN_POINT('',(-5.332069522,5.096200114,25.772937094));
#6177=CARTESIAN_POINT('',(-5.634619435,5.096200114,26.194911784));
#6178=CARTESIAN_POINT('',(-5.847152111,5.096200114,26.609076388));
#6179=CARTESIAN_POINT('',(-6.007940322,5.096200114,27.106887798));
#6180=CARTESIAN_POINT('',(-6.059411383,5.096200114,27.683811528));
#6181=CARTESIAN_POINT('',(-5.960812504,5.096200114,28.337430479));
#6182=CARTESIAN_POINT('',(-5.597335474,5.096200114,29.430752817));
#6183=CARTESIAN_POINT('',(-4.742795909,5.096200114,30.922208467));
#6184=CARTESIAN_POINT('',(-4.066976827,5.096200114,33.154563965));
#6185=CARTESIAN_POINT('',(-3.928315287,5.096200114,35.695276587));
#6186=CARTESIAN_POINT('',(-4.385594262,5.096200114,38.572286693));
#6187=CARTESIAN_POINT('',(-5.22362185,5.096200114,41.243832963));
#6188=CARTESIAN_POINT('',(-6.209446418,5.096200114,43.672860873));
#6189=CARTESIAN_POINT('',(-7.537422578,5.096200114,46.560017575));
#6190=CARTESIAN_POINT('',(-8.816604375,5.096200114,49.390861988));
#6191=CARTESIAN_POINT('',(-9.511323818,5.096200114,52.123530465));
#6192=CARTESIAN_POINT('',(-9.596929938,5.096200114,53.895174244));
#6193=CARTESIAN_POINT('',(-9.310200166,5.096200114,55.403036374));
#6194=CARTESIAN_POINT('',(-8.776981227,5.096200114,56.663828591));
#6195=CARTESIAN_POINT('',(-8.203553432,5.096200114,57.481491127));
#6196=CARTESIAN_POINT('',(-7.855773711,5.096200114,57.884166431));
#6197=CARTESIAN_POINT('',(-4.401241633,5.096166779,24.9));
#6198=CARTESIAN_POINT('',(-4.590663795,5.096166779,25.048585226));
#6199=CARTESIAN_POINT('',(-4.930463821,5.096166779,25.34220659));
#6200=CARTESIAN_POINT('',(-5.332069522,5.096166779,25.772937094));
#6201=CARTESIAN_POINT('',(-5.634619435,5.096166779,26.194911784));
#6202=CARTESIAN_POINT('',(-5.847152111,5.096166779,26.609076388));
#6203=CARTESIAN_POINT('',(-6.007940322,5.096166779,27.106887798));
#6204=CARTESIAN_POINT('',(-6.059411383,5.096166779,27.683811528));
#6205=CARTESIAN_POINT('',(-5.960812504,5.096166779,28.337430479));
#6206=CARTESIAN_POINT('',(-5.597335474,5.096166779,29.430752817));
#6207=CARTESIAN_POINT('',(-4.742795909,5.096166779,30.922208467));
#6208=CARTESIAN_POINT('',(-4.066976827,5.096166779,33.154563965));
#6209=CARTESIAN_POINT('',(-3.928315287,5.096166779,35.695276587));
#6210=CARTESIAN_POINT('',(-4.385594262,5.096166779,38.572286693));
#6211=CARTESIAN_POINT('',(-5.22362185,5.096166779,41.243832963));
#6212=CARTESIAN_POINT('',(-6.209446418,5.096166779,43.672860873));
#6213=CARTESIAN_POINT('',(-7.537422578,5.096166779,46.560017575));
#6214=CARTESIAN_POINT('',(-8.816604375,5.096166779,49.390861988));
#6215=CARTESIAN_POINT('',(-9.511323818,5.096166779,52.123530465));
#6216=CARTESIAN_POINT('',(-9.596929938,5.096166779,53.895174244));
#6217=CARTESIAN_POINT('',(-9.310200166,5.096166779,55.403036374));
#6218=CARTESIAN_POINT('',(-8.776981227,5.096166779,56.663828591));
#6219=CARTESIAN_POINT('',(-8.203553432,5.096166779,57.481491127));
#6220=CARTESIAN_POINT('',(-7.855773711,5.096166779,57.884166431));
#6221=CARTESIAN_POINT('',(-4.401241631,5.096133444,24.9));
#6222=CARTESIAN_POINT('',(-4.590663793,5.096133444,25.048585226));
#6223=CARTESIAN_POINT('',(-4.930463819,5.096133444,25.34220659));
#6224=CARTESIAN_POINT('',(-5.33206952,5.096133444,25.772937094));
#6225=CARTESIAN_POINT('',(-5.634619433,5.096133444,26.194911784));
#6226=CARTESIAN_POINT('',(-5.847152109,5.096133444,26.609076388));
#6227=CARTESIAN_POINT('',(-6.00794032,5.096133444,27.106887798));
#6228=CARTESIAN_POINT('',(-6.059411381,5.096133444,27.683811528));
#6229=CARTESIAN_POINT('',(-5.960812502,5.096133444,28.337430479));
#6230=CARTESIAN_POINT('',(-5.597335472,5.096133444,29.430752817));
#6231=CARTESIAN_POINT('',(-4.742795907,5.096133444,30.922208467));
#6232=CARTESIAN_POINT('',(-4.066976825,5.096133444,33.154563965));
#6233=CARTESIAN_POINT('',(-3.928315285,5.096133444,35.695276587));
#6234=CARTESIAN_POINT('',(-4.38559426,5.096133444,38.572286693));
#6235=CARTESIAN_POINT('',(-5.223621848,5.096133444,41.243832963));
#6236=CARTESIAN_POINT('',(-6.209446416,5.096133444,43.672860873));
#6237=CARTESIAN_POINT('',(-7.537422576,5.096133444,46.560017575));
#6238=CARTESIAN_POINT('',(-8.816604373,5.096133444,49.390861988));
#6239=CARTESIAN_POINT('',(-9.511323816,5.096133444,52.123530465));
#6240=CARTESIAN_POINT('',(-9.596929936,5.096133444,53.895174244));
#6241=CARTESIAN_POINT('',(-9.310200164,5.096133444,55.403036374));
#6242=CARTESIAN_POINT('',(-8.776981225,5.096133444,56.663828591));
#6243=CARTESIAN_POINT('',(-8.20355343,5.096133444,57.481491127));
#6244=CARTESIAN_POINT('',(-7.855773709,5.096133444,57.884166431));
#6245=CARTESIAN_POINT('',(-4.401241627,5.096100108,24.9));
#6246=CARTESIAN_POINT('',(-4.590663789,5.096100108,25.048585226));
#6247=CARTESIAN_POINT('',(-4.930463815,5.096100108,25.34220659));
#6248=CARTESIAN_POINT('',(-5.332069516,5.096100108,25.772937094));
#6249=CARTESIAN_POINT('',(-5.634619429,5.096100108,26.194911784));
#6250=CARTESIAN_POINT('',(-5.847152106,5.096100108,26.609076388));
#6251=CARTESIAN_POINT('',(-6.007940316,5.096100108,27.106887798));
#6252=CARTESIAN_POINT('',(-6.059411377,5.096100108,27.683811528));
#6253=CARTESIAN_POINT('',(-5.960812499,5.096100108,28.337430479));
#6254=CARTESIAN_POINT('',(-5.597335468,5.096100108,29.430752817));
#6255=CARTESIAN_POINT('',(-4.742795904,5.096100108,30.922208467));
#6256=CARTESIAN_POINT('',(-4.066976821,5.096100108,33.154563965));
#6257=CARTESIAN_POINT('',(-3.928315282,5.096100108,35.695276587));
#6258=CARTESIAN_POINT('',(-4.385594256,5.096100108,38.572286693));
#6259=CARTESIAN_POINT('',(-5.223621844,5.096100108,41.243832963));
#6260=CARTESIAN_POINT('',(-6.209446412,5.096100108,43.672860873));
#6261=CARTESIAN_POINT('',(-7.537422572,5.096100108,46.560017575));
#6262=CARTESIAN_POINT('',(-8.816604369,5.096100108,49.390861988));
#6263=CARTESIAN_POINT('',(-9.511323812,5.096100108,52.123530465));
#6264=CARTESIAN_POINT('',(-9.596929932,5.096100108,53.895174244));
#6265=CARTESIAN_POINT('',(-9.31020016,5.096100108,55.403036374));
#6266=CARTESIAN_POINT('',(-8.776981221,5.096100108,56.663828591));
#6267=CARTESIAN_POINT('',(-8.203553426,5.096100108,57.481491127));
#6268=CARTESIAN_POINT('',(-7.855773705,5.096100108,57.884166431));
#6269=CARTESIAN_POINT('',(-4.401041627,3.335703477,24.9));
#6270=CARTESIAN_POINT('',(-4.590463789,3.335703477,25.048585226));
#6271=CARTESIAN_POINT('',(-4.930263815,3.335703477,25.34220659));
#6272=CARTESIAN_POINT('',(-5.331869516,3.335703477,25.772937094));
#6273=CARTESIAN_POINT('',(-5.634419429,3.335703477,26.194911784));
#6274=CARTESIAN_POINT('',(-5.846952106,3.335703477,26.609076388));
#6275=CARTESIAN_POINT('',(-6.007740316,3.335703477,27.106887798));
#6276=CARTESIAN_POINT('',(-6.059211377,3.335703477,27.683811528));
#6277=CARTESIAN_POINT('',(-5.960612499,3.335703477,28.337430479));
#6278=CARTESIAN_POINT('',(-5.597135468,3.335703477,29.430752817));
#6279=CARTESIAN_POINT('',(-4.742595904,3.335703477,30.922208467));
#6280=CARTESIAN_POINT('',(-4.066776821,3.335703477,33.154563965));
#6281=CARTESIAN_POINT('',(-3.928115282,3.335703477,35.695276587));
#6282=CARTESIAN_POINT('',(-4.385394256,3.335703477,38.572286693));
#6283=CARTESIAN_POINT('',(-5.223421844,3.335703477,41.243832963));
#6284=CARTESIAN_POINT('',(-6.209246412,3.335703477,43.672860873));
#6285=CARTESIAN_POINT('',(-7.537222572,3.335703477,46.560017575));
#6286=CARTESIAN_POINT('',(-8.816404369,3.335703477,49.390861988));
#6287=CARTESIAN_POINT('',(-9.511123812,3.335703477,52.123530465));
#6288=CARTESIAN_POINT('',(-9.596729932,3.335703477,53.895174244));
#6289=CARTESIAN_POINT('',(-9.31000016,3.335703477,55.403036374));
#6290=CARTESIAN_POINT('',(-8.776781221,3.335703477,56.663828591));
#6291=CARTESIAN_POINT('',(-8.203353426,3.335703477,57.481491127));
#6292=CARTESIAN_POINT('',(-7.855573705,3.335703477,57.884166431));
#6293=CARTESIAN_POINT('',(-2.64074498,3.336003426,24.9));
#6294=CARTESIAN_POINT('',(-2.830167141,3.336003426,25.048585226));
#6295=CARTESIAN_POINT('',(-3.169967168,3.336003426,25.34220659));
#6296=CARTESIAN_POINT('',(-3.571572869,3.336003426,25.772937094));
#6297=CARTESIAN_POINT('',(-3.874122782,3.336003426,26.194911784));
#6298=CARTESIAN_POINT('',(-4.086655458,3.336003426,26.609076388));
#6299=CARTESIAN_POINT('',(-4.247443669,3.336003426,27.106887798));
#6300=CARTESIAN_POINT('',(-4.298914729,3.336003426,27.683811528));
#6301=CARTESIAN_POINT('',(-4.200315851,3.336003426,28.337430479));
#6302=CARTESIAN_POINT('',(-3.83683882,3.336003426,29.430752817));
#6303=CARTESIAN_POINT('',(-2.982299256,3.336003426,30.922208467));
#6304=CARTESIAN_POINT('',(-2.306480174,3.336003426,33.154563965));
#6305=CARTESIAN_POINT('',(-2.167818634,3.336003426,35.695276587));
#6306=CARTESIAN_POINT('',(-2.625097608,3.336003426,38.572286693));
#6307=CARTESIAN_POINT('',(-3.463125197,3.336003426,41.243832963));
#6308=CARTESIAN_POINT('',(-4.448949765,3.336003426,43.672860873));
#6309=CARTESIAN_POINT('',(-5.776925925,3.336003426,46.560017575));
#6310=CARTESIAN_POINT('',(-7.056107722,3.336003426,49.390861988));
#6311=CARTESIAN_POINT('',(-7.750827164,3.336003426,52.123530465));
#6312=CARTESIAN_POINT('',(-7.836433284,3.336003426,53.895174244));
#6313=CARTESIAN_POINT('',(-7.549703512,3.336003426,55.403036374));
#6314=CARTESIAN_POINT('',(-7.016484573,3.336003426,56.663828591));
#6315=CARTESIAN_POINT('',(-6.443056779,3.336003426,57.481491127));
#6316=CARTESIAN_POINT('',(-6.095277057,3.336003426,57.884166431));
#6317=CARTESIAN_POINT('',(-2.64074498,5.096200114,24.9));
#6318=CARTESIAN_POINT('',(-2.830167141,5.096200114,25.048585226));
#6319=CARTESIAN_POINT('',(-3.169967168,5.096200114,25.34220659));
#6320=CARTESIAN_POINT('',(-3.571572869,5.096200114,25.772937094));
#6321=CARTESIAN_POINT('',(-3.874122782,5.096200114,26.194911784));
#6322=CARTESIAN_POINT('',(-4.086655458,5.096200114,26.609076388));
#6323=CARTESIAN_POINT('',(-4.247443669,5.096200114,27.106887798));
#6324=CARTESIAN_POINT('',(-4.298914729,5.096200114,27.683811528));
#6325=CARTESIAN_POINT('',(-4.200315851,5.096200114,28.337430479));
#6326=CARTESIAN_POINT('',(-3.83683882,5.096200114,29.430752817));
#6327=CARTESIAN_POINT('',(-2.982299256,5.096200114,30.922208467));
#6328=CARTESIAN_POINT('',(-2.306480174,5.096200114,33.154563965));
#6329=CARTESIAN_POINT('',(-2.167818634,5.096200114,35.695276587));
#6330=CARTESIAN_POINT('',(-2.625097608,5.096200114,38.572286693));
#6331=CARTESIAN_POINT('',(-3.463125197,5.096200114,41.243832963));
#6332=CARTESIAN_POINT('',(-4.448949765,5.096200114,43.672860873));
#6333=CARTESIAN_POINT('',(-5.776925925,5.096200114,46.560017575));
#6334=CARTESIAN_POINT('',(-7.056107722,5.096200114,49.390861988));
#6335=CARTESIAN_POINT('',(-7.750827164,5.096200114,52.123530465));
#6336=CARTESIAN_POINT('',(-7.836433284,5.096200114,53.895174244));
#6337=CARTESIAN_POINT('',(-7.549703512,5.096200114,55.403036374));
#6338=CARTESIAN_POINT('',(-7.016484573,5.096200114,56.663828591));
#6339=CARTESIAN_POINT('',(-6.443056779,5.096200114,57.481491127));
#6340=CARTESIAN_POINT('',(-6.095277057,5.096200114,57.884166431));
#6341=(BOUNDED_SURFACE()
B_SPLINE_SURFACE(3,3,((#6173,#6174,#6175,#6176,#6177,#6178,#6179,#6180,#6181,#6182,#6183,#6184,#6185,#6186,#6187,#6188,#6189,#6190,#6191,#6192,#6193,#6194,#6195,#6196),(#6197,#6198,#6199,#6200,#6201,#6202,#6203,#6204,#6205,#6206,#6207,#6208,#6209,#6210,#6211,#6212,#6213,#6214,#6215,#6216,#6217,#6218,#6219,#6220),(#6221,#6222,#6223,#6224,#6225,#6226,#6227,#6228,#6229,#6230,#6231,#6232,#6233,#6234,#6235,#6236,#6237,#6238,#6239,#6240,#6241,#6242,#6243,#6244),(#6245,#6246,#6247,#6248,#6249,#6250,#6251,#6252,#6253,#6254,#6255,#6256,#6257,#6258,#6259,#6260,#6261,#6262,#6263,#6264,#6265,#6266,#6267,#6268),(#6269,#6270,#6271,#6272,#6273,#6274,#6275,#6276,#6277,#6278,#6279,#6280,#6281,#6282,#6283,#6284,#6285,#6286,#6287,#6288,#6289,#6290,#6291,#6292),(#6293,#6294,#6295,#6296,#6297,#6298,#6299,#6300,#6301,#6302,#6303,#6304,#6305,#6306,#6307,#6308,#6309,#6310,#6311,#6312,#6313,#6314,#6315,#6316),(#6317,#6318,#6319,#6320,#6321,#6322,#6323,#6324,#6325,#6326,#6327,#6328,#6329,#6330,#6331,#6332,#6333,#6334,#6335,#6336,#6337,#6338,#6339,#6340)),.UNSPECIFIED.,.F.,.F.,.U.)
B_SPLINE_SURFACE_WITH_KNOTS((4,3,4),(4,1,1,1,1,1,1,1,1,1,1,1,1,1,1,1,1,1,1,1,1,4),(0.5,0.500028401,1.),(0.,0.0125,0.025,0.0375,0.05,0.0625,0.083333333,0.104166667,0.125,0.189122061,0.25,0.333333333,0.416666667,0.5,0.562219381,0.625,0.75,0.8125,0.875,0.916666667,0.958333333,1.),.UNSPECIFIED.)
GEOMETRIC_REPRESENTATION_ITEM()
RATIONAL_B_SPLINE_SURFACE(((1.,1.,1.,1.,1.,1.,1.,1.,1.,1.,1.,1.,1.,1.,1.,1.,1.,1.,1.,1.,1.,1.,1.,1.),(0.999962132,0.999962132,0.999962132,0.999962132,0.999962132,0.999962132,0.999962132,0.999962132,0.999962132,0.999962132,0.999962132,0.999962132,0.999962132,0.999962132,0.999962132,0.999962132,0.999962132,0.999962132,0.999962132,0.999962132,0.999962132,0.999962132,0.999962132,0.999962132),(0.999924266,0.999924266,0.999924266,0.999924266,0.999924266,0.999924266,0.999924266,0.999924266,0.999924266,0.999924266,0.999924266,0.999924266,0.999924266,0.999924266,0.999924266,0.999924266,0.999924266,0.999924266,0.999924266,0.999924266,0.999924266,0.999924266,0.999924266,0.999924266),(0.999886402,0.999886402,0.999886402,0.999886402,0.999886402,0.999886402,0.999886402,0.999886402,0.999886402,0.999886402,0.999886402,0.999886402,0.999886402,0.999886402,0.999886402,0.999886402,0.999886402,0.999886402,0.999886402,0.999886402,0.999886402,0.999886402,0.999886402,0.999886402),(0.333333335,0.333333335,0.333333335,0.333333335,0.333333335,0.333333335,0.333333335,0.333333335,0.333333335,0.333333335,0.333333335,0.333333335,0.333333335,0.333333335,0.333333335,0.333333335,0.333333335,0.333333335,0.333333335,0.333333335,0.333333335,0.333333335,0.333333335,0.333333335),(0.333371201,0.333371201,0.333371201,0.333371201,0.333371201,0.333371201,0.333371201,0.333371201,0.333371201,0.333371201,0.333371201,0.333371201,0.333371201,0.333371201,0.333371201,0.333371201,0.333371201,0.333371201,0.333371201,0.333371201,0.333371201,0.333371201,0.333371201,0.333371201),(1.,1.,1.,1.,1.,1.,1.,1.,1.,1.,1.,1.,1.,1.,1.,1.,1.,1.,1.,1.,1.,1.,1.,1.)))
REPRESENTATION_ITEM('')
SURFACE()
);
#6342=ORIENTED_EDGE('',*,*,#1006,.F.);
#6343=ORIENTED_EDGE('',*,*,#6168,.T.);
#6344=ORIENTED_EDGE('',*,*,#1124,.T.);
#6345=ORIENTED_EDGE('',*,*,#6150,.F.);
#6346=ORIENTED_EDGE('',*,*,#1087,.F.);
#6347=ORIENTED_EDGE('',*,*,#6118,.T.);
#6348=ORIENTED_EDGE('',*,*,#6067,.T.);
#6349=ORIENTED_EDGE('',*,*,#6129,.T.);
#6350=EDGE_LOOP('',(#6342,#6343,#6344,#6345,#6346,#6347,#6348,#6349));
#6351=FACE_BOUND('',#6350,.T.);
#6352=ADVANCED_FACE('NONE',(#6351),#6341,.T.);
#6353=OVER_RIDING_STYLED_ITEM('',(#1135),#6352,#854);
#6354=CARTESIAN_POINT('',(-5.55,3.4,32.75));
#6355=DIRECTION('',(-0.,1.,0.));
#6356=DIRECTION('',(-1.,-0.,0.));
#6357=AXIS2_PLACEMENT_3D('',#6354,#6355,#6356);
#6358=CYLINDRICAL_SURFACE('',#6357,0.25);
#6359=ORIENTED_EDGE('',*,*,#2406,.F.);
#6360=ORIENTED_EDGE('',*,*,#6020,.F.);
#6361=CARTESIAN_POINT('',(-5.55,4.7,32.75));
#6362=DIRECTION('',(-0.,1.,-0.));
#6363=DIRECTION('',(0.,0.,-1.));
#6364=AXIS2_PLACEMENT_3D('',#6361,#6362,#6363);
#6365=CIRCLE('',#6364,0.25);
#6366=EDGE_CURVE('NONE',#5878,#6007,#6365,.T.);
#6367=ORIENTED_EDGE('',*,*,#6366,.F.);
#6368=ORIENTED_EDGE('',*,*,#5883,.F.);
#6369=EDGE_LOOP('',(#6359,#6360,#6367,#6368));
#6370=FACE_BOUND('',#6369,.T.);
#6371=ADVANCED_FACE('NONE',(#6370),#6358,.T.);
#6372=CARTESIAN_POINT('',(0.,4.7,32.75));
#6373=DIRECTION('',(0.,0.,-1.));
#6374=DIRECTION('',(-1.,0.,0.));
#6375=AXIS2_PLACEMENT_3D('',#6372,#6373,#6374);
#6376=TOROIDAL_SURFACE('',#6375,5.55,0.25);
#6377=ORIENTED_EDGE('',*,*,#6366,.T.);
#6378=ORIENTED_EDGE('',*,*,#6107,.F.);
#6379=CARTESIAN_POINT('',(5.55,4.7,32.75));
#6380=DIRECTION('',(0.,-1.,0.));
#6381=DIRECTION('',(0.,0.,-1.));
#6382=AXIS2_PLACEMENT_3D('',#6379,#6380,#6381);
#6383=CIRCLE('',#6382,0.25);
#6384=EDGE_CURVE('NONE',#5869,#6079,#6383,.T.);
#6385=ORIENTED_EDGE('',*,*,#6384,.F.);
#6386=ORIENTED_EDGE('',*,*,#5890,.F.);
#6387=EDGE_LOOP('',(#6377,#6378,#6385,#6386));
#6388=FACE_BOUND('',#6387,.T.);
#6389=ADVANCED_FACE('NONE',(#6388),#6376,.T.);
#6390=CARTESIAN_POINT('',(5.55,3.4,32.75));
#6391=DIRECTION('',(0.,-1.,0.));
#6392=DIRECTION('',(0.,0.,-1.));
#6393=AXIS2_PLACEMENT_3D('',#6390,#6391,#6392);
#6394=CYLINDRICAL_SURFACE('',#6393,0.25);
#6395=ORIENTED_EDGE('',*,*,#2423,.F.);
#6396=ORIENTED_EDGE('',*,*,#5874,.F.);
#6397=ORIENTED_EDGE('',*,*,#6384,.T.);
#6398=ORIENTED_EDGE('',*,*,#6084,.F.);
#6399=EDGE_LOOP('',(#6395,#6396,#6397,#6398));
#6400=FACE_BOUND('',#6399,.T.);
#6401=ADVANCED_FACE('NONE',(#6400),#6394,.T.);
#6402=CARTESIAN_POINT('',(-6.75,4.7,32.75));
#6403=DIRECTION('',(0.,-1.,0.));
#6404=DIRECTION('',(0.,0.,-1.));
#6405=AXIS2_PLACEMENT_3D('',#6402,#6403,#6404);
#6406=CYLINDRICAL_SURFACE('',#6405,0.25);
#6407=ORIENTED_EDGE('',*,*,#5923,.F.);
#6408=ORIENTED_EDGE('',*,*,#5864,.F.);
#6409=CARTESIAN_POINT('',(-6.75,4.7,32.75));
#6410=DIRECTION('',(-0.,1.,-0.));
#6411=DIRECTION('',(0.,0.,-1.));
#6412=AXIS2_PLACEMENT_3D('',#6409,#6410,#6411);
#6413=CIRCLE('',#6412,0.25);
#6414=EDGE_CURVE('NONE',#5965,#5852,#6413,.T.);
#6415=ORIENTED_EDGE('',*,*,#6414,.F.);
#6416=ORIENTED_EDGE('',*,*,#5994,.F.);
#6417=EDGE_LOOP('',(#6407,#6408,#6415,#6416));
#6418=FACE_BOUND('',#6417,.T.);
#6419=ADVANCED_FACE('NONE',(#6418),#6406,.T.);
#6420=CARTESIAN_POINT('',(0.,4.7,32.75));
#6421=DIRECTION('',(0.,0.,-1.));
#6422=DIRECTION('',(-1.,0.,0.));
#6423=AXIS2_PLACEMENT_3D('',#6420,#6421,#6422);
#6424=TOROIDAL_SURFACE('',#6423,6.75,0.25);
#6425=ORIENTED_EDGE('',*,*,#6414,.T.);
#6426=ORIENTED_EDGE('',*,*,#5858,.F.);
#6427=CARTESIAN_POINT('',(6.75,4.7,32.75));
#6428=DIRECTION('',(-0.,-1.,-0.));
#6429=DIRECTION('',(-1.,0.,0.));
#6430=AXIS2_PLACEMENT_3D('',#6427,#6428,#6429);
#6431=CIRCLE('',#6430,0.25);
#6432=EDGE_CURVE('NONE',#5941,#5844,#6431,.T.);
#6433=ORIENTED_EDGE('',*,*,#6432,.F.);
#6434=ORIENTED_EDGE('',*,*,#5977,.F.);
#6435=EDGE_LOOP('',(#6425,#6426,#6433,#6434));
#6436=FACE_BOUND('',#6435,.T.);
#6437=ADVANCED_FACE('NONE',(#6436),#6424,.T.);
#6438=CARTESIAN_POINT('',(6.75,4.7,32.75));
#6439=DIRECTION('',(0.,1.,0.));
#6440=DIRECTION('',(-1.,0.,0.));
#6441=AXIS2_PLACEMENT_3D('',#6438,#6439,#6440);
#6442=CYLINDRICAL_SURFACE('',#6441,0.25);
#6443=ORIENTED_EDGE('',*,*,#5913,.F.);
#6444=ORIENTED_EDGE('',*,*,#5952,.F.);
#6445=ORIENTED_EDGE('',*,*,#6432,.T.);
#6446=ORIENTED_EDGE('',*,*,#5849,.F.);
#6447=EDGE_LOOP('',(#6443,#6444,#6445,#6446));
#6448=FACE_BOUND('',#6447,.T.);
#6449=ADVANCED_FACE('NONE',(#6448),#6442,.T.);
#6450=CLOSED_SHELL('',(#888,#1128,#1178,#1220,#1253,#1286,#1319,#1352,#1385,#1418,#1451,#1484,#1517,#1550,#1575,#1666,#1745,#1977,#2002,#2042,#2067,#2292,#2376,#2448,#2648,#3089,
#3107,#3131,#3155,#3179,#3203,#3227,#3427,#3445,#3469,#3493,#3517,#3541,#3565,#3587,#3623,#3659,#3677,#3699,#3735,#3771,#3789,#3811,#3847,#3883,#3901,
#3923,#3959,#3995,#4013,#4035,#4071,#4107,#4125,#4147,#4183,#4219,#4237,#4259,#4295,#4331,#4349,#4371,#4407,#4443,#4461,#4483,#4519,#4555,#4573,#4595,
#4631,#4667,#4685,#4707,#4743,#4768,#4790,#4847,#4883,#4901,#4943,#5030,#5062,#5149,#5181,#5199,#5225,#5250,#5274,#5286,#5318,#5350,#5367,#5396,#5407,
#5418,#5444,#5461,#5486,#5504,#5665,#5683,#5695,#5707,#5719,#5731,#5743,#5755,#5767,#5779,#5791,#5803,#5815,#5827,#5894,#5934,#5958,#5983,#6000,#6071,
#6095,#6135,#6154,#6172,#6352,#6371,#6389,#6401,#6419,#6437,#6449));
#6451=MANIFOLD_SOLID_BREP('Fillet7',#6450);
#6452=DRAUGHTING_PRE_DEFINED_COLOUR('white');
#6453=FILL_AREA_STYLE_COLOUR('',#6452);
#6454=FILL_AREA_STYLE('',(#6453));
#6455=SURFACE_STYLE_FILL_AREA(#6454);
#6456=SURFACE_SIDE_STYLE('',(#6455));
#6457=SURFACE_STYLE_USAGE(.BOTH.,#6456);
#6458=PRESENTATION_STYLE_ASSIGNMENT((#6457));
#854=STYLED_ITEM('',(#6458),#6451);
#35=SHAPE_REPRESENTATION('temp_import.STEP',(#15),#33);
#36=ADVANCED_BREP_SHAPE_REPRESENTATION('temp_import.STEP',(#446,#846,#6451),#33);
#6466=SHAPE_REPRESENTATION_RELATIONSHIP('','',#35,#36);
#6467=APPLICATION_CONTEXT('data for automotive mechanical design processes');
#6468=APPLICATION_PROTOCOL_DEFINITION('international standard','automotive_design',1994,#6467);
#6469=PRODUCT_CONTEXT('',#6467,'mechanical');
#6470=PRODUCT_DEFINITION_CONTEXT('part definition',#6467,'design');
#43=PRODUCT('temp_import.STEP','temp_import.STEP','',(#6469));
#6471=PRODUCT_RELATED_PRODUCT_CATEGORY('part','',(#43));
#6472=PRODUCT_DEFINITION_FORMATION_WITH_SPECIFIED_SOURCE('','',#43,.NOT_KNOWN.);
#44=PRODUCT_DEFINITION('design','',#6472,#6470);
#42=PRODUCT_DEFINITION_SHAPE('','',#44);
#6473=SHAPE_DEFINITION_REPRESENTATION(#42,#35);
#34=DRAUGHTING_MODEL('',(),#33);
#16=SHAPE_REPRESENTATION('root',(#15,#48),#10);
#24=PRODUCT('root','root','',(#6469));
#6474=PRODUCT_RELATED_PRODUCT_CATEGORY('part','',(#24));
#6475=PRODUCT_DEFINITION_FORMATION_WITH_SPECIFIED_SOURCE('','',#24,.NOT_KNOWN.);
#25=PRODUCT_DEFINITION('design','',#6475,#6470);
#23=PRODUCT_DEFINITION_SHAPE('','',#25);
#6476=SHAPE_DEFINITION_REPRESENTATION(#23,#16);
#11=DRAUGHTING_MODEL('',(),#10);
#1=MECHANICAL_DESIGN_GEOMETRIC_PRESENTATION_REPRESENTATION('',(#54,#454,#1136,#6155,#6353,#854),#10);
ENDSEC;
END-ISO-10303-21;
