ISO-10303-21;
HEADER;
FILE_DESCRIPTION (( 'STEP AP214' ),
    '1' );
FILE_NAME ('AS312.STEP',
    '2026-04-15T12:01:30',
    ( '' ),
    ( '' ),
    'SwSTEP 2.0',
    'SolidWorks 2025',
    '' );
FILE_SCHEMA (( 'AUTOMOTIVE_DESIGN' ));
ENDSEC;

DATA;
#1 = FILL_AREA_STYLE_COLOUR ( '', #1902 ) ;
#2 = DIRECTION ( 'NONE',  ( 0.000000000000000000, -0.000000000000000000, -1.000000000000000000 ) ) ;
#3 = CARTESIAN_POINT ( 'NONE',  ( 0.4218259581415643167, 2.446977413731318496, 4.087501645043222886 ) ) ;
#4 = CARTESIAN_POINT ( 'NONE',  ( 1.647138686119720363, 2.551857133018916812, 3.764642729459978021 ) ) ;
#5 = FACE_OUTER_BOUND ( 'NONE', #760, .T. ) ;
#6 = PLANE ( 'NONE',  #1312 ) ;
#7 = VECTOR ( 'NONE', #1204, 1000.000000000000000 ) ;
#8 = DIRECTION ( 'NONE',  ( 1.000000000000000000, 0.000000000000000000, -2.044391222244499344E-16 ) ) ;
#9 = ORIENTED_EDGE ( 'NONE', *, *, #650, .F. ) ;
#10 = ADVANCED_FACE ( 'NONE', ( #842 ), #523, .T. ) ;
#11 = DIRECTION ( 'NONE',  ( 0.000000000000000000, 0.000000000000000000, 1.000000000000000000 ) ) ;
#12 = LINE ( 'NONE', #827, #1527 ) ;
#13 =( LENGTH_UNIT ( ) NAMED_UNIT ( * ) SI_UNIT ( .MILLI., .METRE. ) );
#14 = STYLED_ITEM ( 'NONE', ( #2035 ), #1172 ) ;
#15 = FILL_AREA_STYLE ('',( #1466 ) ) ;
#16 = LINE ( 'NONE', #1089, #2038 ) ;
#17 = ORIENTED_EDGE ( 'NONE', *, *, #749, .T. ) ;
#18 = SURFACE_STYLE_USAGE ( .BOTH. , #992 ) ;
#19 = B_SPLINE_CURVE_WITH_KNOTS ( 'NONE', 3,
 ( #1035, #1190, #1702, #1534 ),
 .UNSPECIFIED., .F., .F.,
 ( 4, 4 ),
 ( 0.000000000000000000, 1.000000000000000000 ),
 .UNSPECIFIED. ) ;
#20 = CARTESIAN_POINT ( 'NONE',  ( -2.077172007274217247, 4.350000000000001421, -0.6426810443842939646 ) ) ;
#21 = ORIENTED_EDGE ( 'NONE', *, *, #1067, .F. ) ;
#22 = EDGE_LOOP ( 'NONE', ( #1036, #467, #153, #1275, #549, #93, #2090, #1668 ) ) ;
#23 = DIRECTION ( 'NONE',  ( -0.000000000000000000, -0.000000000000000000, 1.000000000000000000 ) ) ;
#24 = CARTESIAN_POINT ( 'NONE',  ( -2.051477497064427169, 4.347129804925397245, -0.004279785738879382517 ) ) ;
#25 = ADVANCED_FACE ( 'NONE', ( #1136, #830 ), #191, .F. ) ;
#26 = CARTESIAN_POINT ( 'NONE',  ( 2.035011309898284271, 2.551854509185850439, 3.584377203049175620 ) ) ;
#27 = DIRECTION ( 'NONE',  ( 0.000000000000000000, 0.000000000000000000, 1.000000000000000000 ) ) ;
#28 = CARTESIAN_POINT ( 'NONE',  ( -2.372362151122544116, 2.551883371091195674, 3.328596411991277648 ) ) ;
#29 = DIRECTION ( 'NONE',  ( 0.000000000000000000, 0.000000000000000000, -1.000000000000000000 ) ) ;
#30 = CIRCLE ( 'NONE', #564, 0.4135219455025059831 ) ;
#31 = ADVANCED_FACE ( 'NONE', ( #178 ), #1498, .T. ) ;
#32 = CARTESIAN_POINT ( 'NONE',  ( -1.944543648263005631, 4.187500000000000000, 0.1767766952966368377 ) ) ;
#33 = ORIENTED_EDGE ( 'NONE', *, *, #1131, .T. ) ;
#34 = EDGE_CURVE ( 'NONE', #1543, #56, #1825, .T. ) ;
#35 = VERTEX_POINT ( 'NONE', #683 ) ;
#36 = MECHANICAL_DESIGN_GEOMETRIC_PRESENTATION_REPRESENTATION (  '', ( #1212 ), #174 ) ;
#37 = LINE ( 'NONE', #958, #1323 ) ;
#38 = EDGE_CURVE ( 'NONE', #835, #1537, #804, .T. ) ;
#39 = ORIENTED_EDGE ( 'NONE', *, *, #469, .T. ) ;
#40 = PRESENTATION_STYLE_ASSIGNMENT (( #544 ) ) ;
#41 = EDGE_CURVE ( 'NONE', #1084, #233, #1970, .T. ) ;
#42 = CARTESIAN_POINT ( 'NONE',  ( -0.5815700683444909869, 4.350000000000000533, -2.095670122081833231 ) ) ;
#43 = VECTOR ( 'NONE', #725, 1000.000000000000000 ) ;
#44 = EDGE_LOOP ( 'NONE', ( #1283, #637, #495, #696 ) ) ;
#45 = ORIENTED_EDGE ( 'NONE', *, *, #1512, .T. ) ;
#46 = AXIS2_PLACEMENT_3D ( 'NONE', #1153, #1982, #1301 ) ;
#47 = ORIENTED_EDGE ( 'NONE', *, *, #1104, .F. ) ;
#48 = LINE ( 'NONE', #666, #945 ) ;
#49 = B_SPLINE_CURVE_WITH_KNOTS ( 'NONE', 3,
 ( #1157, #883, #1860, #1888, #423, #394 ),
 .UNSPECIFIED., .F., .F.,
 ( 4, 2, 4 ),
 ( 0.000000000000000000, 0.2500024619864982811, 0.5000049239729965622 ),
 .UNSPECIFIED. ) ;
#50 = FILL_AREA_STYLE_COLOUR ( '', #1475 ) ;
#51 = TOROIDAL_SURFACE ( 'NONE', #905, 0.4135219455025061497, 0.1499999999999999944 ) ;
#52 = CARTESIAN_POINT ( 'NONE',  ( 1.946788199335634184, 4.218280401510773103, -0.1497461523945772532 ) ) ;
#53 = SURFACE_STYLE_FILL_AREA ( #1666 ) ;
#54 =( GEOMETRIC_REPRESENTATION_CONTEXT ( 3 ) GLOBAL_UNCERTAINTY_ASSIGNED_CONTEXT ( ( #1082 ) ) GLOBAL_UNIT_ASSIGNED_CONTEXT ( ( #1395, #763, #1053 ) ) REPRESENTATION_CONTEXT ( 'NONE', 'WORKASPACE' ) );
#55 = CARTESIAN_POINT ( 'NONE',  ( -0.8838834764831848823, 4.187500000000000000, -1.944543648263005853 ) ) ;
#56 = VERTEX_POINT ( 'NONE', #1623 ) ;
#57 = ORIENTED_EDGE ( 'NONE', *, *, #1391, .F. ) ;
#58 = ADVANCED_FACE ( 'NONE', ( #1336 ), #1325, .F. ) ;
#59 = DIRECTION ( 'NONE',  ( 0.000000000000000000, 1.000000000000000000, 0.000000000000000000 ) ) ;
#60 = FACE_OUTER_BOUND ( 'NONE', #1272, .T. ) ;
#61 = UNCERTAINTY_MEASURE_WITH_UNIT (LENGTH_MEASURE( 1.000000000000000082E-05 ), #296, 'distance_accuracy_value', 'NONE');
#62 = CYLINDRICAL_SURFACE ( 'NONE', #1800, 0.2250000000000000888 ) ;
#63 = DIRECTION ( 'NONE',  ( 0.000000000000000000, 0.000000000000000000, -1.000000000000000000 ) ) ;
#64 = AXIS2_PLACEMENT_3D ( 'NONE', #1295, #493, #363 ) ;
#65 = ORIENTED_EDGE ( 'NONE', *, *, #247, .T. ) ;
#66 =( NAMED_UNIT ( * ) PLANE_ANGLE_UNIT ( ) SI_UNIT ( $, .RADIAN. ) );
#67 = VERTEX_POINT ( 'NONE', #1068 ) ;
#68 = CARTESIAN_POINT ( 'NONE',  ( -0.1679213350491230161, 4.250175437101766818, 1.950704417275658020 ) ) ;
#69 = AXIS2_PLACEMENT_3D ( 'NONE', #1867, #1027, #2043 ) ;
#70 = FACE_OUTER_BOUND ( 'NONE', #326, .T. ) ;
#71 = CARTESIAN_POINT ( 'NONE',  ( 1.944543648263004076, 4.187500000000000000, 0.8838834764831845492 ) ) ;
#72 = CARTESIAN_POINT ( 'NONE',  ( -1.945291899229842025, 4.206094015088982729, -0.8828132992114463562 ) ) ;
#73 = VERTEX_POINT ( 'NONE', #952 ) ;
#74 = DIRECTION ( 'NONE',  ( -1.000000000000000000, 0.000000000000000000, 0.000000000000000000 ) ) ;
#75 = AXIS2_PLACEMENT_3D ( 'NONE', #2103, #319, #1614 ) ;
#76 = VERTEX_POINT ( 'NONE', #1083 ) ;
#77 = FILL_AREA_STYLE ('',( #559 ) ) ;
#78 = EDGE_CURVE ( 'NONE', #309, #912, #1434, .T. ) ;
#79 = DIRECTION ( 'NONE',  ( 0.000000000000000000, 0.000000000000000000, -1.000000000000000000 ) ) ;
#80 = CARTESIAN_POINT ( 'NONE',  ( 0.000000000000000000, 4.200000000000000178, 0.000000000000000000 ) ) ;
#81 = FACE_BOUND ( 'NONE', #496, .T. ) ;
#82 = AXIS2_PLACEMENT_3D ( 'NONE', #936, #581, #1890 ) ;
#83 = ORIENTED_EDGE ( 'NONE', *, *, #840, .F. ) ;
#84 = CARTESIAN_POINT ( 'NONE',  ( 0.000000000000000000, 0.6500000000000000222, 0.000000000000000000 ) ) ;
#85 = ORIENTED_EDGE ( 'NONE', *, *, #972, .F. ) ;
#86 = CARTESIAN_POINT ( 'NONE',  ( -1.944543648263005631, 4.187500000000000000, 0.1767766952966368377 ) ) ;
#87 = CARTESIAN_POINT ( 'NONE',  ( -0.8817399781047460250, 4.212187487137435404, -1.946040083519685826 ) ) ;
#88 = EDGE_CURVE ( 'NONE', #994, #497, #176, .T. ) ;
#89 = LINE ( 'NONE', #695, #588 ) ;
#90 = ORIENTED_EDGE ( 'NONE', *, *, #215, .F. ) ;
#91 = APPLICATION_CONTEXT ( 'automotive_design' ) ;
#92 = LINE ( 'NONE', #574, #1162 ) ;
#93 = ORIENTED_EDGE ( 'NONE', *, *, #689, .T. ) ;
#94 = AXIS2_PLACEMENT_3D ( 'NONE', #925, #1409, #1585 ) ;
#95 = DIRECTION ( 'NONE',  ( -1.000000000000000000, 0.000000000000000000, 2.044391222244498111E-16 ) ) ;
#96 = DIRECTION ( 'NONE',  ( -0.7071067811865475727, 0.000000000000000000, 0.7071067811865475727 ) ) ;
#97 =( GEOMETRIC_REPRESENTATION_CONTEXT ( 3 ) GLOBAL_UNCERTAINTY_ASSIGNED_CONTEXT ( ( #378 ) ) GLOBAL_UNIT_ASSIGNED_CONTEXT ( ( #159, #1964, #1468 ) ) REPRESENTATION_CONTEXT ( 'NONE', 'WORKASPACE' ) );
#98 = DIRECTION ( 'NONE',  ( 0.000000000000000000, 1.000000000000000000, -0.000000000000000000 ) ) ;
#99 = EDGE_CURVE ( 'NONE', #35, #1725, #1248, .T. ) ;
#100 = DIRECTION ( 'NONE',  ( 0.000000000000000000, -0.000000000000000000, 1.000000000000000000 ) ) ;
#101 = EDGE_LOOP ( 'NONE', ( #940, #1184, #1958, #468 ) ) ;
#102 = LINE ( 'NONE', #114, #997 ) ;
#103 = EDGE_CURVE ( 'NONE', #994, #1571, #1741, .T. ) ;
#104 = ADVANCED_FACE ( 'NONE', ( #130, #759, #911 ), #279, .F. ) ;
#105 = ORIENTED_EDGE ( 'NONE', *, *, #817, .F. ) ;
#106 = CARTESIAN_POINT ( 'NONE',  ( 0.1767766952966361438, 4.187500000000000000, -1.944543648263005853 ) ) ;
#107 = VECTOR ( 'NONE', #494, 1000.000000000000000 ) ;
#108 = EDGE_LOOP ( 'NONE', ( #1106, #1566, #1665, #1250 ) ) ;
#109 = CONICAL_SURFACE ( 'NONE', #1705, 0.5646484193213333613, 0.1221730476396030995 ) ;
#110 = CYLINDRICAL_SURFACE ( 'NONE', #1461, 4.099999999999999645 ) ;
#111 = FACE_OUTER_BOUND ( 'NONE', #345, .T. ) ;
#112 = CARTESIAN_POINT ( 'NONE',  ( 0.1767766952966361438, 4.187500000000000000, -1.944543648263005853 ) ) ;
#113 = ORIENTED_EDGE ( 'NONE', *, *, #702, .T. ) ;
#114 = CARTESIAN_POINT ( 'NONE',  ( -0.3535533905932704557, 4.187500000000000000, -0.3535533905932697896 ) ) ;
#115 = CARTESIAN_POINT ( 'NONE',  ( -0.5815700683444909869, 4.350000000000000533, -2.095670122081833231 ) ) ;
#116 = ORIENTED_EDGE ( 'NONE', *, *, #511, .F. ) ;
#117 = VECTOR ( 'NONE', #1715, 999.9999999999998863 ) ;
#118 = DIRECTION ( 'NONE',  ( 0.000000000000000000, -1.000000000000000000, 0.000000000000000000 ) ) ;
#119 =( GEOMETRIC_REPRESENTATION_CONTEXT ( 3 ) GLOBAL_UNCERTAINTY_ASSIGNED_CONTEXT ( ( #1173 ) ) GLOBAL_UNIT_ASSIGNED_CONTEXT ( ( #1479, #1156, #988 ) ) REPRESENTATION_CONTEXT ( 'NONE', 'WORKASPACE' ) );
#120 = EDGE_CURVE ( 'NONE', #141, #931, #1094, .T. ) ;
#121 = PLANE ( 'NONE',  #646 ) ;
#122 = EDGE_CURVE ( 'NONE', #807, #410, #1863, .T. ) ;
#123 = B_SPLINE_CURVE_WITH_KNOTS ( 'NONE', 3,
 ( #1463, #1822, #1829, #1972, #512, #1790 ),
 .UNSPECIFIED., .F., .F.,
 ( 4, 2, 4 ),
 ( 0.4999968510728522997, 0.7499984255364262609, 1.000000000000000000 ),
 .UNSPECIFIED. ) ;
#124 = DIRECTION ( 'NONE',  ( -0.7071067811865474617, 0.000000000000000000, -0.7071067811865475727 ) ) ;
#125 = EDGE_CURVE ( 'NONE', #1543, #912, #1756, .T. ) ;
#126 = CARTESIAN_POINT ( 'NONE',  ( -1.647184598944077871, 2.551878123476740257, 3.764622640954801813 ) ) ;
#127 = AXIS2_PLACEMENT_3D ( 'NONE', #1364, #222, #257 ) ;
#128 = VERTEX_POINT ( 'NONE', #307 ) ;
#129 = CARTESIAN_POINT ( 'NONE',  ( 2.095670122081834563, 4.350000000000000533, 0.8568529335811218006 ) ) ;
#130 = FACE_BOUND ( 'NONE', #101, .T. ) ;
#131 = ORIENTED_EDGE ( 'NONE', *, *, #272, .F. ) ;
#132 = VERTEX_POINT ( 'NONE', #1446 ) ;
#133 = AXIS2_PLACEMENT_3D ( 'NONE', #505, #805, #1637 ) ;
#134 = CARTESIAN_POINT ( 'NONE',  ( 2.095670122081833231, 4.350000000000000533, 0.1255367128420556699 ) ) ;
#135 = CARTESIAN_POINT ( 'NONE',  ( -1.652240529996294782, 2.446990629537697526, 3.776127893122905199 ) ) ;
#136 = CARTESIAN_POINT ( 'NONE',  ( 1.750693609722694166, 4.218280401510773103, 0.3535533905932727317 ) ) ;
#137 = CARTESIAN_POINT ( 'NONE',  ( 2.095670122081833675, 4.200000000000000178, 0.3535533905932721765 ) ) ;
#138 = VERTEX_POINT ( 'NONE', #639 ) ;
#139 = CARTESIAN_POINT ( 'NONE',  ( 0.000000000000000000, 4.200000000000000178, 3.599999999999999645 ) ) ;
#140 = CARTESIAN_POINT ( 'NONE',  ( 0.000000000000000000, 4.187500000000000000, 0.000000000000000000 ) ) ;
#141 = VERTEX_POINT ( 'NONE', #115 ) ;
#142 = FILL_AREA_STYLE ('',( #1 ) ) ;
#143 = CARTESIAN_POINT ( 'NONE',  ( -2.095670122081833231, 4.350000000000000533, -0.5815700683444917640 ) ) ;
#144 = DIRECTION ( 'NONE',  ( 0.000000000000000000, -1.000000000000000000, 0.000000000000000000 ) ) ;
#145 = AXIS2_PLACEMENT_3D ( 'NONE', #1164, #325, #1959 ) ;
#146 = CARTESIAN_POINT ( 'NONE',  ( -2.372362151122545892, 2.551883371091195674, 3.328596411991277204 ) ) ;
#147 = DIRECTION ( 'NONE',  ( -0.000000000000000000, -1.000000000000000000, -0.000000000000000000 ) ) ;
#148 = DIRECTION ( 'NONE',  ( 0.000000000000000000, -1.000000000000000000, 0.000000000000000000 ) ) ;
#149 = ORIENTED_EDGE ( 'NONE', *, *, #1911, .T. ) ;
#150 = CARTESIAN_POINT ( 'NONE',  ( 2.028819534273291758, 2.446966841270965531, 3.573446937056881101 ) ) ;
#151 = DIRECTION ( 'NONE',  ( 0.000000000000000000, 0.000000000000000000, -1.000000000000000000 ) ) ;
#152 = ADVANCED_FACE ( 'NONE', ( #939 ), #1787, .T. ) ;
#153 = ORIENTED_EDGE ( 'NONE', *, *, #817, .T. ) ;
#154 = ORIENTED_EDGE ( 'NONE', *, *, #1146, .F. ) ;
#155 = FACE_OUTER_BOUND ( 'NONE', #1884, .T. ) ;
#156 = CIRCLE ( 'NONE', #218, 0.5624038682487040308 ) ;
#157 = LINE ( 'NONE', #1113, #698 ) ;
#158 = DIRECTION ( 'NONE',  ( -0.000000000000000000, -1.000000000000000000, -0.000000000000000000 ) ) ;
#159 =( LENGTH_UNIT ( ) NAMED_UNIT ( * ) SI_UNIT ( .MILLI., .METRE. ) );
#160 = ORIENTED_EDGE ( 'NONE', *, *, #557, .F. ) ;
#161 = CARTESIAN_POINT ( 'NONE',  ( 0.7071067811865470176, 4.187500000000000000, -0.7071067811865481278 ) ) ;
#162 = VECTOR ( 'NONE', #1718, 1000.000000000000000 ) ;
#163 = VERTEX_POINT ( 'NONE', #784 ) ;
#164 = VERTEX_POINT ( 'NONE', #626 ) ;
#165 = CARTESIAN_POINT ( 'NONE',  ( 2.540000000000000036, 0.000000000000000000, 0.2250000000000000888 ) ) ;
#166 = CARTESIAN_POINT ( 'NONE',  ( 0.000000000000000000, -13.50000000000000000, -2.540000000000000036 ) ) ;
#167 = DIRECTION ( 'NONE',  ( 2.044391222244499344E-16, 0.000000000000000000, -1.000000000000000000 ) ) ;
#168 = DIRECTION ( 'NONE',  ( -0.7071067811865461294, 0.000000000000000000, 0.7071067811865489050 ) ) ;
#169 = DIRECTION ( 'NONE',  ( 0.000000000000000000, -1.000000000000000000, 0.000000000000000000 ) ) ;
#170 = EDGE_CURVE ( 'NONE', #612, #887, #380, .T. ) ;
#171 = CARTESIAN_POINT ( 'NONE',  ( -0.6430168373239004698, 4.350000000000001421, -2.077070363727465452 ) ) ;
#172 = VERTEX_POINT ( 'NONE', #1167 ) ;
#173 = ORIENTED_EDGE ( 'NONE', *, *, #1470, .F. ) ;
#174 =( GEOMETRIC_REPRESENTATION_CONTEXT ( 3 ) GLOBAL_UNCERTAINTY_ASSIGNED_CONTEXT ( ( #1676 ) ) GLOBAL_UNIT_ASSIGNED_CONTEXT ( ( #819, #66, #1854 ) ) REPRESENTATION_CONTEXT ( 'NONE', 'WORKASPACE' ) );
#175 = CARTESIAN_POINT ( 'NONE',  ( 2.379576363609810841, 2.551851885404448073, 3.338804625872784815 ) ) ;
#176 = CIRCLE ( 'NONE', #75, 0.2249999999999999500 ) ;
#177 = CARTESIAN_POINT ( 'NONE',  ( 1.964052570840388867, 4.275489247616607535, 0.8557092887949705462 ) ) ;
#178 = FACE_OUTER_BOUND ( 'NONE', #108, .T. ) ;
#179 = CARTESIAN_POINT ( 'NONE',  ( 5.021051876504147385E-16, 4.200000000000000178, 4.099999999999999645 ) ) ;
#180 = CARTESIAN_POINT ( 'NONE',  ( -0.8806634577953155185, 4.218280401510225097, -1.946788199335567571 ) ) ;
#181 = ORIENTED_EDGE ( 'NONE', *, *, #1657, .F. ) ;
#182 = EDGE_LOOP ( 'NONE', ( #633, #737 ) ) ;
#183 = EDGE_CURVE ( 'NONE', #1900, #76, #993, .T. ) ;
#184 = CARTESIAN_POINT ( 'NONE',  ( -1.944543648263005853, 4.187500000000000000, -0.8838834764831847712 ) ) ;
#185 = CIRCLE ( 'NONE', #82, 4.099999999999999645 ) ;
#186 = CARTESIAN_POINT ( 'NONE',  ( -0.8436351716935893696, 2.446985343215145825, 4.021677079810689115 ) ) ;
#187 = PRESENTATION_STYLE_ASSIGNMENT (( #1993 ) ) ;
#188 = EDGE_CURVE ( 'NONE', #1511, #1952, #1658, .T. ) ;
#189 = CARTESIAN_POINT ( 'NONE',  ( -2.372362151122544116, 2.551883371091195674, 3.328596411991277648 ) ) ;
#190 = EDGE_CURVE ( 'NONE', #1138, #392, #209, .T. ) ;
#191 = PLANE ( 'NONE',  #641 ) ;
#192 = DIRECTION ( 'NONE',  ( 0.000000000000000000, 0.000000000000000000, 1.000000000000000000 ) ) ;
#193 = EDGE_CURVE ( 'NONE', #1047, #1006, #1785, .T. ) ;
#194 = ORIENTED_EDGE ( 'NONE', *, *, #1918, .F. ) ;
#195 = ORIENTED_EDGE ( 'NONE', *, *, #34, .T. ) ;
#196 = CARTESIAN_POINT ( 'NONE',  ( -2.372362151122544116, 2.551883371091195674, 3.328596411991277648 ) ) ;
#197 = SURFACE_SIDE_STYLE ('',( #1644 ) ) ;
#198 = DIRECTION ( 'NONE',  ( 0.000000000000000000, -1.000000000000000000, 0.000000000000000000 ) ) ;
#199 = CARTESIAN_POINT ( 'NONE',  ( -2.540000000000000036, 0.000000000000000000, 0.000000000000000000 ) ) ;
#200 = CARTESIAN_POINT ( 'NONE',  ( -2.008045074616072512, 4.322869458427443412, -0.7844347062948492377 ) ) ;
#201 = ORIENTED_EDGE ( 'NONE', *, *, #1017, .F. ) ;
#202 = B_SPLINE_CURVE_WITH_KNOTS ( 'NONE', 3,
 ( #42, #171, #1459, #663, #651, #1137, #1650, #180 ),
 .UNSPECIFIED., .F., .F.,
 ( 4, 2, 2, 4 ),
 ( -3.298698135720693300E-06, 0.0001893016036880164690, 0.0002856017545998846587, 0.0003819019055117527941 ),
 .UNSPECIFIED. ) ;
#203 = VECTOR ( 'NONE', #212, 1000.000000000000000 ) ;
#204 = VERTEX_POINT ( 'NONE', #55 ) ;
#205 = DIRECTION ( 'NONE',  ( -1.000000000000000000, -2.296894360783942764E-35, -2.044391222244499344E-16 ) ) ;
#206 = SHAPE_DEFINITION_REPRESENTATION ( #910, #527 ) ;
#207 = FACE_OUTER_BOUND ( 'NONE', #1671, .T. ) ;
#208 = EDGE_LOOP ( 'NONE', ( #1891, #1513, #785, #113 ) ) ;
#209 = LINE ( 'NONE', #1809, #1954 ) ;
#210 = AXIS2_PLACEMENT_3D ( 'NONE', #1122, #1797, #333 ) ;
#211 = EDGE_LOOP ( 'NONE', ( #1015, #1703, #1874, #729 ) ) ;
#212 = DIRECTION ( 'NONE',  ( -0.000000000000000000, 1.000000000000000000, -0.000000000000000000 ) ) ;
#213 = ORIENTED_EDGE ( 'NONE', *, *, #235, .T. ) ;
#214 = VECTOR ( 'NONE', #23, 1000.000000000000000 ) ;
#215 = EDGE_CURVE ( 'NONE', #1571, #1274, #2047, .T. ) ;
#216 = DIRECTION ( 'NONE',  ( -0.000000000000000000, 1.000000000000000000, -0.000000000000000000 ) ) ;
#217 = DIRECTION ( 'NONE',  ( 0.000000000000000000, 0.000000000000000000, -1.000000000000000000 ) ) ;
#218 = AXIS2_PLACEMENT_3D ( 'NONE', #1390, #1733, #578 ) ;
#219 =( LENGTH_UNIT ( ) NAMED_UNIT ( * ) SI_UNIT ( .MILLI., .METRE. ) );
#220 = DIRECTION ( 'NONE',  ( 0.000000000000000000, 0.000000000000000000, -1.000000000000000000 ) ) ;
#221 = AXIS2_PLACEMENT_3D ( 'NONE', #1132, #144, #777 ) ;
#222 = DIRECTION ( 'NONE',  ( -0.000000000000000000, -1.000000000000000000, -0.000000000000000000 ) ) ;
#223 = ORIENTED_EDGE ( 'NONE', *, *, #1987, .F. ) ;
#224 = ORIENTED_EDGE ( 'NONE', *, *, #769, .T. ) ;
#225 = LINE ( 'NONE', #1214, #117 ) ;
#226 = CARTESIAN_POINT ( 'NONE',  ( 3.570889244992073053, 0.6500000000000000222, 3.924442635585331907 ) ) ;
#227 = UNCERTAINTY_MEASURE_WITH_UNIT (LENGTH_MEASURE( 1.000000000000000082E-05 ), #1903, 'distance_accuracy_value', 'NONE');
#228 = DIRECTION ( 'NONE',  ( -0.7071067811865474617, -0.000000000000000000, 0.7071067811865475727 ) ) ;
#229 = FILL_AREA_STYLE_COLOUR ( '', #1688 ) ;
#230 = PRESENTATION_LAYER_ASSIGNMENT (  '', '', ( #1660 ) ) ;
#231 = ORIENTED_EDGE ( 'NONE', *, *, #1014, .F. ) ;
#232 = ADVANCED_FACE ( 'NONE', ( #1827 ), #1489, .T. ) ;
#233 = VERTEX_POINT ( 'NONE', #1956 ) ;
#234 = CARTESIAN_POINT ( 'NONE',  ( 0.3535533905932771725, 4.350000000000000533, 2.095670122081832787 ) ) ;
#235 = EDGE_CURVE ( 'NONE', #1182, #399, #1147, .T. ) ;
#236 = PRODUCT_CONTEXT ( 'NONE', #1383, 'mechanical' ) ;
#237 = CARTESIAN_POINT ( 'NONE',  ( 3.487721805357848037, 0.6500000000000000222, 2.922036380408599587 ) ) ;
#238 = CARTESIAN_POINT ( 'NONE',  ( -2.540000000000000036, -13.50000000000000000, 0.000000000000000000 ) ) ;
#239 = CARTESIAN_POINT ( 'NONE',  ( -1.944543648263005853, 4.200000000000000178, -0.8838834764831852153 ) ) ;
#240 = VERTEX_POINT ( 'NONE', #1968 ) ;
#241 = AXIS2_PLACEMENT_3D ( 'NONE', #407, #1351, #1540 ) ;
#242 = ORIENTED_EDGE ( 'NONE', *, *, #506, .F. ) ;
#243 = SURFACE_STYLE_USAGE ( .BOTH. , #1515 ) ;
#244 = EDGE_CURVE ( 'NONE', #2017, #1989, #1638, .T. ) ;
#245 = CARTESIAN_POINT ( 'NONE',  ( -0.7071067811865475727, 4.187500000000000000, 0.7071067811865474617 ) ) ;
#246 = CARTESIAN_POINT ( 'NONE',  ( -1.946788199335567349, 4.218280401510225097, 0.1735566766087668078 ) ) ;
#247 = EDGE_CURVE ( 'NONE', #128, #612, #1879, .T. ) ;
#248 = CARTESIAN_POINT ( 'NONE',  ( 4.714890176717308529E-16, 4.200000000000000178, -3.599999999999999645 ) ) ;
#249 = VECTOR ( 'NONE', #880, 1000.000000000000000 ) ;
#250 = EDGE_LOOP ( 'NONE', ( #1191, #1980, #795, #1041 ) ) ;
#251 = AXIS2_PLACEMENT_3D ( 'NONE', #426, #2086, #1045 ) ;
#252 = FACE_OUTER_BOUND ( 'NONE', #1026, .T. ) ;
#253 = VERTEX_POINT ( 'NONE', #961 ) ;
#254 = EDGE_CURVE ( 'NONE', #141, #1341, #202, .T. ) ;
#255 = FACE_OUTER_BOUND ( 'NONE', #660, .T. ) ;
#256 = EDGE_CURVE ( 'NONE', #35, #1966, #1818, .T. ) ;
#257 = DIRECTION ( 'NONE',  ( 0.000000000000000000, 0.000000000000000000, -1.000000000000000000 ) ) ;
#258 = ORIENTED_EDGE ( 'NONE', *, *, #990, .F. ) ;
#259 = CARTESIAN_POINT ( 'NONE',  ( 2.379604899723585021, 2.481927093751439717, 3.338784287958490804 ) ) ;
#260 = EDGE_LOOP ( 'NONE', ( #194, #65, #2067, #1882 ) ) ;
#261 = CARTESIAN_POINT ( 'NONE',  ( -1.750693609722694166, 4.350000000000000533, -0.3535533905932746745 ) ) ;
#262 = CARTESIAN_POINT ( 'NONE',  ( 1.944543648263004076, 4.200000000000000178, 0.8838834764831845492 ) ) ;
#263 = AXIS2_PLACEMENT_3D ( 'NONE', #84, #719, #1366 ) ;
#264 = PRESENTATION_STYLE_ASSIGNMENT (( #570 ) ) ;
#265 = B_SPLINE_CURVE_WITH_KNOTS ( 'NONE', 3,
 ( #1685, #68, #353, #1324, #501, #1454, #567, #959 ),
 .UNSPECIFIED., .F., .F.,
 ( 4, 2, 2, 4 ),
 ( 0.000000000000000000, 9.577389198406547331E-05, 0.0001915477839681308924, 0.0003830955679362623811 ),
 .UNSPECIFIED. ) ;
#266 = CARTESIAN_POINT ( 'NONE',  ( 6.123233995736766036E-17, 0.000000000000000000, -3.040000000000000036 ) ) ;
#267 = ORIENTED_EDGE ( 'NONE', *, *, #1146, .T. ) ;
#268 = CARTESIAN_POINT ( 'NONE',  ( 2.379576363609810841, 2.551851885404448073, 3.338804625872784815 ) ) ;
#269 = EDGE_CURVE ( 'NONE', #1138, #1652, #1319, .T. ) ;
#270 = VERTEX_POINT ( 'NONE', #1988 ) ;
#271 = DIRECTION ( 'NONE',  ( 0.000000000000000000, -1.000000000000000000, 0.000000000000000000 ) ) ;
#272 = EDGE_CURVE ( 'NONE', #2048, #826, #525, .T. ) ;
#273 = AXIS2_PLACEMENT_3D ( 'NONE', #1073, #1924, #457 ) ;
#274 = DIRECTION ( 'NONE',  ( 0.000000000000000000, -0.000000000000000000, 1.000000000000000000 ) ) ;
#275 = CARTESIAN_POINT ( 'NONE',  ( 0.8461836328157478215, 2.446974770570042867, 4.033982386394121988 ) ) ;
#276 = DIRECTION ( 'NONE',  ( 0.7071067811865462405, 0.000000000000000000, -0.7071067811865489050 ) ) ;
#277 = VERTEX_POINT ( 'NONE', #1519 ) ;
#278 = DIRECTION ( 'NONE',  ( 0.000000000000000000, 0.000000000000000000, -1.000000000000000000 ) ) ;
#279 = PLANE ( 'NONE',  #1494 ) ;
#280 = VERTEX_POINT ( 'NONE', #248 ) ;
#281 = EDGE_LOOP ( 'NONE', ( #39, #382, #857, #1000, #1615, #1640, #305, #1432 ) ) ;
#282 = AXIS2_PLACEMENT_3D ( 'NONE', #1894, #1097, #1077 ) ;
#283 = PLANE ( 'NONE',  #1568 ) ;
#284 = MECHANICAL_DESIGN_GEOMETRIC_PRESENTATION_REPRESENTATION (  '', ( #655 ), #119 ) ;
#285 = CARTESIAN_POINT ( 'NONE',  ( 0.8817399781047492446, 4.212187487137435404, 1.946040083519684272 ) ) ;
#286 = CARTESIAN_POINT ( 'NONE',  ( 1.944543648263004076, 4.187500000000000000, 0.8838834764831845492 ) ) ;
#287 = CARTESIAN_POINT ( 'NONE',  ( 3.570889244992073053, 0.6500000000000000222, 3.924442635585331907 ) ) ;
#288 = CARTESIAN_POINT ( 'NONE',  ( 3.464823227814089801, 0.6500000000000000222, 3.818376618407350875 ) ) ;
#289 = PRESENTATION_LAYER_ASSIGNMENT (  '', '', ( #2063 ) ) ;
#290 = EDGE_LOOP ( 'NONE', ( #974, #675, #85, #983 ) ) ;
#291 = CARTESIAN_POINT ( 'NONE',  ( -0.1255367128420578904, 4.350000000000000533, -2.095670122081833231 ) ) ;
#292 = PRODUCT_DEFINITION_CONTEXT ( 'detailed design', #91, 'design' ) ;
#293 = DIRECTION ( 'NONE',  ( 0.7071067811865474617, 0.000000000000000000, -0.7071067811865474617 ) ) ;
#294 = ORIENTED_EDGE ( 'NONE', *, *, #1464, .T. ) ;
#295 = EDGE_LOOP ( 'NONE', ( #594, #1728, #1587, #928 ) ) ;
#296 =( LENGTH_UNIT ( ) NAMED_UNIT ( * ) SI_UNIT ( .MILLI., .METRE. ) );
#297 = VECTOR ( 'NONE', #1399, 1000.000000000000000 ) ;
#298 = CARTESIAN_POINT ( 'NONE',  ( 0.1255367128420598055, 4.350000000000000533, 2.095670122081833231 ) ) ;
#299 = CARTESIAN_POINT ( 'NONE',  ( -0.3535533905932743970, 4.200000000000000178, -1.750693609722694166 ) ) ;
#300 = CARTESIAN_POINT ( 'NONE',  ( -2.372380846612583749, 2.481958400937240850, 3.328583087254624040 ) ) ;
#301 = CARTESIAN_POINT ( 'NONE',  ( 3.924442635585343453, 0.000000000000000000, 3.358757210636093671 ) ) ;
#302 = EDGE_CURVE ( 'NONE', #1905, #835, #488, .T. ) ;
#303 = AXIS2_PLACEMENT_3D ( 'NONE', #323, #2096, #1811 ) ;
#304 = FACE_OUTER_BOUND ( 'NONE', #1119, .T. ) ;
#305 = ORIENTED_EDGE ( 'NONE', *, *, #1778, .F. ) ;
#306 = CARTESIAN_POINT ( 'NONE',  ( 0.8436038046669193102, 2.446974770570042867, 4.021683659606334338 ) ) ;
#307 = CARTESIAN_POINT ( 'NONE',  ( -1.946788199335567349, 4.218280401510225097, 0.1735566766087668078 ) ) ;
#308 = ORIENTED_EDGE ( 'NONE', *, *, #170, .T. ) ;
#309 = VERTEX_POINT ( 'NONE', #1720 ) ;
#310 = PLANE ( 'NONE',  #416 ) ;
#311 = CARTESIAN_POINT ( 'NONE',  ( 1.992487124203986326, 4.311243179432554307, -0.1036395147553291485 ) ) ;
#312 =( GEOMETRIC_REPRESENTATION_CONTEXT ( 3 ) GLOBAL_UNCERTAINTY_ASSIGNED_CONTEXT ( ( #227 ) ) GLOBAL_UNIT_ASSIGNED_CONTEXT ( ( #1903, #927, #794 ) ) REPRESENTATION_CONTEXT ( 'NONE', 'WORKASPACE' ) );
#313 = VECTOR ( 'NONE', #360, 1000.000000000000000 ) ;
#314 = CARTESIAN_POINT ( 'NONE',  ( 2.379619167886741771, 2.446964197924940354, 3.338774118718726314 ) ) ;
#315 = CARTESIAN_POINT ( 'NONE',  ( -1.944543648263005853, 4.200000000000000178, -0.8838834764831847712 ) ) ;
#316 = CARTESIAN_POINT ( 'NONE',  ( -0.8436295442269405864, 2.551872875862284396, 4.021677501229494744 ) ) ;
#317 = ORIENTED_EDGE ( 'NONE', *, *, #1445, .T. ) ;
#318 = CARTESIAN_POINT ( 'NONE',  ( -0.3535533905932743970, 4.350000000000000533, -1.750693609722694166 ) ) ;
#319 = DIRECTION ( 'NONE',  ( 0.000000000000000000, -1.000000000000000000, 0.000000000000000000 ) ) ;
#320 = ORIENTED_EDGE ( 'NONE', *, *, #894, .F. ) ;
#321 = ORIENTED_EDGE ( 'NONE', *, *, #1763, .T. ) ;
#322 = AXIS2_PLACEMENT_3D ( 'NONE', #1202, #2018, #550 ) ;
#323 = CARTESIAN_POINT ( 'NONE',  ( 2.540000000000000036, -13.50000000000000000, 0.000000000000000000 ) ) ;
#324 = CIRCLE ( 'NONE', #1503, 3.599999999999999645 ) ;
#325 = DIRECTION ( 'NONE',  ( 0.000000000000000000, -1.000000000000000000, 0.000000000000000000 ) ) ;
#326 = EDGE_LOOP ( 'NONE', ( #267, #1768 ) ) ;
#327 = ADVANCED_FACE ( 'NONE', ( #1033 ), #739, .T. ) ;
#328 = FILL_AREA_STYLE_COLOUR ( '', #1663 ) ;
#329 = ADVANCED_FACE ( 'NONE', ( #1851 ), #716, .T. ) ;
#330 = CARTESIAN_POINT ( 'NONE',  ( 2.922036380408611134, 0.6500000000000000222, 3.487721805357838711 ) ) ;
#331 = LINE ( 'NONE', #179, #2034 ) ;
#332 = AXIS2_PLACEMENT_3D ( 'NONE', #80, #714, #1541 ) ;
#333 = DIRECTION ( 'NONE',  ( 0.000000000000000000, 0.000000000000000000, -1.000000000000000000 ) ) ;
#334 = EDGE_LOOP ( 'NONE', ( #1616, #1501 ) ) ;
#335 = ORIENTED_EDGE ( 'NONE', *, *, #922, .T. ) ;
#336 = CARTESIAN_POINT ( 'NONE',  ( -2.540000000000000036, -13.50000000000000000, -0.2250000000000000888 ) ) ;
#337 = CARTESIAN_POINT ( 'NONE',  ( 5.572142936120457327E-16, 0.6500000000000000222, 4.549999999999999822 ) ) ;
#338 = CIRCLE ( 'NONE', #1486, 0.2250000000000000888 ) ;
#339 = CARTESIAN_POINT ( 'NONE',  ( 2.028819534273291758, 2.446966841270965531, 3.573446937056881101 ) ) ;
#340 = CARTESIAN_POINT ( 'NONE',  ( 0.4218097364345327338, 2.551865004440600604, 4.087502572236144438 ) ) ;
#341 = PLANE ( 'NONE',  #1871 ) ;
#342 = SURFACE_STYLE_USAGE ( .BOTH. , #1806 ) ;
#343 = CARTESIAN_POINT ( 'NONE',  ( 0.8461940366782696454, 2.446974770503457464, 4.033979924508406256 ) ) ;
#344 = CARTESIAN_POINT ( 'NONE',  ( -2.095670122081833231, 4.350000000000000533, -0.5815700683444917640 ) ) ;
#345 = EDGE_LOOP ( 'NONE', ( #518, #2074, #1843, #418 ) ) ;
#346 = AXIS2_PLACEMENT_3D ( 'NONE', #547, #1209, #1875 ) ;
#347 = EDGE_CURVE ( 'NONE', #132, #410, #89, .T. ) ;
#348 = ADVANCED_FACE ( 'NONE', ( #862, #2013, #1700, #81 ), #1689, .F. ) ;
#349 = ADVANCED_FACE ( 'NONE', ( #417, #2030 ), #397, .F. ) ;
#350 = LINE ( 'NONE', #966, #313 ) ;
#351 = DIRECTION ( 'NONE',  ( 0.000000000000000000, -1.000000000000000000, 0.000000000000000000 ) ) ;
#352 = EDGE_CURVE ( 'NONE', #612, #392, #1177, .T. ) ;
#353 = CARTESIAN_POINT ( 'NONE',  ( -0.1486025076084215024, 4.275489247616607535, 1.964052570840387535 ) ) ;
#354 = CARTESIAN_POINT ( 'NONE',  ( 2.051482701080156623, 4.347131515493763310, 0.7028161730270896523 ) ) ;
#355 = AXIS2_PLACEMENT_3D ( 'NONE', #995, #2000, #680 ) ;
#356 = CARTESIAN_POINT ( 'NONE',  ( 3.818376618407362422, 0.6500000000000000222, 3.464823227814076922 ) ) ;
#357 = CARTESIAN_POINT ( 'NONE',  ( 1.060660171779817640, 4.187500000000000000, 1.060660171779817418 ) ) ;
#358 = ORIENTED_EDGE ( 'NONE', *, *, #702, .F. ) ;
#359 = EDGE_LOOP ( 'NONE', ( #834, #727, #750 ) ) ;
#360 = DIRECTION ( 'NONE',  ( -0.000000000000000000, 1.000000000000000000, -0.000000000000000000 ) ) ;
#361 = AXIS2_PLACEMENT_3D ( 'NONE', #1442, #2044, #2111 ) ;
#362 = EDGE_LOOP ( 'NONE', ( #83, #1079, #1160, #815 ) ) ;
#363 = DIRECTION ( 'NONE',  ( 1.000000000000000000, 0.000000000000000000, -2.044391222244499344E-16 ) ) ;
#364 = EDGE_LOOP ( 'NONE', ( #1995, #1091 ) ) ;
#365 = FACE_OUTER_BOUND ( 'NONE', #182, .T. ) ;
#366 = CARTESIAN_POINT ( 'NONE',  ( 2.095670122081834119, 4.350000000000000533, 0.5815700683444886554 ) ) ;
#367 = ORIENTED_EDGE ( 'NONE', *, *, #1856, .F. ) ;
#368 = CARTESIAN_POINT ( 'NONE',  ( -1.946040083519685604, 4.212187487137435404, 0.1746331969181973975 ) ) ;
#369 = AXIS2_PLACEMENT_3D ( 'NONE', #2075, #888, #278 ) ;
#370 = EDGE_CURVE ( 'NONE', #1402, #1199, #1509, .T. ) ;
#371 = PRODUCT_DEFINITION ( 'UNKNOWN', '', #1430, #292 ) ;
#372 = DIRECTION ( 'NONE',  ( -0.000000000000000000, 1.000000000000000000, -0.000000000000000000 ) ) ;
#373 = ORIENTED_EDGE ( 'NONE', *, *, #1991, .F. ) ;
#374 = CIRCLE ( 'NONE', #404, 0.4999999999999998890 ) ;
#375 = ORIENTED_EDGE ( 'NONE', *, *, #215, .T. ) ;
#376 = B_SPLINE_CURVE_WITH_KNOTS ( 'NONE', 3,
 ( #521, #682, #1804, #1335, #811, #340, #2001, #4, #1304, #1142 ),
 .UNSPECIFIED., .F., .F.,
 ( 4, 2, 2, 2, 4 ),
 ( 0.000000000000000000, 0.2500000000000000000, 0.5000000000000000000, 0.7500000000000000000, 1.000000000000000000 ),
 .UNSPECIFIED. ) ;
#377 = FACE_OUTER_BOUND ( 'NONE', #250, .T. ) ;
#378 = UNCERTAINTY_MEASURE_WITH_UNIT (LENGTH_MEASURE( 1.000000000000000082E-05 ), #159, 'distance_accuracy_value', 'NONE');
#379 =( NAMED_UNIT ( * ) SI_UNIT ( $, .STERADIAN. ) SOLID_ANGLE_UNIT ( ) );
#380 = B_SPLINE_CURVE_WITH_KNOTS ( 'NONE', 3,
 ( #973, #533, #814, #1327, #200, #806, #20, #344 ),
 .UNSPECIFIED., .F., .F.,
 ( 4, 2, 2, 4 ),
 ( 0.000000000000000000, 9.577389198406513449E-05, 0.0001915477839681302690, 0.0003830955679362617306 ),
 .UNSPECIFIED. ) ;
#381 = DIRECTION ( 'NONE',  ( -0.000000000000000000, -1.000000000000000000, -0.000000000000000000 ) ) ;
#382 = ORIENTED_EDGE ( 'NONE', *, *, #256, .T. ) ;
#383 = CARTESIAN_POINT ( 'NONE',  ( -0.8838834764831848823, 4.187500000000000000, -1.944543648263005853 ) ) ;
#384 = CONICAL_SURFACE ( 'NONE', #606, 0.5646484193213333613, 0.1221730476396030995 ) ;
#385 = PLANE ( 'NONE',  #554 ) ;
#386 = CARTESIAN_POINT ( 'NONE',  ( -1.944543648263005631, 4.187500000000000000, 0.1767766952966368377 ) ) ;
#387 = ADVANCED_FACE ( 'NONE', ( #1550 ), #507, .T. ) ;
#388 = DIRECTION ( 'NONE',  ( -0.000000000000000000, -1.000000000000000000, -0.000000000000000000 ) ) ;
#389 = PRESENTATION_LAYER_ASSIGNMENT (  '', '', ( #715 ) ) ;
#390 = CARTESIAN_POINT ( 'NONE',  ( -1.946788199335634628, 4.218280401510773103, -0.8806634577952192622 ) ) ;
#391 = EDGE_LOOP ( 'NONE', ( #565, #539, #595, #1868 ) ) ;
#392 = VERTEX_POINT ( 'NONE', #239 ) ;
#393 =( LENGTH_UNIT ( ) NAMED_UNIT ( * ) SI_UNIT ( .MILLI., .METRE. ) );
#394 = CARTESIAN_POINT ( 'NONE',  ( 6.309749948095877757E-16, 2.551867628092794327, 4.099999999999699440 ) ) ;
#395 = CIRCLE ( 'NONE', #1864, 0.5646484193213334724 ) ;
#396 = SURFACE_SIDE_STYLE ('',( #1706 ) ) ;
#397 = PLANE ( 'NONE',  #1801 ) ;
#398 = AXIS2_PLACEMENT_3D ( 'NONE', #824, #1624, #192 ) ;
#399 = VERTEX_POINT ( 'NONE', #538 ) ;
#400 = CARTESIAN_POINT ( 'NONE',  ( 3.924442635585343897, 0.6500000000000000222, 3.570889244992059286 ) ) ;
#401 = ADVANCED_FACE ( 'NONE', ( #1219 ), #2041, .F. ) ;
#402 = ORIENTED_EDGE ( 'NONE', *, *, #1998, .T. ) ;
#403 = CARTESIAN_POINT ( 'NONE',  ( -1.750693609722694166, 4.200000000000000178, -0.3535533905932746745 ) ) ;
#404 = AXIS2_PLACEMENT_3D ( 'NONE', #1117, #147, #1282 ) ;
#405 = EDGE_CURVE ( 'NONE', #912, #2082, #395, .T. ) ;
#406 = ADVANCED_FACE ( 'NONE', ( #780 ), #1583, .T. ) ;
#407 = CARTESIAN_POINT ( 'NONE',  ( 0.3535533905932766174, 4.200000000000000178, 1.750693609722693944 ) ) ;
#408 = SURFACE_SIDE_STYLE ('',( #53 ) ) ;
#409 = LINE ( 'NONE', #1719, #1473 ) ;
#410 = VERTEX_POINT ( 'NONE', #745 ) ;
#411 = ADVANCED_FACE ( 'NONE', ( #304 ), #2100, .T. ) ;
#412 = CIRCLE ( 'NONE', #1955, 0.1500000000000003830 ) ;
#413 = ORIENTED_EDGE ( 'NONE', *, *, #2058, .T. ) ;
#414 = ADVANCED_FACE ( 'NONE', ( #1782 ), #2059, .T. ) ;
#415 = DIRECTION ( 'NONE',  ( 0.7071067811865474617, 0.000000000000000000, 0.7071067811865475727 ) ) ;
#416 = AXIS2_PLACEMENT_3D ( 'NONE', #1933, #118, #1225 ) ;
#417 = FACE_OUTER_BOUND ( 'NONE', #364, .T. ) ;
#418 = ORIENTED_EDGE ( 'NONE', *, *, #610, .F. ) ;
#419 = DIRECTION ( 'NONE',  ( 0.000000000000000000, -1.000000000000000000, 0.000000000000000000 ) ) ;
#420 = STYLED_ITEM ( 'NONE', ( #264 ), #2011 ) ;
#421 = ORIENTED_EDGE ( 'NONE', *, *, #2036, .F. ) ;
#422 = CARTESIAN_POINT ( 'NONE',  ( 3.487721805357848037, 0.6500000000000000222, 2.922036380408599587 ) ) ;
#423 = CARTESIAN_POINT ( 'NONE',  ( -0.4231288428370067467, 2.551870251925860700, 4.099999999999998757 ) ) ;
#424 = B_SPLINE_CURVE_WITH_KNOTS ( 'NONE', 1,
 ( #1427, #314 ),
 .UNSPECIFIED., .F., .F.,
 ( 2, 2 ),
 ( 0.000000000000000000, 1.000000000000000000 ),
 .UNSPECIFIED. ) ;
#425 = FACE_BOUND ( 'NONE', #872, .T. ) ;
#426 = CARTESIAN_POINT ( 'NONE',  ( -1.944543648263005853, 4.200000000000000178, -0.8838834764831852153 ) ) ;
#427 = EDGE_CURVE ( 'NONE', #67, #172, #1200, .T. ) ;
#428 = CARTESIAN_POINT ( 'NONE',  ( 0.3535533905932763954, 4.187500000000000000, -1.060660171779817862 ) ) ;
#429 = EDGE_LOOP ( 'NONE', ( #1348, #1189, #540, #1208, #1721, #1853, #2046, #1490 ) ) ;
#430 = LINE ( 'NONE', #1722, #297 ) ;
#431 = CIRCLE ( 'NONE', #631, 0.2250000000000000888 ) ;
#432 = ORIENTED_EDGE ( 'NONE', *, *, #188, .F. ) ;
#433 = CARTESIAN_POINT ( 'NONE',  ( 0.000000000000000000, 4.200000000000000178, 0.000000000000000000 ) ) ;
#434 = AXIS2_PLACEMENT_3D ( 'NONE', #930, #1438, #797 ) ;
#435 = PLANE ( 'NONE',  #1123 ) ;
#436 = DIRECTION ( 'NONE',  ( 0.000000000000000000, 0.000000000000000000, 1.000000000000000000 ) ) ;
#437 = ORIENTED_EDGE ( 'NONE', *, *, #487, .F. ) ;
#438 = CARTESIAN_POINT ( 'NONE',  ( -0.06442573680226608424, 4.350000000000000533, -2.077172007274181720 ) ) ;
#439 = CARTESIAN_POINT ( 'NONE',  ( 1.946040083519731789, 4.212187487137801334, 0.8817399781046799667 ) ) ;
#440 = EDGE_LOOP ( 'NONE', ( #499, #1168, #623, #640 ) ) ;
#441 = MECHANICAL_DESIGN_GEOMETRIC_PRESENTATION_REPRESENTATION (  '', ( #485 ), #1008 ) ;
#442 = ORIENTED_EDGE ( 'NONE', *, *, #511, .T. ) ;
#443 = PRESENTATION_STYLE_ASSIGNMENT (( #786 ) ) ;
#444 = CARTESIAN_POINT ( 'NONE',  ( 2.077070363727465008, 4.350000000000001421, 0.06408994386264614540 ) ) ;
#445 = CARTESIAN_POINT ( 'NONE',  ( 1.750693609722694166, 4.200000000000000178, 0.3535533905932727317 ) ) ;
#446 = EDGE_CURVE ( 'NONE', #270, #309, #923, .T. ) ;
#447 = VERTEX_POINT ( 'NONE', #1229 ) ;
#448 = FACE_OUTER_BOUND ( 'NONE', #359, .T. ) ;
#449 = EDGE_CURVE ( 'NONE', #1169, #1069, #590, .T. ) ;
#450 = CIRCLE ( 'NONE', #528, 0.4135219455025061497 ) ;
#451 = DIRECTION ( 'NONE',  ( 0.000000000000000000, 0.000000000000000000, -1.000000000000000000 ) ) ;
#452 = ORIENTED_EDGE ( 'NONE', *, *, #183, .T. ) ;
#453 = VERTEX_POINT ( 'NONE', #1899 ) ;
#454 = AXIS2_PLACEMENT_3D ( 'NONE', #1859, #1523, #1192 ) ;
#455 =( NAMED_UNIT ( * ) PLANE_ANGLE_UNIT ( ) SI_UNIT ( $, .RADIAN. ) );
#456 = PLANE ( 'NONE',  #672 ) ;
#457 = DIRECTION ( 'NONE',  ( 0.000000000000000000, 0.000000000000000000, 1.000000000000000000 ) ) ;
#458 = PRESENTATION_LAYER_ASSIGNMENT (  '', '', ( #420 ) ) ;
#459 = CARTESIAN_POINT ( 'NONE',  ( 2.372364231399282097, 2.446964197924940354, 3.328594929332388652 ) ) ;
#460 = CARTESIAN_POINT ( 'NONE',  ( -2.379617081248302846, 2.551883371091195674, 3.338775605911739497 ) ) ;
#461 = DIRECTION ( 'NONE',  ( 1.835311351656555433E-15, 0.000000000000000000, -1.000000000000000000 ) ) ;
#462 = DIRECTION ( 'NONE',  ( 1.000000000000000000, 0.000000000000000000, -2.044391222244499344E-16 ) ) ;
#463 = ORIENTED_EDGE ( 'NONE', *, *, #247, .F. ) ;
#464 = CARTESIAN_POINT ( 'NONE',  ( 2.372321557623195076, 2.551851885404448073, 3.328625343476830700 ) ) ;
#465 = UNCERTAINTY_MEASURE_WITH_UNIT (LENGTH_MEASURE( 1.000000000000000082E-05 ), #13, 'distance_accuracy_value', 'NONE');
#466 = CARTESIAN_POINT ( 'NONE',  ( 0.1746331969181330879, 4.212187487137801334, -1.946040083519730457 ) ) ;
#467 = ORIENTED_EDGE ( 'NONE', *, *, #1470, .T. ) ;
#468 = ORIENTED_EDGE ( 'NONE', *, *, #1678, .F. ) ;
#469 = EDGE_CURVE ( 'NONE', #2017, #35, #185, .T. ) ;
#470 = PLANE ( 'NONE',  #282 ) ;
#471 = CARTESIAN_POINT ( 'NONE',  ( 2.922036380408611134, 0.000000000000000000, 3.487721805357838711 ) ) ;
#472 = CIRCLE ( 'NONE', #726, 0.4135219455025062052 ) ;
#473 = FACE_OUTER_BOUND ( 'NONE', #362, .T. ) ;
#474 = LINE ( 'NONE', #520, #1228 ) ;
#475 = DIRECTION ( 'NONE',  ( 0.000000000000000000, 0.000000000000000000, -1.000000000000000000 ) ) ;
#476 = DIRECTION ( 'NONE',  ( -0.000000000000000000, 1.000000000000000000, -0.000000000000000000 ) ) ;
#477 = AXIS2_PLACEMENT_3D ( 'NONE', #1842, #573, #1004 ) ;
#478 = VERTEX_POINT ( 'NONE', #428 ) ;
#479 = CARTESIAN_POINT ( 'NONE',  ( 0.000000000000000000, 0.6500000000000000222, 0.000000000000000000 ) ) ;
#480 = STYLED_ITEM ( 'NONE', ( #1573 ), #104 ) ;
#481 = SURFACE_STYLE_FILL_AREA ( #1401 ) ;
#482 = VERTEX_POINT ( 'NONE', #266 ) ;
#483 = ORIENTED_EDGE ( 'NONE', *, *, #1896, .F. ) ;
#484 = EDGE_CURVE ( 'NONE', #1584, #1828, #1357, .T. ) ;
#485 = STYLED_ITEM ( 'NONE', ( #812 ), #58 ) ;
#486 = CARTESIAN_POINT ( 'NONE',  ( 2.540000000000000036, 0.000000000000000000, 0.000000000000000000 ) ) ;
#487 = EDGE_CURVE ( 'NONE', #1652, #1511, #2089, .T. ) ;
#488 = CIRCLE ( 'NONE', #1672, 4.549999999999999822 ) ;
#489 = CARTESIAN_POINT ( 'NONE',  ( -2.008041491724376737, 4.322866859012364671, 0.07733413510342171393 ) ) ;
#490 = DIRECTION ( 'NONE',  ( 0.000000000000000000, 0.000000000000000000, 1.000000000000000000 ) ) ;
#491 = LINE ( 'NONE', #979, #1020 ) ;
#492 = ORIENTED_EDGE ( 'NONE', *, *, #1525, .F. ) ;
#493 = DIRECTION ( 'NONE',  ( 2.044391222244499344E-16, 0.000000000000000000, 1.000000000000000000 ) ) ;
#494 = DIRECTION ( 'NONE',  ( 0.7071067811865474617, 0.000000000000000000, -0.7071067811865475727 ) ) ;
#495 = ORIENTED_EDGE ( 'NONE', *, *, #796, .T. ) ;
#496 = EDGE_LOOP ( 'NONE', ( #1049, #1127 ) ) ;
#497 = VERTEX_POINT ( 'NONE', #1215 ) ;
#498 = PLANE ( 'NONE',  #355 ) ;
#499 = ORIENTED_EDGE ( 'NONE', *, *, #427, .F. ) ;
#500 = DIRECTION ( 'NONE',  ( -0.000000000000000000, 1.000000000000000000, -0.000000000000000000 ) ) ;
#501 = CARTESIAN_POINT ( 'NONE',  ( -0.07732792510829751553, 4.322869458427444300, 2.008045074616072956 ) ) ;
#502 = CARTESIAN_POINT ( 'NONE',  ( 2.372350006736623218, 2.481927093751442825, 3.328605067568373599 ) ) ;
#503 = PRESENTATION_STYLE_ASSIGNMENT (( #1975 ) ) ;
#504 = EDGE_LOOP ( 'NONE', ( #708, #1586, #515, #1286 ) ) ;
#505 = CARTESIAN_POINT ( 'NONE',  ( -2.540000000000000036, 0.000000000000000000, 0.000000000000000000 ) ) ;
#506 = EDGE_CURVE ( 'NONE', #233, #1966, #49, .T. ) ;
#507 = CONICAL_SURFACE ( 'NONE', #127, 0.5646484193213331393, 0.1221730476396030995 ) ;
#508 = EDGE_CURVE ( 'NONE', #887, #1347, #450, .T. ) ;
#509 = CARTESIAN_POINT ( 'NONE',  ( -1.060660171779818528, 4.187500000000000000, -1.060660171779816530 ) ) ;
#510 = VERTEX_POINT ( 'NONE', #1824 ) ;
#511 = EDGE_CURVE ( 'NONE', #1169, #962, #265, .T. ) ;
#512 = CARTESIAN_POINT ( 'NONE',  ( -2.035073745996993200, 2.446993272682326914, 3.584343417934140241 ) ) ;
#513 = DIRECTION ( 'NONE',  ( -0.000000000000000000, 1.000000000000000000, -0.000000000000000000 ) ) ;
#514 = CARTESIAN_POINT ( 'NONE',  ( -0.8838834764831848823, 4.187500000000000000, -1.944543648263005853 ) ) ;
#515 = ORIENTED_EDGE ( 'NONE', *, *, #1071, .T. ) ;
#516 = DIRECTION ( 'NONE',  ( -0.000000000000000000, -1.000000000000000000, -0.000000000000000000 ) ) ;
#517 = CARTESIAN_POINT ( 'NONE',  ( 0.000000000000000000, -13.50000000000000000, -2.540000000000000036 ) ) ;
#518 = ORIENTED_EDGE ( 'NONE', *, *, #352, .F. ) ;
#519 = LINE ( 'NONE', #1140, #2049 ) ;
#520 = CARTESIAN_POINT ( 'NONE',  ( 0.8838834764831836610, 4.187500000000000000, 1.944543648263004965 ) ) ;
#521 = CARTESIAN_POINT ( 'NONE',  ( -2.372362151122544116, 2.551883371091195674, 3.328596411991277648 ) ) ;
#522 = VECTOR ( 'NONE', #1802, 1000.000000000000000 ) ;
#523 = PLANE ( 'NONE',  #1907 ) ;
#524 = CARTESIAN_POINT ( 'NONE',  ( 1.652215902964632610, 2.446969484214199575, 3.776138369953819129 ) ) ;
#525 = LINE ( 'NONE', #1046, #43 ) ;
#526 = ORIENTED_EDGE ( 'NONE', *, *, #1633, .F. ) ;
#527 = ADVANCED_BREP_SHAPE_REPRESENTATION ( 'AS312', ( #717, #989 ), #720 ) ;
#528 = AXIS2_PLACEMENT_3D ( 'NONE', #261, #713, #27 ) ;
#529 = EDGE_CURVE ( 'NONE', #1274, #1571, #816, .T. ) ;
#530 = AXIS2_PLACEMENT_3D ( 'NONE', #299, #98, #893 ) ;
#531 = CARTESIAN_POINT ( 'NONE',  ( 2.379576363609810841, 2.551851885404448073, 3.338804625872784815 ) ) ;
#532 = EDGE_LOOP ( 'NONE', ( #452, #1435, #546, #321 ) ) ;
#533 = CARTESIAN_POINT ( 'NONE',  ( -1.950704417275658020, 4.250175437101768594, -0.8750281162356748910 ) ) ;
#534 = ORIENTED_EDGE ( 'NONE', *, *, #894, .T. ) ;
#535 = LINE ( 'NONE', #1128, #576 ) ;
#536 = CARTESIAN_POINT ( 'NONE',  ( 1.652183352019723994, 2.551857132967239039, 3.776151630491211719 ) ) ;
#537 = CARTESIAN_POINT ( 'NONE',  ( -1.944543648263005853, 4.187500000000000000, -0.8838834764831847712 ) ) ;
#538 = CARTESIAN_POINT ( 'NONE',  ( 1.767766952966365102, 4.187500000000000000, 0.3535533905932695675 ) ) ;
#539 = ORIENTED_EDGE ( 'NONE', *, *, #38, .F. ) ;
#540 = ORIENTED_EDGE ( 'NONE', *, *, #188, .T. ) ;
#541 = CYLINDRICAL_SURFACE ( 'NONE', #1227, 0.2250000000000000888 ) ;
#542 = ADVANCED_FACE ( 'NONE', ( #252 ), #1937, .T. ) ;
#543 = DIRECTION ( 'NONE',  ( 0.000000000000000000, 1.000000000000000000, 0.000000000000000000 ) ) ;
#544 = SURFACE_STYLE_USAGE ( .BOTH. , #408 ) ;
#545 = DIRECTION ( 'NONE',  ( 0.000000000000000000, 1.000000000000000000, 0.000000000000000000 ) ) ;
#546 = ORIENTED_EDGE ( 'NONE', *, *, #1678, .T. ) ;
#547 = CARTESIAN_POINT ( 'NONE',  ( 0.000000000000000000, 0.6500000000000000222, 0.000000000000000000 ) ) ;
#548 = VECTOR ( 'NONE', #1314, 1000.000000000000000 ) ;
#549 = ORIENTED_EDGE ( 'NONE', *, *, #2107, .T. ) ;
#550 = DIRECTION ( 'NONE',  ( 0.000000000000000000, 0.000000000000000000, -1.000000000000000000 ) ) ;
#551 = CARTESIAN_POINT ( 'NONE',  ( -0.8828132992114779976, 4.206094015088799765, -1.945291899229819821 ) ) ;
#552 = CIRCLE ( 'NONE', #1194, 0.2250000000000000888 ) ;
#553 = ADVANCED_FACE ( 'NONE', ( #1281 ), #1714, .T. ) ;
#554 = AXIS2_PLACEMENT_3D ( 'NONE', #86, #95, #1042 ) ;
#555 = CARTESIAN_POINT ( 'NONE',  ( 6.309749948095877757E-16, 2.551867628092794327, 4.099999999999699440 ) ) ;
#556 = ORIENTED_EDGE ( 'NONE', *, *, #1469, .F. ) ;
#557 = EDGE_CURVE ( 'NONE', #497, #1274, #1088, .T. ) ;
#558 = ORIENTED_EDGE ( 'NONE', *, *, #405, .T. ) ;
#559 = FILL_AREA_STYLE_COLOUR ( '', #681 ) ;
#560 = ADVANCED_FACE ( 'NONE', ( #1116 ), #790, .T. ) ;
#561 = DIRECTION ( 'NONE',  ( 0.000000000000000000, 0.000000000000000000, 1.000000000000000000 ) ) ;
#562 =( LENGTH_UNIT ( ) NAMED_UNIT ( * ) SI_UNIT ( .MILLI., .METRE. ) );
#563 = DIRECTION ( 'NONE',  ( 0.000000000000000000, 0.000000000000000000, -1.000000000000000000 ) ) ;
#564 = AXIS2_PLACEMENT_3D ( 'NONE', #843, #1175, #1326 ) ;
#565 = ORIENTED_EDGE ( 'NONE', *, *, #1450, .F. ) ;
#566 = CYLINDRICAL_SURFACE ( 'NONE', #346, 4.549999999999999822 ) ;
#567 = CARTESIAN_POINT ( 'NONE',  ( 0.06442573680226561239, 4.349999999999999645, 2.077172007274189713 ) ) ;
#568 = ORIENTED_EDGE ( 'NONE', *, *, #1590, .F. ) ;
#569 = FACE_OUTER_BOUND ( 'NONE', #781, .T. ) ;
#570 = SURFACE_STYLE_USAGE ( .BOTH. , #1549 ) ;
#571 = AXIS2_PLACEMENT_3D ( 'NONE', #356, #1831, #1158 ) ;
#572 = ORIENTED_EDGE ( 'NONE', *, *, #1445, .F. ) ;
#573 = DIRECTION ( 'NONE',  ( 0.000000000000000000, 1.000000000000000000, 0.000000000000000000 ) ) ;
#574 = CARTESIAN_POINT ( 'NONE',  ( -1.944543648263005631, 4.200000000000000178, 0.1767766952966368377 ) ) ;
#575 = VECTOR ( 'NONE', #1833, 999.9999999999998863 ) ;
#576 = VECTOR ( 'NONE', #820, 1000.000000000000114 ) ;
#577 = ORIENTED_EDGE ( 'NONE', *, *, #1694, .F. ) ;
#578 = DIRECTION ( 'NONE',  ( 0.000000000000000000, 0.000000000000000000, 1.000000000000000000 ) ) ;
#579 = EDGE_CURVE ( 'NONE', #56, #1543, #985, .T. ) ;
#580 = CIRCLE ( 'NONE', #322, 4.549999999999999822 ) ;
#581 = DIRECTION ( 'NONE',  ( -0.000000000000000000, -1.000000000000000000, -0.000000000000000000 ) ) ;
#582 = EDGE_LOOP ( 'NONE', ( #1979, #463, #421, #1240 ) ) ;
#583 = CARTESIAN_POINT ( 'NONE',  ( -0.8436351716935893696, 2.446985343215145825, 4.021677079810689115 ) ) ;
#584 = MECHANICAL_DESIGN_GEOMETRIC_PRESENTATION_REPRESENTATION (  '', ( #420 ), #54 ) ;
#585 = ORIENTED_EDGE ( 'NONE', *, *, #1836, .F. ) ;
#586 = CARTESIAN_POINT ( 'NONE',  ( -0.3535533905932743970, 4.200000000000000178, -1.750693609722694166 ) ) ;
#587 = DIRECTION ( 'NONE',  ( -0.000000000000000000, -1.000000000000000000, -0.000000000000000000 ) ) ;
#588 = VECTOR ( 'NONE', #1510, 1000.000000000000000 ) ;
#589 = FACE_OUTER_BOUND ( 'NONE', #1798, .T. ) ;
#590 = LINE ( 'NONE', #1236, #2020 ) ;
#591 = ORIENTED_EDGE ( 'NONE', *, *, #2107, .F. ) ;
#592 = CARTESIAN_POINT ( 'NONE',  ( 0.1036348980243488593, 4.311245935513998262, -1.992489948927627985 ) ) ;
#593 = VECTOR ( 'NONE', #1552, 1000.000000000000000 ) ;
#594 = ORIENTED_EDGE ( 'NONE', *, *, #610, .T. ) ;
#595 = ORIENTED_EDGE ( 'NONE', *, *, #1072, .T. ) ;
#596 = FILL_AREA_STYLE_COLOUR ( '', #818 ) ;
#597 = EDGE_CURVE ( 'NONE', #73, #771, #1826, .T. ) ;
#598 = CARTESIAN_POINT ( 'NONE',  ( 2.008041491724376293, 4.322866859012362895, -0.07733413510342436459 ) ) ;
#599 = CIRCLE ( 'NONE', #369, 0.2249999999999999500 ) ;
#600 = CARTESIAN_POINT ( 'NONE',  ( 0.8461602533346075372, 2.551862380633372673, 4.033986529111856179 ) ) ;
#601 = ORIENTED_EDGE ( 'NONE', *, *, #449, .F. ) ;
#602 = CARTESIAN_POINT ( 'NONE',  ( 0.1679213350491252921, 4.250175437101766818, -1.950704417275657354 ) ) ;
#603 = FILL_AREA_STYLE_COLOUR ( '', #1664 ) ;
#604 = ORIENTED_EDGE ( 'NONE', *, *, #957, .F. ) ;
#605 = CARTESIAN_POINT ( 'NONE',  ( 3.358757210636106993, 0.6500000000000000222, 3.924442635585332795 ) ) ;
#606 = AXIS2_PLACEMENT_3D ( 'NONE', #1216, #1343, #2010 ) ;
#607 = CARTESIAN_POINT ( 'NONE',  ( 2.051477497064425837, 4.347129804925395469, 0.004279785738876854158 ) ) ;
#608 = CARTESIAN_POINT ( 'NONE',  ( -2.035051831565067637, 2.446993272514223161, 3.584359037098828971 ) ) ;
#609 = SURFACE_SIDE_STYLE ('',( #1429 ) ) ;
#610 = EDGE_CURVE ( 'NONE', #392, #670, #92, .T. ) ;
#611 = CARTESIAN_POINT ( 'NONE',  ( -0.4218595868941260041, 2.551870252055056465, 4.087497427611862300 ) ) ;
#612 = VERTEX_POINT ( 'NONE', #1910 ) ;
#613 = FILL_AREA_STYLE_COLOUR ( '', #1031 ) ;
#614 = AXIS2_PLACEMENT_3D ( 'NONE', #136, #1581, #475 ) ;
#615 = DIRECTION ( 'NONE',  ( -0.000000000000000000, 1.000000000000000000, -0.000000000000000000 ) ) ;
#616 = ORIENTED_EDGE ( 'NONE', *, *, #840, .T. ) ;
#617 = EDGE_CURVE ( 'NONE', #1006, #1047, #552, .T. ) ;
#618 = CARTESIAN_POINT ( 'NONE',  ( -2.379645210200261207, 2.446995915860261661, 3.338755557624869308 ) ) ;
#619 =( NAMED_UNIT ( * ) SI_UNIT ( $, .STERADIAN. ) SOLID_ANGLE_UNIT ( ) );
#620 = PLANE ( 'NONE',  #1651 ) ;
#621 = DIRECTION ( 'NONE',  ( -1.000000000000000000, 0.000000000000000000, -2.044391222244499344E-16 ) ) ;
#622 = CARTESIAN_POINT ( 'NONE',  ( 1.652175807484000725, 2.551857133018916812, 3.776155398357408988 ) ) ;
#623 = ORIENTED_EDGE ( 'NONE', *, *, #193, .T. ) ;
#624 = DIRECTION ( 'NONE',  ( -0.7071067811865482389, 0.000000000000000000, -0.7071067811865469066 ) ) ;
#625 = ADVANCED_FACE ( 'NONE', ( #1750 ), #1245, .T. ) ;
#626 = CARTESIAN_POINT ( 'NONE',  ( 2.540000000000000036, 0.000000000000000000, 0.4999999999999998890 ) ) ;
#627 = ORIENTED_EDGE ( 'NONE', *, *, #38, .T. ) ;
#628 = VERTEX_POINT ( 'NONE', #778 ) ;
#629 = EDGE_CURVE ( 'NONE', #1758, #1443, #424, .T. ) ;
#630 = DIRECTION ( 'NONE',  ( 0.000000000000000000, 1.000000000000000000, 0.000000000000000000 ) ) ;
#631 = AXIS2_PLACEMENT_3D ( 'NONE', #1729, #419, #1048 ) ;
#632 = DIRECTION ( 'NONE',  ( 0.7071067811865486830, 0.000000000000000000, 0.7071067811865464625 ) ) ;
#633 = ORIENTED_EDGE ( 'NONE', *, *, #1991, .T. ) ;
#634 = DIRECTION ( 'NONE',  ( 0.000000000000000000, -1.000000000000000000, 0.000000000000000000 ) ) ;
#635 = CARTESIAN_POINT ( 'NONE',  ( -2.540000000000000036, 0.000000000000000000, -0.2250000000000000888 ) ) ;
#636 = CIRCLE ( 'NONE', #477, 3.599999999999999645 ) ;
#637 = ORIENTED_EDGE ( 'NONE', *, *, #1019, .T. ) ;
#638 = DIRECTION ( 'NONE',  ( 0.000000000000000000, 0.000000000000000000, 1.000000000000000000 ) ) ;
#639 = CARTESIAN_POINT ( 'NONE',  ( -2.540000000000000036, 0.000000000000000000, 0.2250000000000000888 ) ) ;
#640 = ORIENTED_EDGE ( 'NONE', *, *, #1695, .F. ) ;
#641 = AXIS2_PLACEMENT_3D ( 'NONE', #1307, #1636, #1144 ) ;
#642 = CARTESIAN_POINT ( 'NONE',  ( -0.1767766952966373373, 4.187500000000000000, 1.944543648263005187 ) ) ;
#643 = VECTOR ( 'NONE', #982, 1000.000000000000000 ) ;
#644 = ADVANCED_FACE ( 'NONE', ( #2098 ), #620, .T. ) ;
#645 = CARTESIAN_POINT ( 'NONE',  ( -2.028847405249320612, 2.446993272514223161, 3.573431113205235210 ) ) ;
#646 = AXIS2_PLACEMENT_3D ( 'NONE', #1734, #1579, #274 ) ;
#647 = CARTESIAN_POINT ( 'NONE',  ( 2.008045074616073844, 4.322869458427443412, 0.7844347062948466842 ) ) ;
#648 = PLANE ( 'NONE',  #1962 ) ;
#649 = DIRECTION ( 'NONE',  ( 0.7071067811865489050, 0.000000000000000000, 0.7071067811865461294 ) ) ;
#650 = EDGE_CURVE ( 'NONE', #1612, #1758, #1178, .T. ) ;
#651 = CARTESIAN_POINT ( 'NONE',  ( -0.8107462959418753057, 4.311243179432554307, -1.992487124203986770 ) ) ;
#652 = ORIENTED_EDGE ( 'NONE', *, *, #254, .F. ) ;
#653 = CIRCLE ( 'NONE', #1682, 0.1499999999999999667 ) ;
#654 = CYLINDRICAL_SURFACE ( 'NONE', #303, 0.2250000000000000888 ) ;
#655 = STYLED_ITEM ( 'NONE', ( #187 ), #717 ) ;
#656 = FACE_BOUND ( 'NONE', #1436, .T. ) ;
#657 = PLANE ( 'NONE',  #1542 ) ;
#658 = CARTESIAN_POINT ( 'NONE',  ( 1.992489948927629317, 4.311245935513996486, 0.8107416792108956827 ) ) ;
#659 = CARTESIAN_POINT ( 'NONE',  ( -0.1735566766086677204, 4.218280401510773103, 1.946788199335635072 ) ) ;
#660 = EDGE_LOOP ( 'NONE', ( #1932, #2055, #1595, #1242 ) ) ;
#661 = DIRECTION ( 'NONE',  ( 0.000000000000000000, 1.000000000000000000, -0.000000000000000000 ) ) ;
#662 = AXIS2_PLACEMENT_3D ( 'NONE', #1375, #545, #1709 ) ;
#663 = CARTESIAN_POINT ( 'NONE',  ( -0.7844409162899704802, 4.322866859012363783, -2.008041491724378069 ) ) ;
#664 = ORIENTED_EDGE ( 'NONE', *, *, #122, .T. ) ;
#665 = ORIENTED_EDGE ( 'NONE', *, *, #859, .T. ) ;
#666 = CARTESIAN_POINT ( 'NONE',  ( -0.8838834764831848823, 4.187500000000000000, -1.944543648263005853 ) ) ;
#667 = TOROIDAL_SURFACE ( 'NONE', #1869, 0.4135219455025062052, 0.1499999999999999944 ) ;
#668 = CARTESIAN_POINT ( 'NONE',  ( 5.375164068905902203E-16, 2.446980056792716685, 4.099999999999876188 ) ) ;
#669 = DIRECTION ( 'NONE',  ( 0.000000000000000000, -1.000000000000000000, 0.000000000000000000 ) ) ;
#670 = VERTEX_POINT ( 'NONE', #1839 ) ;
#671 = DIRECTION ( 'NONE',  ( -0.9925461516413220942, 0.1218693434051475177, 1.623322112070460832E-15 ) ) ;
#672 = AXIS2_PLACEMENT_3D ( 'NONE', #1181, #687, #878 ) ;
#673 = DIRECTION ( 'NONE',  ( 2.044391222244498111E-16, -0.000000000000000000, 1.000000000000000000 ) ) ;
#674 = ORIENTED_EDGE ( 'NONE', *, *, #1694, .T. ) ;
#675 = ORIENTED_EDGE ( 'NONE', *, *, #41, .T. ) ;
#676 = CARTESIAN_POINT ( 'NONE',  ( -2.379635833911091680, 2.481958400937239961, 3.338762240426657257 ) ) ;
#677 = EDGE_LOOP ( 'NONE', ( #526, #924, #1877, #1893 ) ) ;
#678 = VERTEX_POINT ( 'NONE', #969 ) ;
#679 = EDGE_LOOP ( 'NONE', ( #1858, #1996, #224, #213 ) ) ;
#680 = DIRECTION ( 'NONE',  ( 0.000000000000000000, -0.000000000000000000, 1.000000000000000000 ) ) ;
#681 = COLOUR_RGB ( '',0.000000000000000000, 0.000000000000000000, 0.000000000000000000 ) ;
#682 = CARTESIAN_POINT ( 'NONE',  ( -2.028823196099778237, 2.551880747100582880, 3.573444003425362503 ) ) ;
#683 = CARTESIAN_POINT ( 'NONE',  ( 5.021051876504147385E-16, 3.700000000000000622, 4.099999999999999645 ) ) ;
#684 = DIRECTION ( 'NONE',  ( 0.000000000000000000, 0.000000000000000000, 1.000000000000000000 ) ) ;
#685 = DIRECTION ( 'NONE',  ( -0.000000000000000000, -1.000000000000000000, -0.000000000000000000 ) ) ;
#686 = ORIENTED_EDGE ( 'NONE', *, *, #1131, .F. ) ;
#687 = DIRECTION ( 'NONE',  ( 0.7071067811865475727, 0.000000000000000000, 0.7071067811865475727 ) ) ;
#688 = ORIENTED_EDGE ( 'NONE', *, *, #1104, .T. ) ;
#689 = EDGE_CURVE ( 'NONE', #1957, #453, #1298, .T. ) ;
#690 = EDGE_CURVE ( 'NONE', #1084, #1612, #376, .T. ) ;
#691 = DIRECTION ( 'NONE',  ( -0.000000000000000000, -1.000000000000000000, 0.000000000000000000 ) ) ;
#692 = MECHANICAL_DESIGN_GEOMETRIC_PRESENTATION_REPRESENTATION (  '', ( #1625 ), #1205 ) ;
#693 = CARTESIAN_POINT ( 'NONE',  ( 0.000000000000000000, 4.187500000000000000, 0.000000000000000000 ) ) ;
#694 = CARTESIAN_POINT ( 'NONE',  ( -2.540000000000000036, 0.000000000000000000, 0.000000000000000000 ) ) ;
#695 = CARTESIAN_POINT ( 'NONE',  ( 0.1767766952966361438, 4.187500000000000000, -1.944543648263005853 ) ) ;
#696 = ORIENTED_EDGE ( 'NONE', *, *, #1152, .F. ) ;
#697 = CARTESIAN_POINT ( 'NONE',  ( -0.3535533905932743970, 4.200000000000000178, -2.164215555225200038 ) ) ;
#698 = VECTOR ( 'NONE', #774, 1000.000000000000000 ) ;
#699 = ORIENTED_EDGE ( 'NONE', *, *, #1019, .F. ) ;
#700 = SURFACE_STYLE_FILL_AREA ( #77 ) ;
#701 = LINE ( 'NONE', #245, #1154 ) ;
#702 = EDGE_CURVE ( 'NONE', #2104, #2082, #1814, .T. ) ;
#703 = UNCERTAINTY_MEASURE_WITH_UNIT (LENGTH_MEASURE( 1.000000000000000082E-05 ), #393, 'distance_accuracy_value', 'NONE');
#704 = CARTESIAN_POINT ( 'NONE',  ( 5.572142936120457327E-16, 0.000000000000000000, 4.549999999999999822 ) ) ;
#705 = EDGE_CURVE ( 'NONE', #1543, #1356, #1506, .T. ) ;
#706 = EDGE_CURVE ( 'NONE', #1966, #718, #864, .T. ) ;
#707 = SURFACE_STYLE_FILL_AREA ( #876 ) ;
#708 = ORIENTED_EDGE ( 'NONE', *, *, #1492, .F. ) ;
#709 = CARTESIAN_POINT ( 'NONE',  ( 2.540000000000000036, -13.50000000000000000, 0.000000000000000000 ) ) ;
#710 = ADVANCED_FACE ( 'NONE', ( #377 ), #1675, .T. ) ;
#711 = ORIENTED_EDGE ( 'NONE', *, *, #1759, .F. ) ;
#712 = DIRECTION ( 'NONE',  ( 0.000000000000000000, 0.000000000000000000, 1.000000000000000000 ) ) ;
#713 = DIRECTION ( 'NONE',  ( 0.000000000000000000, 1.000000000000000000, 0.000000000000000000 ) ) ;
#714 = DIRECTION ( 'NONE',  ( -0.000000000000000000, -1.000000000000000000, -0.000000000000000000 ) ) ;
#715 = STYLED_ITEM ( 'NONE', ( #1371 ), #731 ) ;
#716 = CYLINDRICAL_SURFACE ( 'NONE', #1577, 4.099999999999999645 ) ;
#717 = MANIFOLD_SOLID_BREP ( 'Wrap1', #1150 ) ;
#718 = VERTEX_POINT ( 'NONE', #531 ) ;
#719 = DIRECTION ( 'NONE',  ( 0.000000000000000000, -1.000000000000000000, 0.000000000000000000 ) ) ;
#720 =( GEOMETRIC_REPRESENTATION_CONTEXT ( 3 ) GLOBAL_UNCERTAINTY_ASSIGNED_CONTEXT ( ( #465 ) ) GLOBAL_UNIT_ASSIGNED_CONTEXT ( ( #13, #1465, #619 ) ) REPRESENTATION_CONTEXT ( 'NONE', 'WORKASPACE' ) );
#721 = ORIENTED_EDGE ( 'NONE', *, *, #1856, .T. ) ;
#722 = FACE_OUTER_BOUND ( 'NONE', #1149, .T. ) ;
#723 = DIRECTION ( 'NONE',  ( 0.000000000000000000, 0.000000000000000000, 1.000000000000000000 ) ) ;
#724 = CARTESIAN_POINT ( 'NONE',  ( 0.000000000000000000, 0.6500000000000000222, -4.099999999999999645 ) ) ;
#725 = DIRECTION ( 'NONE',  ( -0.7071067811865474617, 0.000000000000000000, 0.7071067811865475727 ) ) ;
#726 = AXIS2_PLACEMENT_3D ( 'NONE', #1953, #1850, #684 ) ;
#727 = ORIENTED_EDGE ( 'NONE', *, *, #1896, .T. ) ;
#728 = DIRECTION ( 'NONE',  ( -0.000000000000000000, -1.000000000000000000, -0.000000000000000000 ) ) ;
#729 = ORIENTED_EDGE ( 'NONE', *, *, #617, .T. ) ;
#730 = FACE_OUTER_BOUND ( 'NONE', #1627, .T. ) ;
#731 = ADVANCED_FACE ( 'NONE', ( #207 ), #1497, .F. ) ;
#732 = AXIS2_PLACEMENT_3D ( 'NONE', #709, #1340, #1355 ) ;
#733 = MECHANICAL_DESIGN_GEOMETRIC_PRESENTATION_REPRESENTATION (  '', ( #480 ), #312 ) ;
#734 = CARTESIAN_POINT ( 'NONE',  ( -0.8838834764831848823, 4.200000000000000178, -1.944543648263005853 ) ) ;
#735 = SURFACE_STYLE_FILL_AREA ( #1087 ) ;
#736 = CARTESIAN_POINT ( 'NONE',  ( -0.8462094510900198818, 2.551872875862284396, 4.033976209184324979 ) ) ;
#737 = ORIENTED_EDGE ( 'NONE', *, *, #1556, .T. ) ;
#738 = CARTESIAN_POINT ( 'NONE',  ( -1.944543648263005631, 4.187500000000000000, 0.1767766952966368377 ) ) ;
#739 = TOROIDAL_SURFACE ( 'NONE', #1217, 0.4135219455025059276, 0.1499999999999999944 ) ;
#740 = AXIS2_PLACEMENT_3D ( 'NONE', #1360, #691, #1746 ) ;
#741 = ORIENTED_EDGE ( 'NONE', *, *, #1574, .T. ) ;
#742 = CARTESIAN_POINT ( 'NONE',  ( 2.540000000000000036, -13.50000000000000000, 0.000000000000000000 ) ) ;
#743 = CARTESIAN_POINT ( 'NONE',  ( -0.3535533905932743415, 4.200000000000000178, -2.095670122081833231 ) ) ;
#744 = CARTESIAN_POINT ( 'NONE',  ( 0.000000000000000000, 4.187500000000000000, 0.000000000000000000 ) ) ;
#745 = CARTESIAN_POINT ( 'NONE',  ( 0.1767766952966361438, 4.200000000000000178, -1.944543648263005853 ) ) ;
#746 = EDGE_LOOP ( 'NONE', ( #1866, #1482, #317, #1757 ) ) ;
#747 = CARTESIAN_POINT ( 'NONE',  ( 2.372350006736623218, 2.481927093751442825, 3.328605067568373599 ) ) ;
#748 = DIRECTION ( 'NONE',  ( -1.000000000000000000, 0.000000000000000000, 0.000000000000000000 ) ) ;
#749 = EDGE_CURVE ( 'NONE', #277, #1476, #909, .T. ) ;
#750 = ORIENTED_EDGE ( 'NONE', *, *, #120, .T. ) ;
#751 = PLANE ( 'NONE',  #1502 ) ;
#752 = CARTESIAN_POINT ( 'NONE',  ( 1.964051346524444241, 4.275486912389477645, -0.1486042935430916256 ) ) ;
#753 = MECHANICAL_DESIGN_GEOMETRIC_PRESENTATION_REPRESENTATION (  '', ( #2063 ), #1134 ) ;
#754 = FACE_OUTER_BOUND ( 'NONE', #532, .T. ) ;
#755 = DIRECTION ( 'NONE',  ( 1.000000000000000000, -0.000000000000000000, -1.635512977795598883E-15 ) ) ;
#756 = ORIENTED_EDGE ( 'NONE', *, *, #1539, .F. ) ;
#757 = CARTESIAN_POINT ( 'NONE',  ( 2.379619167682695213, 2.446964697924941312, 3.338774118864154872 ) ) ;
#758 = AXIS2_PLACEMENT_3D ( 'NONE', #318, #661, #1977 ) ;
#759 = FACE_OUTER_BOUND ( 'NONE', #429, .T. ) ;
#760 = EDGE_LOOP ( 'NONE', ( #950, #1230, #847, #1387 ) ) ;
#761 = EDGE_LOOP ( 'NONE', ( #1680, #1810, #2101, #1339, #956, #33, #2007, #1712 ) ) ;
#762 = ADVANCED_FACE ( 'NONE', ( #70, #425 ), #2037, .F. ) ;
#763 =( NAMED_UNIT ( * ) PLANE_ANGLE_UNIT ( ) SI_UNIT ( $, .RADIAN. ) );
#764 = CARTESIAN_POINT ( 'NONE',  ( -2.379635833911093012, 2.481958400937244846, 3.338762240426656813 ) ) ;
#765 = CARTESIAN_POINT ( 'NONE',  ( 2.034983833835002809, 2.551854509395074189, 3.584396785324273971 ) ) ;
#766 = EDGE_LOOP ( 'NONE', ( #131, #1320, #889, #1716 ) ) ;
#767 = LINE ( 'NONE', #1929, #1548 ) ;
#768 = EDGE_CURVE ( 'NONE', #1584, #678, #884, .T. ) ;
#769 = EDGE_CURVE ( 'NONE', #826, #1182, #701, .T. ) ;
#770 = DIRECTION ( 'NONE',  ( 0.000000000000000000, -1.000000000000000000, 0.000000000000000000 ) ) ;
#771 = VERTEX_POINT ( 'NONE', #874 ) ;
#772 = DIRECTION ( 'NONE',  ( 0.000000000000000000, 0.000000000000000000, -1.000000000000000000 ) ) ;
#773 = AXIS2_PLACEMENT_3D ( 'NONE', #1268, #158, #1439 ) ;
#774 = DIRECTION ( 'NONE',  ( -0.7071067811865462405, -0.000000000000000000, 0.7071067811865489050 ) ) ;
#775 = DIRECTION ( 'NONE',  ( 0.7071067811865474617, 0.000000000000000000, 0.7071067811865474617 ) ) ;
#776 = ADVANCED_FACE ( 'NONE', ( #569 ), #1597, .T. ) ;
#777 = DIRECTION ( 'NONE',  ( 0.000000000000000000, 0.000000000000000000, -1.000000000000000000 ) ) ;
#778 = CARTESIAN_POINT ( 'NONE',  ( -0.8838834764831848823, 4.200000000000000178, -1.944543648263005853 ) ) ;
#779 = ADVANCED_FACE ( 'NONE', ( #1052 ), #384, .T. ) ;
#780 = FACE_OUTER_BOUND ( 'NONE', #1819, .T. ) ;
#781 = EDGE_LOOP ( 'NONE', ( #116, #604, #1732, #1065 ) ) ;
#782 = CARTESIAN_POINT ( 'NONE',  ( -2.372390194315503908, 2.446995915860261661, 3.328576424827232039 ) ) ;
#783 = MECHANICAL_DESIGN_GEOMETRIC_PRESENTATION_REPRESENTATION (  '', ( #14 ), #1713 ) ;
#784 = CARTESIAN_POINT ( 'NONE',  ( -2.379645210200261207, 2.446995915860261661, 3.338755557624869308 ) ) ;
#785 = ORIENTED_EDGE ( 'NONE', *, *, #1288, .F. ) ;
#786 = SURFACE_STYLE_USAGE ( .BOTH. , #1906 ) ;
#787 = CARTESIAN_POINT ( 'NONE',  ( -2.379645210200261207, 2.446995915860261661, 3.338755557624869308 ) ) ;
#788 = ORIENTED_EDGE ( 'NONE', *, *, #469, .F. ) ;
#789 = CARTESIAN_POINT ( 'NONE',  ( 2.922036380408612022, 0.6500000000000000222, 3.487721805357838267 ) ) ;
#790 = CYLINDRICAL_SURFACE ( 'NONE', #361, 0.2249999999999999500 ) ;
#791 = DIRECTION ( 'NONE',  ( -1.623322112070460635E-15, 0.1218693434051475177, -0.9925461516413220942 ) ) ;
#792 = VERTEX_POINT ( 'NONE', #860 ) ;
#793 =( LENGTH_UNIT ( ) NAMED_UNIT ( * ) SI_UNIT ( .MILLI., .METRE. ) );
#794 =( NAMED_UNIT ( * ) SI_UNIT ( $, .STERADIAN. ) SOLID_ANGLE_UNIT ( ) );
#795 = ORIENTED_EDGE ( 'NONE', *, *, #2054, .T. ) ;
#796 = EDGE_CURVE ( 'NONE', #1341, #628, #2110, .T. ) ;
#797 = DIRECTION ( 'NONE',  ( 1.224646799147352468E-16, 0.000000000000000000, -1.000000000000000000 ) ) ;
#798 = ADVANCED_FACE ( 'NONE', ( #255 ), #1218, .T. ) ;
#799 = LINE ( 'NONE', #987, #214 ) ;
#800 = CARTESIAN_POINT ( 'NONE',  ( 1.647173849205024743, 2.446969484247491167, 3.764628155301424250 ) ) ;
#801 = PRODUCT_RELATED_PRODUCT_CATEGORY ( 'part', '', ( #1061 ) ) ;
#802 = LINE ( 'NONE', #315, #1316 ) ;
#803 = VECTOR ( 'NONE', #476, 1000.000000000000000 ) ;
#804 = LINE ( 'NONE', #980, #1524 ) ;
#805 = DIRECTION ( 'NONE',  ( -0.000000000000000000, -1.000000000000000000, -0.000000000000000000 ) ) ;
#806 = CARTESIAN_POINT ( 'NONE',  ( -2.051482701080155735, 4.347131515493763310, -0.7028161730270923169 ) ) ;
#807 = VERTEX_POINT ( 'NONE', #1504 ) ;
#808 = ORIENTED_EDGE ( 'NONE', *, *, #1449, .T. ) ;
#809 = DIRECTION ( 'NONE',  ( -0.7071067811865489050, -0.000000000000000000, -0.7071067811865461294 ) ) ;
#810 = LINE ( 'NONE', #642, #1112 ) ;
#811 = CARTESIAN_POINT ( 'NONE',  ( -0.4218595868941260041, 2.551870252055056465, 4.087497427611862300 ) ) ;
#812 = PRESENTATION_STYLE_ASSIGNMENT (( #342 ) ) ;
#813 = FACE_OUTER_BOUND ( 'NONE', #937, .T. ) ;
#814 = CARTESIAN_POINT ( 'NONE',  ( -1.964052570840387535, 4.275489247616607535, -0.8557092887949729887 ) ) ;
#815 = ORIENTED_EDGE ( 'NONE', *, *, #2080, .T. ) ;
#816 = CIRCLE ( 'NONE', #1745, 0.2249999999999999500 ) ;
#817 = EDGE_CURVE ( 'NONE', #678, #1742, #412, .T. ) ;
#818 = COLOUR_RGB ( '',0.000000000000000000, 0.000000000000000000, 0.000000000000000000 ) ;
#819 =( LENGTH_UNIT ( ) NAMED_UNIT ( * ) SI_UNIT ( .MILLI., .METRE. ) );
#820 = DIRECTION ( 'NONE',  ( -0.7071067811865489050, -0.000000000000000000, -0.7071067811865461294 ) ) ;
#821 = DIRECTION ( 'NONE',  ( -2.029152640088076533E-16, 0.1218693434051475177, 0.9925461516413220942 ) ) ;
#822 = DIRECTION ( 'NONE',  ( 0.000000000000000000, 0.9925461516413220942, 0.1218693434051475177 ) ) ;
#823 = ORIENTED_EDGE ( 'NONE', *, *, #1308, .T. ) ;
#824 = CARTESIAN_POINT ( 'NONE',  ( 0.000000000000000000, 0.000000000000000000, -2.540000000000000036 ) ) ;
#825 = DIRECTION ( 'NONE',  ( 0.000000000000000000, -1.000000000000000000, 0.000000000000000000 ) ) ;
#826 = VERTEX_POINT ( 'NONE', #1697 ) ;
#827 = CARTESIAN_POINT ( 'NONE',  ( -2.095670122081833231, 4.350000000000000533, -0.8568529335811243541 ) ) ;
#828 = ADVANCED_FACE ( 'NONE', ( #60 ), #1821, .T. ) ;
#829 = CARTESIAN_POINT ( 'NONE',  ( 0.000000000000000000, 0.6500000000000000222, 0.000000000000000000 ) ) ;
#830 = FACE_BOUND ( 'NONE', #1299, .T. ) ;
#831 = DIRECTION ( 'NONE',  ( -0.7071067811865473507, -0.000000000000000000, -0.7071067811865477948 ) ) ;
#832 = CIRCLE ( 'NONE', #434, 0.5000000000000000000 ) ;
#833 = CARTESIAN_POINT ( 'NONE',  ( 0.000000000000000000, 0.000000000000000000, -2.540000000000000036 ) ) ;
#834 = ORIENTED_EDGE ( 'NONE', *, *, #1799, .T. ) ;
#835 = VERTEX_POINT ( 'NONE', #237 ) ;
#836 = ORIENTED_EDGE ( 'NONE', *, *, #996, .F. ) ;
#837 = CARTESIAN_POINT ( 'NONE',  ( -2.379617081248302846, 2.551883371091195674, 3.338775605911739497 ) ) ;
#838 = CARTESIAN_POINT ( 'NONE',  ( 1.950704417275659353, 4.250175437101768594, 0.8750281162356722264 ) ) ;
#839 = VECTOR ( 'NONE', #8, 1000.000000000000000 ) ;
#840 = EDGE_CURVE ( 'NONE', #1069, #309, #2027, .T. ) ;
#841 = CIRCLE ( 'NONE', #145, 4.549999999999999822 ) ;
#842 = FACE_OUTER_BOUND ( 'NONE', #504, .T. ) ;
#843 = CARTESIAN_POINT ( 'NONE',  ( -0.3535533905932743970, 4.350000000000000533, -1.750693609722694166 ) ) ;
#844 = ADVANCED_FACE ( 'NONE', ( #473 ), #109, .T. ) ;
#845 = CARTESIAN_POINT ( 'NONE',  ( 2.540000000000000036, 0.000000000000000000, 0.000000000000000000 ) ) ;
#846 = ORIENTED_EDGE ( 'NONE', *, *, #1723, .T. ) ;
#847 = ORIENTED_EDGE ( 'NONE', *, *, #998, .F. ) ;
#848 = ORIENTED_EDGE ( 'NONE', *, *, #446, .F. ) ;
#849 = DIRECTION ( 'NONE',  ( -1.000000000000000000, -0.000000000000000000, -2.044391222244499344E-16 ) ) ;
#850 = AXIS2_PLACEMENT_3D ( 'NONE', #586, #1601, #1726 ) ;
#851 = AXIS2_PLACEMENT_3D ( 'NONE', #1961, #351, #1936 ) ;
#852 = UNCERTAINTY_MEASURE_WITH_UNIT (LENGTH_MEASURE( 1.000000000000000082E-05 ), #1032, 'distance_accuracy_value', 'NONE');
#853 = CARTESIAN_POINT ( 'NONE',  ( 1.750693609722694166, 4.200000000000000178, 0.3535533905932727317 ) ) ;
#854 = AXIS2_PLACEMENT_3D ( 'NONE', #166, #1115, #933 ) ;
#855 = DIRECTION ( 'NONE',  ( 0.000000000000000000, 0.000000000000000000, -1.000000000000000000 ) ) ;
#856 = ORIENTED_EDGE ( 'NONE', *, *, #449, .T. ) ;
#857 = ORIENTED_EDGE ( 'NONE', *, *, #706, .T. ) ;
#858 = ADVANCED_FACE ( 'NONE', ( #2060 ), #1414, .T. ) ;
#859 = EDGE_CURVE ( 'NONE', #912, #2082, #2070, .T. ) ;
#860 = CARTESIAN_POINT ( 'NONE',  ( 0.000000000000000000, 0.000000000000000000, -2.040000000000000036 ) ) ;
#861 = ADVANCED_FACE ( 'NONE', ( #2085 ), #1289, .T. ) ;
#862 = FACE_BOUND ( 'NONE', #1969, .T. ) ;
#863 = ORIENTED_EDGE ( 'NONE', *, *, #2080, .F. ) ;
#864 = B_SPLINE_CURVE_WITH_KNOTS ( 'NONE', 3,
 ( #1010, #1171, #978, #536, #26, #1654 ),
 .UNSPECIFIED., .F., .F.,
 ( 4, 2, 4 ),
 ( 0.5000049239729965622, 0.7500024619864982256, 1.000000000000000000 ),
 .UNSPECIFIED. ) ;
#865 = EDGE_LOOP ( 'NONE', ( #1005, #1354, #2003, #9 ) ) ;
#866 = CARTESIAN_POINT ( 'NONE',  ( -0.1735566766086677204, 4.218280401510773103, 1.946788199335635072 ) ) ;
#867 = DIRECTION ( 'NONE',  ( 0.000000000000000000, -0.000000000000000000, 1.000000000000000000 ) ) ;
#868 = AXIS2_PLACEMENT_3D ( 'NONE', #743, #904, #1114 ) ;
#869 = DIRECTION ( 'NONE',  ( 0.000000000000000000, -1.000000000000000000, 0.000000000000000000 ) ) ;
#870 = EDGE_LOOP ( 'NONE', ( #808, #1753 ) ) ;
#871 = LINE ( 'NONE', #383, #203 ) ;
#872 = EDGE_LOOP ( 'NONE', ( #90, #1770 ) ) ;
#873 = DIRECTION ( 'NONE',  ( 0.000000000000000000, 0.000000000000000000, 1.000000000000000000 ) ) ;
#874 = CARTESIAN_POINT ( 'NONE',  ( -2.540000000000000036, 0.000000000000000000, -0.4999999999999998890 ) ) ;
#875 = DIRECTION ( 'NONE',  ( 0.000000000000000000, 0.000000000000000000, -1.000000000000000000 ) ) ;
#876 = FILL_AREA_STYLE ('',( #229 ) ) ;
#877 = VERTEX_POINT ( 'NONE', #1761 ) ;
#878 = DIRECTION ( 'NONE',  ( 0.7071067811865474617, 0.000000000000000000, -0.7071067811865474617 ) ) ;
#879 = EDGE_CURVE ( 'NONE', #76, #1389, #1897, .T. ) ;
#880 = DIRECTION ( 'NONE',  ( -0.000000000000000000, 1.000000000000000000, -0.000000000000000000 ) ) ;
#881 = ORIENTED_EDGE ( 'NONE', *, *, #1350, .T. ) ;
#882 =( NAMED_UNIT ( * ) PLANE_ANGLE_UNIT ( ) SI_UNIT ( $, .RADIAN. ) );
#883 = CARTESIAN_POINT ( 'NONE',  ( -2.035048237681993388, 2.551880747258129301, 3.584357221029733864 ) ) ;
#884 = LINE ( 'NONE', #226, #7 ) ;
#885 = DIRECTION ( 'NONE',  ( 0.000000000000000000, 0.000000000000000000, 1.000000000000000000 ) ) ;
#886 =( LENGTH_UNIT ( ) NAMED_UNIT ( * ) SI_UNIT ( .MILLI., .METRE. ) );
#887 = VERTEX_POINT ( 'NONE', #143 ) ;
#888 = DIRECTION ( 'NONE',  ( 0.000000000000000000, -1.000000000000000000, 0.000000000000000000 ) ) ;
#889 = ORIENTED_EDGE ( 'NONE', *, *, #235, .F. ) ;
#890 = DIRECTION ( 'NONE',  ( 0.000000000000000000, 0.000000000000000000, -1.000000000000000000 ) ) ;
#891 = VECTOR ( 'NONE', #809, 1000.000000000000114 ) ;
#892 = FACE_OUTER_BOUND ( 'NONE', #761, .T. ) ;
#893 = DIRECTION ( 'NONE',  ( 0.000000000000000000, 0.000000000000000000, -1.000000000000000000 ) ) ;
#894 = EDGE_CURVE ( 'NONE', #1739, #164, #1737, .T. ) ;
#895 = VECTOR ( 'NONE', #293, 1000.000000000000114 ) ;
#896 = DIRECTION ( 'NONE',  ( 0.000000000000000000, -1.000000000000000000, 0.000000000000000000 ) ) ;
#897 = ORIENTED_EDGE ( 'NONE', *, *, #2054, .F. ) ;
#898 = CARTESIAN_POINT ( 'NONE',  ( 2.372321557623195520, 2.551851885404448073, 3.328625343476831144 ) ) ;
#899 = AXIS2_PLACEMENT_3D ( 'NONE', #517, #825, #1978 ) ;
#900 = DIRECTION ( 'NONE',  ( 0.000000000000000000, 0.000000000000000000, -1.000000000000000000 ) ) ;
#901 = CIRCLE ( 'NONE', #273, 0.5624038682487046970 ) ;
#902 = VERTEX_POINT ( 'NONE', #1392 ) ;
#903 = CARTESIAN_POINT ( 'NONE',  ( 3.818376618407362422, 0.6500000000000000222, 3.464823227814076922 ) ) ;
#904 = DIRECTION ( 'NONE',  ( -1.000000000000000000, 0.000000000000000000, -2.044391222244499344E-16 ) ) ;
#905 = AXIS2_PLACEMENT_3D ( 'NONE', #403, #1673, #712 ) ;
#906 = DIRECTION ( 'NONE',  ( -0.7071067811865473507, 0.000000000000000000, -0.7071067811865477948 ) ) ;
#907 = ORIENTED_EDGE ( 'NONE', *, *, #650, .T. ) ;
#908 = CARTESIAN_POINT ( 'NONE',  ( -1.647203211307281867, 2.446990629537697526, 3.764615308082896572 ) ) ;
#909 = CIRCLE ( 'NONE', #1990, 0.2250000000000000888 ) ;
#910 = PRODUCT_DEFINITION_SHAPE ( 'NONE', 'NONE',  #371 ) ;
#911 = FACE_BOUND ( 'NONE', #766, .T. ) ;
#912 = VERTEX_POINT ( 'NONE', #1558 ) ;
#913 = ORIENTED_EDGE ( 'NONE', *, *, #125, .F. ) ;
#914 = EDGE_CURVE ( 'NONE', #670, #270, #1277, .T. ) ;
#915 = LINE ( 'NONE', #605, #1358 ) ;
#916 = DIRECTION ( 'NONE',  ( -0.000000000000000000, -1.000000000000000000, -0.000000000000000000 ) ) ;
#917 = AXIS2_PLACEMENT_3D ( 'NONE', #1055, #1105, #276 ) ;
#918 = ADVANCED_FACE ( 'NONE', ( #892 ), #110, .T. ) ;
#919 = ADVANCED_FACE ( 'NONE', ( #1424 ), #121, .T. ) ;
#920 = CARTESIAN_POINT ( 'NONE',  ( -0.4231479236604163141, 2.446982700053870197, 4.099998349863709812 ) ) ;
#921 = CARTESIAN_POINT ( 'NONE',  ( -2.379645210200261207, 2.446995915860261661, 3.338755557624869308 ) ) ;
#922 = EDGE_CURVE ( 'NONE', #1683, #56, #1330, .T. ) ;
#923 = LINE ( 'NONE', #1752, #1648 ) ;
#924 = ORIENTED_EDGE ( 'NONE', *, *, #557, .T. ) ;
#925 = CARTESIAN_POINT ( 'NONE',  ( -0.3535533905932743970, 4.350000000000000533, -1.750693609722694166 ) ) ;
#926 =( GEOMETRIC_REPRESENTATION_CONTEXT ( 3 ) GLOBAL_UNCERTAINTY_ASSIGNED_CONTEXT ( ( #852 ) ) GLOBAL_UNIT_ASSIGNED_CONTEXT ( ( #1032, #2029, #379 ) ) REPRESENTATION_CONTEXT ( 'NONE', 'WORKASPACE' ) );
#927 =( NAMED_UNIT ( * ) PLANE_ANGLE_UNIT ( ) SI_UNIT ( $, .RADIAN. ) );
#928 = ORIENTED_EDGE ( 'NONE', *, *, #190, .T. ) ;
#929 = EDGE_LOOP ( 'NONE', ( #1369, #1365, #664, #991 ) ) ;
#930 = CARTESIAN_POINT ( 'NONE',  ( 4.408728476930471151E-16, 3.700000000000000622, -3.599999999999999645 ) ) ;
#931 = VERTEX_POINT ( 'NONE', #1908 ) ;
#932 = CARTESIAN_POINT ( 'NONE',  ( -0.3535533905932743970, 4.350000000000000533, -2.164215555225200038 ) ) ;
#933 = DIRECTION ( 'NONE',  ( 0.000000000000000000, 0.000000000000000000, 1.000000000000000000 ) ) ;
#934 = CARTESIAN_POINT ( 'NONE',  ( 1.750693609722694166, 4.350000000000000533, 0.3535533905932727317 ) ) ;
#935 = CARTESIAN_POINT ( 'NONE',  ( 2.540000000000000036, -13.50000000000000000, -0.2250000000000000888 ) ) ;
#936 = CARTESIAN_POINT ( 'NONE',  ( 0.000000000000000000, 3.700000000000000622, 0.000000000000000000 ) ) ;
#937 = EDGE_LOOP ( 'NONE', ( #897, #1599, #627, #258 ) ) ;
#938 = DIRECTION ( 'NONE',  ( 0.7071067811865469066, 0.000000000000000000, -0.7071067811865482389 ) ) ;
#939 = FACE_OUTER_BOUND ( 'NONE', #1743, .T. ) ;
#940 = ORIENTED_EDGE ( 'NONE', *, *, #879, .F. ) ;
#941 = B_SPLINE_CURVE_WITH_KNOTS ( 'NONE', 3,
 ( #1388, #150, #2053, #306, #1057, #1572, #583, #908, #1231, #782 ),
 .UNSPECIFIED., .F., .F.,
 ( 4, 2, 2, 2, 4 ),
 ( 0.000000000000000000, 0.2500000000000000000, 0.5000000000000000000, 0.7500000000000001110, 1.000000000000000000 ),
 .UNSPECIFIED. ) ;
#942 = ORIENTED_EDGE ( 'NONE', *, *, #484, .T. ) ;
#943 = DIRECTION ( 'NONE',  ( -0.7071067811865482389, 0.000000000000000000, -0.7071067811865469066 ) ) ;
#944 = AXIS2_PLACEMENT_3D ( 'NONE', #833, #685, #1297 ) ;
#945 = VECTOR ( 'NONE', #1477, 1000.000000000000000 ) ;
#946 = CARTESIAN_POINT ( 'NONE',  ( 0.8806634577953185161, 4.218280401510225097, 1.946788199335566238 ) ) ;
#947 = DIRECTION ( 'NONE',  ( -0.000000000000000000, -1.000000000000000000, -0.000000000000000000 ) ) ;
#948 = DIRECTION ( 'NONE',  ( 0.000000000000000000, -1.000000000000000000, 0.000000000000000000 ) ) ;
#949 = CARTESIAN_POINT ( 'NONE',  ( 2.028779614829408384, 2.551854509395074189, 3.573468746344627078 ) ) ;
#950 = ORIENTED_EDGE ( 'NONE', *, *, #1152, .T. ) ;
#951 = PRESENTATION_STYLE_ASSIGNMENT (( #18 ) ) ;
#952 = CARTESIAN_POINT ( 'NONE',  ( -2.540000000000000036, 0.000000000000000000, 0.4999999999999998890 ) ) ;
#953 = EDGE_CURVE ( 'NONE', #1110, #163, #1808, .T. ) ;
#954 = AXIS2_PLACEMENT_3D ( 'NONE', #694, #388, #2004 ) ;
#955 = ORIENTED_EDGE ( 'NONE', *, *, #446, .T. ) ;
#956 = ORIENTED_EDGE ( 'NONE', *, *, #1762, .F. ) ;
#957 = EDGE_CURVE ( 'NONE', #1069, #1169, #901, .T. ) ;
#958 = CARTESIAN_POINT ( 'NONE',  ( -0.8838834764831848823, 4.218280401510773103, -1.946788199335634850 ) ) ;
#959 = CARTESIAN_POINT ( 'NONE',  ( 0.1255367128420598055, 4.350000000000000533, 2.095670122081833231 ) ) ;
#960 = ORIENTED_EDGE ( 'NONE', *, *, #1070, .T. ) ;
#961 = CARTESIAN_POINT ( 'NONE',  ( 1.944543648263004076, 4.187500000000000000, 0.8838834764831845492 ) ) ;
#962 = VERTEX_POINT ( 'NONE', #298 ) ;
#963 = ORIENTED_EDGE ( 'NONE', *, *, #1535, .T. ) ;
#964 = CIRCLE ( 'NONE', #1235, 4.099999999999999645 ) ;
#965 = CARTESIAN_POINT ( 'NONE',  ( 0.7028269954476730197, 4.347129804925397245, 2.051477497064426281 ) ) ;
#966 = CARTESIAN_POINT ( 'NONE',  ( -2.540000000000000036, -13.50000000000000000, -0.2250000000000000888 ) ) ;
#967 = VERTEX_POINT ( 'NONE', #932 ) ;
#968 = CARTESIAN_POINT ( 'NONE',  ( 1.060660171779817862, 4.187500000000000000, -0.3535533905932777832 ) ) ;
#969 = CARTESIAN_POINT ( 'NONE',  ( 3.570889244992073053, 0.000000000000000000, 3.924442635585331907 ) ) ;
#970 = LINE ( 'NONE', #1593, #803 ) ;
#971 = ORIENTED_EDGE ( 'NONE', *, *, #1210, .F. ) ;
#972 = EDGE_CURVE ( 'NONE', #163, #233, #1536, .T. ) ;
#973 = CARTESIAN_POINT ( 'NONE',  ( -1.946788199335634628, 4.218280401510773103, -0.8806634577952192622 ) ) ;
#974 = ORIENTED_EDGE ( 'NONE', *, *, #1379, .T. ) ;
#975 = CARTESIAN_POINT ( 'NONE',  ( -0.1767766952966373373, 4.187500000000000000, 1.944543648263005187 ) ) ;
#976 = CARTESIAN_POINT ( 'NONE',  ( 2.372321557623195076, 2.551851885404448073, 3.328625343476830700 ) ) ;
#977 = LINE ( 'NONE', #1621, #1129 ) ;
#978 = CARTESIAN_POINT ( 'NONE',  ( 0.8461765215802128370, 2.551862380530016683, 4.033982679620599754 ) ) ;
#979 = CARTESIAN_POINT ( 'NONE',  ( 2.922036380408612022, 0.6500000000000000222, 3.487721805357838267 ) ) ;
#980 = CARTESIAN_POINT ( 'NONE',  ( 3.487721805357848037, 0.6500000000000000222, 2.922036380408599587 ) ) ;
#981 = CARTESIAN_POINT ( 'NONE',  ( 2.540000000000000036, 0.000000000000000000, -0.4999999999999998890 ) ) ;
#982 = DIRECTION ( 'NONE',  ( -0.000000000000000000, -1.000000000000000000, -0.000000000000000000 ) ) ;
#983 = ORIENTED_EDGE ( 'NONE', *, *, #953, .F. ) ;
#984 = ORIENTED_EDGE ( 'NONE', *, *, #859, .F. ) ;
#985 = CIRCLE ( 'NONE', #614, 0.5624038682487044749 ) ;
#986 = EDGE_CURVE ( 'NONE', #902, #1957, #2097, .T. ) ;
#987 = CARTESIAN_POINT ( 'NONE',  ( -1.946788199335634628, 4.218280401510773103, 0.1497461523945748940 ) ) ;
#988 =( NAMED_UNIT ( * ) SI_UNIT ( $, .STERADIAN. ) SOLID_ANGLE_UNIT ( ) );
#989 = AXIS2_PLACEMENT_3D ( 'NONE', #1009, #561, #1203 ) ;
#990 = EDGE_CURVE ( 'NONE', #453, #1537, #841, .T. ) ;
#991 = ORIENTED_EDGE ( 'NONE', *, *, #1313, .T. ) ;
#992 = SURFACE_SIDE_STYLE ('',( #2114 ) ) ;
#993 = LINE ( 'NONE', #509, #575 ) ;
#994 = VERTEX_POINT ( 'NONE', #1495 ) ;
#995 = CARTESIAN_POINT ( 'NONE',  ( 0.000000000000000000, 4.200000000000000178, 0.000000000000000000 ) ) ;
#996 = EDGE_CURVE ( 'NONE', #612, #128, #799, .T. ) ;
#997 = VECTOR ( 'NONE', #938, 1000.000000000000000 ) ;
#998 = EDGE_CURVE ( 'NONE', #132, #204, #48, .T. ) ;
#999 = CARTESIAN_POINT ( 'NONE',  ( 1.946788199335635960, 4.218280401510773103, 0.8806634577952168197 ) ) ;
#1000 = ORIENTED_EDGE ( 'NONE', *, *, #1590, .T. ) ;
#1001 = CARTESIAN_POINT ( 'NONE',  ( -1.944543648263005409, 4.200000000000000178, 0.1767766952966368099 ) ) ;
#1002 = PRESENTATION_LAYER_ASSIGNMENT (  '', '', ( #1518 ) ) ;
#1003 = ORIENTED_EDGE ( 'NONE', *, *, #1350, .F. ) ;
#1004 = DIRECTION ( 'NONE',  ( 0.000000000000000000, 0.000000000000000000, 1.000000000000000000 ) ) ;
#1005 = ORIENTED_EDGE ( 'NONE', *, *, #690, .F. ) ;
#1006 = VERTEX_POINT ( 'NONE', #165 ) ;
#1007 = CARTESIAN_POINT ( 'NONE',  ( -0.8838834764831848823, 4.200000000000000178, -1.944543648263005853 ) ) ;
#1008 =( GEOMETRIC_REPRESENTATION_CONTEXT ( 3 ) GLOBAL_UNCERTAINTY_ASSIGNED_CONTEXT ( ( #1023 ) ) GLOBAL_UNIT_ASSIGNED_CONTEXT ( ( #219, #1174, #1507 ) ) REPRESENTATION_CONTEXT ( 'NONE', 'WORKASPACE' ) );
#1009 = CARTESIAN_POINT ( 'NONE',  ( 0.000000000000000000, 0.000000000000000000, 0.000000000000000000 ) ) ;
#1010 = CARTESIAN_POINT ( 'NONE',  ( 6.309749948095877757E-16, 2.551867628092794327, 4.099999999999699440 ) ) ;
#1011 = VECTOR ( 'NONE', #1420, 1000.000000000000000 ) ;
#1012 = CARTESIAN_POINT ( 'NONE',  ( 0.000000000000000000, 0.6500000000000000222, 0.000000000000000000 ) ) ;
#1013 = SURFACE_SIDE_STYLE ('',( #707 ) ) ;
#1014 = EDGE_CURVE ( 'NONE', #1612, #718, #1618, .T. ) ;
#1015 = ORIENTED_EDGE ( 'NONE', *, *, #1368, .F. ) ;
#1016 = CARTESIAN_POINT ( 'NONE',  ( 3.487721805357848037, 0.000000000000000000, 2.922036380408599587 ) ) ;
#1017 = EDGE_CURVE ( 'NONE', #1476, #277, #2087, .T. ) ;
#1018 = CARTESIAN_POINT ( 'NONE',  ( 3.924442635585343897, 0.000000000000000000, 3.570889244992059286 ) ) ;
#1019 = EDGE_CURVE ( 'NONE', #807, #1341, #37, .T. ) ;
#1020 = VECTOR ( 'NONE', #1793, 1000.000000000000000 ) ;
#1021 = COLOUR_RGB ( '',0.8980392156862745390, 0.9176470588235293713, 0.9294117647058823817 ) ;
#1022 = CARTESIAN_POINT ( 'NONE',  ( -2.540000000000000036, -13.50000000000000000, 0.000000000000000000 ) ) ;
#1023 = UNCERTAINTY_MEASURE_WITH_UNIT (LENGTH_MEASURE( 1.000000000000000082E-05 ), #219, 'distance_accuracy_value', 'NONE');
#1024 = CARTESIAN_POINT ( 'NONE',  ( 0.000000000000000000, 0.6500000000000000222, -4.549999999999999822 ) ) ;
#1025 = CARTESIAN_POINT ( 'NONE',  ( -1.944543648263005853, 4.200000000000000178, -0.8838834764831852153 ) ) ;
#1026 = EDGE_LOOP ( 'NONE', ( #721, #674 ) ) ;
#1027 = DIRECTION ( 'NONE',  ( -0.000000000000000000, -1.000000000000000000, 0.000000000000000000 ) ) ;
#1028 = ORIENTED_EDGE ( 'NONE', *, *, #922, .F. ) ;
#1029 = DIRECTION ( 'NONE',  ( -0.000000000000000000, -1.000000000000000000, -0.000000000000000000 ) ) ;
#1030 = CARTESIAN_POINT ( 'NONE',  ( 3.464823227814089801, 0.000000000000000000, 3.818376618407350875 ) ) ;
#1031 = COLOUR_RGB ( '',0.000000000000000000, 0.000000000000000000, 0.000000000000000000 ) ;
#1032 =( LENGTH_UNIT ( ) NAMED_UNIT ( * ) SI_UNIT ( .MILLI., .METRE. ) );
#1033 = FACE_OUTER_BOUND ( 'NONE', #1056, .T. ) ;
#1034 = ORIENTED_EDGE ( 'NONE', *, *, #1987, .T. ) ;
#1035 = CARTESIAN_POINT ( 'NONE',  ( 2.379576363609810841, 2.551851885404448073, 3.338804625872784815 ) ) ;
#1036 = ORIENTED_EDGE ( 'NONE', *, *, #370, .T. ) ;
#1037 = CYLINDRICAL_SURFACE ( 'NONE', #454, 0.1499999999999999667 ) ;
#1038 = CARTESIAN_POINT ( 'NONE',  ( -0.8806634577953155185, 4.218280401510225097, -1.946788199335567571 ) ) ;
#1039 = SURFACE_STYLE_USAGE ( .BOTH. , #1013 ) ;
#1040 = ORIENTED_EDGE ( 'NONE', *, *, #1072, .F. ) ;
#1041 = ORIENTED_EDGE ( 'NONE', *, *, #689, .F. ) ;
#1042 = DIRECTION ( 'NONE',  ( 2.044391222244498111E-16, 0.000000000000000000, 1.000000000000000000 ) ) ;
#1043 = DIRECTION ( 'NONE',  ( 0.000000000000000000, 0.000000000000000000, 1.000000000000000000 ) ) ;
#1044 = PRESENTATION_LAYER_ASSIGNMENT (  '', '', ( #14 ) ) ;
#1045 = DIRECTION ( 'NONE',  ( -0.1218693434051475177, 0.9925461516413220942, 0.000000000000000000 ) ) ;
#1046 = CARTESIAN_POINT ( 'NONE',  ( 0.3535533905932701226, 4.187500000000000000, 0.3535533905932700671 ) ) ;
#1047 = VERTEX_POINT ( 'NONE', #1642 ) ;
#1048 = DIRECTION ( 'NONE',  ( 0.000000000000000000, 0.000000000000000000, -1.000000000000000000 ) ) ;
#1049 = ORIENTED_EDGE ( 'NONE', *, *, #597, .F. ) ;
#1050 = CARTESIAN_POINT ( 'NONE',  ( 1.946040083519685160, 4.212187487137435404, -0.1746331969181995625 ) ) ;
#1051 = ADVANCED_FACE ( 'NONE', ( #365, #656 ), #498, .T. ) ;
#1052 = FACE_OUTER_BOUND ( 'NONE', #260, .T. ) ;
#1053 =( NAMED_UNIT ( * ) SI_UNIT ( $, .STERADIAN. ) SOLID_ANGLE_UNIT ( ) );
#1054 = EDGE_CURVE ( 'NONE', #1476, #1412, #350, .T. ) ;
#1055 = CARTESIAN_POINT ( 'NONE',  ( 3.570889244992073053, 0.6500000000000000222, 3.924442635585331907 ) ) ;
#1056 = EDGE_LOOP ( 'NONE', ( #483, #963, #1329, #652 ) ) ;
#1057 = CARTESIAN_POINT ( 'NONE',  ( 0.4218259581415643167, 2.446977413731318496, 4.087501645043222886 ) ) ;
#1058 = EDGE_LOOP ( 'NONE', ( #17, #1554 ) ) ;
#1059 = CARTESIAN_POINT ( 'NONE',  ( 1.944543648263004076, 4.200000000000000178, -0.1767766952966370597 ) ) ;
#1060 = PRESENTATION_LAYER_ASSIGNMENT (  '', '', ( #1212 ) ) ;
#1061 = PRODUCT ( 'AS312', 'AS312', '', ( #236 ) ) ;
#1062 = DIRECTION ( 'NONE',  ( 0.000000000000000000, 0.000000000000000000, -1.000000000000000000 ) ) ;
#1063 = CARTESIAN_POINT ( 'NONE',  ( 2.379619167886741771, 2.446964197924940354, 3.338774118718726314 ) ) ;
#1064 = CARTESIAN_POINT ( 'NONE',  ( -1.944543648263005631, 4.187500000000000000, 0.1767766952966368377 ) ) ;
#1065 = ORIENTED_EDGE ( 'NONE', *, *, #1449, .F. ) ;
#1066 = CARTESIAN_POINT ( 'NONE',  ( 2.372364231195857709, 2.446964697924941312, 3.328594929477374009 ) ) ;
#1067 = EDGE_CURVE ( 'NONE', #1575, #1199, #1291, .T. ) ;
#1068 = CARTESIAN_POINT ( 'NONE',  ( 2.540000000000000036, -13.50000000000000000, -0.2250000000000000888 ) ) ;
#1069 = VERTEX_POINT ( 'NONE', #1630 ) ;
#1070 = EDGE_CURVE ( 'NONE', #1347, #887, #12, .T. ) ;
#1071 = EDGE_CURVE ( 'NONE', #1828, #2105, #535, .T. ) ;
#1072 = EDGE_CURVE ( 'NONE', #835, #1576, #519, .T. ) ;
#1073 = CARTESIAN_POINT ( 'NONE',  ( 0.3535533905932766174, 4.218280401510773103, 1.750693609722693944 ) ) ;
#1074 = CARTESIAN_POINT ( 'NONE',  ( 2.035023875356696266, 2.446966841270965531, 3.584374909341458526 ) ) ;
#1075 = CARTESIAN_POINT ( 'NONE',  ( 2.540000000000000036, 0.000000000000000000, 0.000000000000000000 ) ) ;
#1076 = AXIS2_PLACEMENT_3D ( 'NONE', #2062, #148, #1271 ) ;
#1077 = DIRECTION ( 'NONE',  ( -0.7071067811865474617, 0.000000000000000000, 0.7071067811865474617 ) ) ;
#1078 = AXIS2_PLACEMENT_3D ( 'NONE', #1266, #2068, #772 ) ;
#1079 = ORIENTED_EDGE ( 'NONE', *, *, #957, .T. ) ;
#1080 = CARTESIAN_POINT ( 'NONE',  ( 2.095670122081833231, 4.350000000000000533, 0.1255367128420556699 ) ) ;
#1081 =( GEOMETRIC_REPRESENTATION_CONTEXT ( 3 ) GLOBAL_UNCERTAINTY_ASSIGNED_CONTEXT ( ( #1516 ) ) GLOBAL_UNIT_ASSIGNED_CONTEXT ( ( #562, #1686, #1528 ) ) REPRESENTATION_CONTEXT ( 'NONE', 'WORKASPACE' ) );
#1082 = UNCERTAINTY_MEASURE_WITH_UNIT (LENGTH_MEASURE( 1.000000000000000082E-05 ), #1395, 'distance_accuracy_value', 'NONE');
#1083 = CARTESIAN_POINT ( 'NONE',  ( -1.767766952966365546, 4.187500000000000000, -0.3535533905932681797 ) ) ;
#1084 = VERTEX_POINT ( 'NONE', #196 ) ;
#1085 = B_SPLINE_CURVE_WITH_KNOTS ( 'NONE', 3,
 ( #1939, #1645, #2112, #189 ),
 .UNSPECIFIED., .F., .F.,
 ( 4, 4 ),
 ( 0.000000000000000000, 1.000000000000000000 ),
 .UNSPECIFIED. ) ;
#1086 = DIRECTION ( 'NONE',  ( 0.000000000000000000, 0.000000000000000000, -1.000000000000000000 ) ) ;
#1087 = FILL_AREA_STYLE ('',( #1909 ) ) ;
#1088 = LINE ( 'NONE', #1711, #249 ) ;
#1089 = CARTESIAN_POINT ( 'NONE',  ( 3.487721805357848037, 0.000000000000000000, 2.922036380408599587 ) ) ;
#1090 = DIRECTION ( 'NONE',  ( 0.000000000000000000, 0.000000000000000000, 1.000000000000000000 ) ) ;
#1091 = ORIENTED_EDGE ( 'NONE', *, *, #1796, .T. ) ;
#1092 = CARTESIAN_POINT ( 'NONE',  ( 1.944543648263004076, 4.187500000000000000, 0.8838834764831845492 ) ) ;
#1093 = CIRCLE ( 'NONE', #758, 0.4135219455025059831 ) ;
#1094 = LINE ( 'NONE', #1285, #1011 ) ;
#1095 = ORIENTED_EDGE ( 'NONE', *, *, #508, .T. ) ;
#1096 = ORIENTED_EDGE ( 'NONE', *, *, #41, .F. ) ;
#1097 = DIRECTION ( 'NONE',  ( -0.7071067811865475727, 0.000000000000000000, -0.7071067811865475727 ) ) ;
#1098 = CARTESIAN_POINT ( 'NONE',  ( 0.8828132992114808841, 4.206094015088799765, 1.945291899229818267 ) ) ;
#1099 = VECTOR ( 'NONE', #948, 1000.000000000000000 ) ;
#1100 = PRESENTATION_LAYER_ASSIGNMENT (  '', '', ( #480 ) ) ;
#1101 = FACE_OUTER_BOUND ( 'NONE', #870, .T. ) ;
#1102 = CARTESIAN_POINT ( 'NONE',  ( 0.000000000000000000, 0.000000000000000000, -2.540000000000000036 ) ) ;
#1103 = DIRECTION ( 'NONE',  ( 0.7071067811865482389, 0.000000000000000000, 0.7071067811865469066 ) ) ;
#1104 = EDGE_CURVE ( 'NONE', #1511, #270, #810, .T. ) ;
#1105 = DIRECTION ( 'NONE',  ( 0.7071067811865489050, 0.000000000000000000, 0.7071067811865462405 ) ) ;
#1106 = ORIENTED_EDGE ( 'NONE', *, *, #370, .F. ) ;
#1107 =( NAMED_UNIT ( * ) SI_UNIT ( $, .STERADIAN. ) SOLID_ANGLE_UNIT ( ) );
#1108 = COLOUR_RGB ( '',0.000000000000000000, 0.000000000000000000, 0.000000000000000000 ) ;
#1109 = DIRECTION ( 'NONE',  ( -1.000000000000000000, 0.000000000000000000, 0.000000000000000000 ) ) ;
#1110 = VERTEX_POINT ( 'NONE', #1812 ) ;
#1111 = AXIS2_PLACEMENT_3D ( 'NONE', #845, #1474, #1500 ) ;
#1112 = VECTOR ( 'NONE', #1620, 1000.000000000000000 ) ;
#1113 = CARTESIAN_POINT ( 'NONE',  ( 3.570889244992073053, 0.000000000000000000, 3.924442635585331907 ) ) ;
#1114 = DIRECTION ( 'NONE',  ( -3.614007241618348771E-16, 0.000000000000000000, 1.000000000000000000 ) ) ;
#1115 = DIRECTION ( 'NONE',  ( -0.000000000000000000, 1.000000000000000000, -0.000000000000000000 ) ) ;
#1116 = FACE_OUTER_BOUND ( 'NONE', #1447, .T. ) ;
#1117 = CARTESIAN_POINT ( 'NONE',  ( 2.540000000000000036, 0.000000000000000000, 0.000000000000000000 ) ) ;
#1118 = B_SPLINE_CURVE_WITH_KNOTS ( 'NONE', 3,
 ( #1251, #602, #2065, #592, #1238, #1901, #438, #291 ),
 .UNSPECIFIED., .F., .F.,
 ( 4, 2, 2, 4 ),
 ( 0.000000000000000000, 9.577389198406513449E-05, 0.0001915477839681302690, 0.0003830955679362618390 ),
 .UNSPECIFIED. ) ;
#1119 = EDGE_LOOP ( 'NONE', ( #335, #2025, #1124, #577 ) ) ;
#1120 =( NAMED_UNIT ( * ) PLANE_ANGLE_UNIT ( ) SI_UNIT ( $, .RADIAN. ) );
#1121 = TOROIDAL_SURFACE ( 'NONE', #1885, 3.599999999999999645, 0.5000000000000000000 ) ;
#1122 = CARTESIAN_POINT ( 'NONE',  ( -1.750693609722694166, 4.218280401510773103, -0.3535533905932746745 ) ) ;
#1123 = AXIS2_PLACEMENT_3D ( 'NONE', #744, #1247, #2061 ) ;
#1124 = ORIENTED_EDGE ( 'NONE', *, *, #705, .T. ) ;
#1125 = ORIENTED_EDGE ( 'NONE', *, *, #1799, .F. ) ;
#1126 = PRESENTATION_STYLE_ASSIGNMENT (( #1290 ) ) ;
#1127 = ORIENTED_EDGE ( 'NONE', *, *, #1796, .F. ) ;
#1128 = CARTESIAN_POINT ( 'NONE',  ( 2.922036380408611134, 0.6500000000000000222, 3.487721805357838711 ) ) ;
#1129 = VECTOR ( 'NONE', #1983, 1000.000000000000000 ) ;
#1130 = EDGE_LOOP ( 'NONE', ( #1095, #960 ) ) ;
#1131 = EDGE_CURVE ( 'NONE', #2052, #163, #123, .T. ) ;
#1132 = CARTESIAN_POINT ( 'NONE',  ( 0.000000000000000000, 0.000000000000000000, 0.000000000000000000 ) ) ;
#1133 = CARTESIAN_POINT ( 'NONE',  ( 0.000000000000000000, 0.000000000000000000, 0.000000000000000000 ) ) ;
#1134 =( GEOMETRIC_REPRESENTATION_CONTEXT ( 3 ) GLOBAL_UNCERTAINTY_ASSIGNED_CONTEXT ( ( #2002 ) ) GLOBAL_UNIT_ASSIGNED_CONTEXT ( ( #886, #1532, #1560 ) ) REPRESENTATION_CONTEXT ( 'NONE', 'WORKASPACE' ) );
#1135 = FACE_OUTER_BOUND ( 'NONE', #1253, .T. ) ;
#1136 = FACE_OUTER_BOUND ( 'NONE', #1913, .T. ) ;
#1137 = CARTESIAN_POINT ( 'NONE',  ( -0.8557110747296379216, 4.275486912389478533, -1.964051346524444686 ) ) ;
#1138 = VERTEX_POINT ( 'NONE', #184 ) ;
#1139 = COLOUR_RGB ( '',0.000000000000000000, 0.000000000000000000, 0.000000000000000000 ) ;
#1140 = CARTESIAN_POINT ( 'NONE',  ( 3.487721805357848037, 0.6500000000000000222, 2.922036380408599587 ) ) ;
#1141 = CARTESIAN_POINT ( 'NONE',  ( -1.992487124203986770, 4.311243179432554307, 0.1036395147553265395 ) ) ;
#1142 = CARTESIAN_POINT ( 'NONE',  ( 2.372321557623195076, 2.551851885404448073, 3.328625343476830700 ) ) ;
#1143 = DIRECTION ( 'NONE',  ( -0.7071067811865474617, -0.000000000000000000, 0.7071067811865475727 ) ) ;
#1144 = DIRECTION ( 'NONE',  ( 0.000000000000000000, -0.000000000000000000, 1.000000000000000000 ) ) ;
#1145 = CYLINDRICAL_SURFACE ( 'NONE', #1807, 4.549999999999999822 ) ;
#1146 = EDGE_CURVE ( 'NONE', #792, #482, #1385, .T. ) ;
#1147 = LINE ( 'NONE', #357, #107 ) ;
#1148 = ORIENTED_EDGE ( 'NONE', *, *, #1472, .T. ) ;
#1149 = EDGE_LOOP ( 'NONE', ( #105, #1845, #942, #823 ) ) ;
#1150 = CLOSED_SHELL ( 'NONE', ( #327, #387, #1197, #1530, #2077, #1610, #710, #1151, #329, #348, #349, #762, #1051, #104, #58, #918, #798, #31, #1267, #1838, #10, #1223, #406, #1241, #25, #560, #232, #1557, #1303, #1920, #644, #1172, #1333, #1374, #401, #1861, #1531, #1736, #731, #2011, #844, #1361, #2071, #553, #1852, #542, #861, #2076, #1724, #779, #1997, #919, #776, #1163, #1881, #411, #1195, #152, #828, #858, #2016, #1698, #414, #625, #1973 ) ) ;
#1151 = ADVANCED_FACE ( 'NONE', ( #1992 ), #1121, .T. ) ;
#1152 = EDGE_CURVE ( 'NONE', #410, #628, #1878, .T. ) ;
#1153 = CARTESIAN_POINT ( 'NONE',  ( -2.540000000000000036, -13.50000000000000000, 0.000000000000000000 ) ) ;
#1154 = VECTOR ( 'NONE', #415, 1000.000000000000000 ) ;
#1155 = PLANE ( 'NONE',  #851 ) ;
#1156 =( NAMED_UNIT ( * ) PLANE_ANGLE_UNIT ( ) SI_UNIT ( $, .RADIAN. ) );
#1157 = CARTESIAN_POINT ( 'NONE',  ( -2.379617081248302846, 2.551883371091195674, 3.338775605911739497 ) ) ;
#1158 = DIRECTION ( 'NONE',  ( 0.000000000000000000, 0.000000000000000000, -1.000000000000000000 ) ) ;
#1159 = CARTESIAN_POINT ( 'NONE',  ( 0.1767766952966361438, 4.200000000000000178, -1.944543648263005853 ) ) ;
#1160 = ORIENTED_EDGE ( 'NONE', *, *, #1469, .T. ) ;
#1161 = EDGE_CURVE ( 'NONE', #1448, #510, #225, .T. ) ;
#1162 = VECTOR ( 'NONE', #1222, 1000.000000000000000 ) ;
#1163 = ADVANCED_FACE ( 'NONE', ( #2026 ), #1037, .T. ) ;
#1164 = CARTESIAN_POINT ( 'NONE',  ( 0.000000000000000000, 0.000000000000000000, 0.000000000000000000 ) ) ;
#1165 = CARTESIAN_POINT ( 'NONE',  ( 2.372364231399281653, 2.446964197924940354, 3.328594929332388208 ) ) ;
#1166 = ORIENTED_EDGE ( 'NONE', *, *, #1014, .T. ) ;
#1167 = CARTESIAN_POINT ( 'NONE',  ( 2.540000000000000036, -13.50000000000000000, 0.2250000000000000888 ) ) ;
#1168 = ORIENTED_EDGE ( 'NONE', *, *, #1368, .T. ) ;
#1169 = VERTEX_POINT ( 'NONE', #866 ) ;
#1170 = DIRECTION ( 'NONE',  ( -1.000000000000000000, -0.000000000000000000, 1.635512977795598883E-15 ) ) ;
#1171 = CARTESIAN_POINT ( 'NONE',  ( 0.4231205090190941487, 2.551865004311404839, 4.100000000000000533 ) ) ;
#1172 = ADVANCED_FACE ( 'NONE', ( #1846 ), #385, .F. ) ;
#1173 = UNCERTAINTY_MEASURE_WITH_UNIT (LENGTH_MEASURE( 1.000000000000000082E-05 ), #1479, 'distance_accuracy_value', 'NONE');
#1174 =( NAMED_UNIT ( * ) PLANE_ANGLE_UNIT ( ) SI_UNIT ( $, .RADIAN. ) );
#1175 = DIRECTION ( 'NONE',  ( 0.000000000000000000, 1.000000000000000000, -0.000000000000000000 ) ) ;
#1176 = EDGE_CURVE ( 'NONE', #35, #2017, #1426, .T. ) ;
#1177 = B_SPLINE_CURVE_WITH_KNOTS ( 'NONE', 3,
 ( #390, #1865, #72, #1025 ),
 .UNSPECIFIED., .F., .F.,
 ( 4, 4 ),
 ( 0.0001348278850649495947, 0.0001535247906316528012 ),
 .UNSPECIFIED. ) ;
#1178 = B_SPLINE_CURVE_WITH_KNOTS ( 'NONE', 3,
 ( #1830, #1963, #502, #1165 ),
 .UNSPECIFIED., .F., .F.,
 ( 4, 4 ),
 ( 0.000000000000000000, 1.000000000000000000 ),
 .UNSPECIFIED. ) ;
#1179 = DIRECTION ( 'NONE',  ( -0.000000000000000000, -1.000000000000000000, 0.000000000000000000 ) ) ;
#1180 = ORIENTED_EDGE ( 'NONE', *, *, #1367, .F. ) ;
#1181 = CARTESIAN_POINT ( 'NONE',  ( 0.8838834764831836610, 4.187500000000000000, 1.944543648263004965 ) ) ;
#1182 = VERTEX_POINT ( 'NONE', #1370 ) ;
#1183 = EDGE_CURVE ( 'NONE', #447, #962, #2008, .T. ) ;
#1184 = ORIENTED_EDGE ( 'NONE', *, *, #183, .F. ) ;
#1185 = SURFACE_STYLE_USAGE ( .BOTH. , #396 ) ;
#1186 = VECTOR ( 'NONE', #632, 999.9999999999998863 ) ;
#1187 = CARTESIAN_POINT ( 'NONE',  ( -1.945291899229819599, 4.206094015088799765, 0.1757065180249290925 ) ) ;
#1188 = DIRECTION ( 'NONE',  ( 0.000000000000000000, 1.000000000000000000, 0.000000000000000000 ) ) ;
#1189 = ORIENTED_EDGE ( 'NONE', *, *, #487, .T. ) ;
#1190 = CARTESIAN_POINT ( 'NONE',  ( 2.379590631699289194, 2.516889489577946115, 3.338794456961368340 ) ) ;
#1191 = ORIENTED_EDGE ( 'NONE', *, *, #986, .F. ) ;
#1192 = DIRECTION ( 'NONE',  ( -1.807003620809174583E-15, 0.000000000000000000, -1.000000000000000000 ) ) ;
#1193 = MECHANICAL_DESIGN_GEOMETRIC_PRESENTATION_REPRESENTATION (  '', ( #2056 ), #2023 ) ;
#1194 = AXIS2_PLACEMENT_3D ( 'NONE', #1075, #1764, #490 ) ;
#1195 = ADVANCED_FACE ( 'NONE', ( #1349 ), #51, .T. ) ;
#1196 = FACE_OUTER_BOUND ( 'NONE', #865, .T. ) ;
#1197 = ADVANCED_FACE ( 'NONE', ( #730 ), #541, .T. ) ;
#1198 = CARTESIAN_POINT ( 'NONE',  ( -0.3535533905932743970, 4.200000000000000178, -1.750693609722694166 ) ) ;
#1199 = VERTEX_POINT ( 'NONE', #1018 ) ;
#1200 = CIRCLE ( 'NONE', #1076, 0.2250000000000000888 ) ;
#1201 = EDGE_LOOP ( 'NONE', ( #788, #1148, #373, #1976 ) ) ;
#1202 = CARTESIAN_POINT ( 'NONE',  ( 0.000000000000000000, 0.6500000000000000222, 0.000000000000000000 ) ) ;
#1203 = DIRECTION ( 'NONE',  ( 1.000000000000000000, 0.000000000000000000, 0.000000000000000000 ) ) ;
#1204 = DIRECTION ( 'NONE',  ( 0.000000000000000000, -1.000000000000000000, 0.000000000000000000 ) ) ;
#1205 =( GEOMETRIC_REPRESENTATION_CONTEXT ( 3 ) GLOBAL_UNCERTAINTY_ASSIGNED_CONTEXT ( ( #1344 ) ) GLOBAL_UNIT_ASSIGNED_CONTEXT ( ( #793, #1120, #1107 ) ) REPRESENTATION_CONTEXT ( 'NONE', 'WORKASPACE' ) );
#1206 = FACE_OUTER_BOUND ( 'NONE', #1279, .T. ) ;
#1207 = PRESENTATION_STYLE_ASSIGNMENT (( #1039 ) ) ;
#1208 = ORIENTED_EDGE ( 'NONE', *, *, #1628, .T. ) ;
#1209 = DIRECTION ( 'NONE',  ( 0.000000000000000000, -1.000000000000000000, 0.000000000000000000 ) ) ;
#1210 = EDGE_CURVE ( 'NONE', #2105, #902, #580, .T. ) ;
#1211 = DIRECTION ( 'NONE',  ( 0.000000000000000000, 1.000000000000000000, 0.000000000000000000 ) ) ;
#1212 = STYLED_ITEM ( 'NONE', ( #1126 ), #1531 ) ;
#1213 = ORIENTED_EDGE ( 'NONE', *, *, #1234, .F. ) ;
#1214 = CARTESIAN_POINT ( 'NONE',  ( -0.3535533905932743970, 4.200000000000000178, -2.315342029044027417 ) ) ;
#1215 = CARTESIAN_POINT ( 'NONE',  ( 2.755455298081543853E-17, -13.50000000000000000, -2.765000000000000124 ) ) ;
#1216 = CARTESIAN_POINT ( 'NONE',  ( -1.750693609722694166, 4.200000000000000178, -0.3535533905932746745 ) ) ;
#1217 = AXIS2_PLACEMENT_3D ( 'NONE', #1198, #1179, #63 ) ;
#1218 = TOROIDAL_SURFACE ( 'NONE', #1847, 3.599999999999999645, 0.5000000000000000000 ) ;
#1219 = FACE_OUTER_BOUND ( 'NONE', #208, .T. ) ;
#1220 = ORIENTED_EDGE ( 'NONE', *, *, #254, .T. ) ;
#1221 = DIRECTION ( 'NONE',  ( 1.635512977795599081E-15, -0.000000000000000000, 1.000000000000000000 ) ) ;
#1222 = DIRECTION ( 'NONE',  ( 2.044391222244498111E-16, -0.000000000000000000, 1.000000000000000000 ) ) ;
#1223 = ADVANCED_FACE ( 'NONE', ( #722 ), #1886, .T. ) ;
#1224 = ORIENTED_EDGE ( 'NONE', *, *, #1311, .F. ) ;
#1225 = DIRECTION ( 'NONE',  ( 0.000000000000000000, -0.000000000000000000, -1.000000000000000000 ) ) ;
#1226 = EDGE_CURVE ( 'NONE', #1341, #1448, #156, .T. ) ;
#1227 = AXIS2_PLACEMENT_3D ( 'NONE', #1704, #216, #1342 ) ;
#1228 = VECTOR ( 'NONE', #500, 1000.000000000000000 ) ;
#1229 = CARTESIAN_POINT ( 'NONE',  ( 0.5815700683444945396, 4.350000000000000533, 2.095670122081832343 ) ) ;
#1230 = ORIENTED_EDGE ( 'NONE', *, *, #1574, .F. ) ;
#1231 = CARTESIAN_POINT ( 'NONE',  ( -2.028847405249320612, 2.446993272514223161, 3.573431113205235210 ) ) ;
#1232 = EDGE_LOOP ( 'NONE', ( #955, #1779, #432, #688 ) ) ;
#1233 = CARTESIAN_POINT ( 'NONE',  ( -1.944543648263005631, 4.200000000000000178, 0.1767766952966368377 ) ) ;
#1234 = EDGE_CURVE ( 'NONE', #1576, #1575, #653, .T. ) ;
#1235 = AXIS2_PLACEMENT_3D ( 'NONE', #1967, #169, #1444 ) ;
#1236 = CARTESIAN_POINT ( 'NONE',  ( 0.8838834764831873247, 4.218280401510773103, 1.946788199335633296 ) ) ;
#1237 = ORIENTED_EDGE ( 'NONE', *, *, #78, .T. ) ;
#1238 = CARTESIAN_POINT ( 'NONE',  ( 0.07732792510829993027, 4.322869458427444300, -2.008045074616073400 ) ) ;
#1239 = CARTESIAN_POINT ( 'NONE',  ( 0.1735566766086699686, 4.218280401510773103, -1.946788199335634628 ) ) ;
#1240 = ORIENTED_EDGE ( 'NONE', *, *, #508, .F. ) ;
#1241 = ADVANCED_FACE ( 'NONE', ( #1565, #2094 ), #310, .F. ) ;
#1242 = ORIENTED_EDGE ( 'NONE', *, *, #1556, .F. ) ;
#1243 = CARTESIAN_POINT ( 'NONE',  ( 1.945291899229819155, 4.206094015088799765, -0.1757065180249313685 ) ) ;
#1244 = CIRCLE ( 'NONE', #69, 0.5624038682487040308 ) ;
#1245 = B_SPLINE_SURFACE_WITH_KNOTS ( 'NONE', 1, 3, ( 
 ( #921, #764, #2088, #460 ),
 ( #1258, #300, #1592, #146 ) ),
 .UNSPECIFIED., .F., .F., .F.,
 ( 2, 2 ),
 ( 4, 4 ),
 ( 0.000000000000000000, 1.000000000000000000 ),
 ( 0.000000000000000000, 1.000000000000000000 ),
 .UNSPECIFIED. ) ;
#1246 = CARTESIAN_POINT ( 'NONE',  ( 1.946788199335566905, 4.218280401510224209, -0.1735566766087689172 ) ) ;
#1247 = DIRECTION ( 'NONE',  ( 0.000000000000000000, -1.000000000000000000, 0.000000000000000000 ) ) ;
#1248 = CIRCLE ( 'NONE', #2084, 0.5000000000000000000 ) ;
#1249 = DIRECTION ( 'NONE',  ( 0.7071067811865477948, 0.000000000000000000, -0.7071067811865473507 ) ) ;
#1250 = ORIENTED_EDGE ( 'NONE', *, *, #1067, .T. ) ;
#1251 = CARTESIAN_POINT ( 'NONE',  ( 0.1735566766086699686, 4.218280401510773103, -1.946788199335634628 ) ) ;
#1252 = SURFACE_SIDE_STYLE ('',( #481 ) ) ;
#1253 = EDGE_LOOP ( 'NONE', ( #556, #856, #616, #848 ) ) ;
#1254 = ORIENTED_EDGE ( 'NONE', *, *, #193, .F. ) ;
#1255 = CARTESIAN_POINT ( 'NONE',  ( 1.946788199335566905, 4.218280401510224209, -0.1735566766087689172 ) ) ;
#1256 = CARTESIAN_POINT ( 'NONE',  ( 0.7844409162899736998, 4.322866859012364671, 2.008041491724375849 ) ) ;
#1257 = CARTESIAN_POINT ( 'NONE',  ( -2.379645208525505762, 2.446995915860248783, 3.338755558818525149 ) ) ;
#1258 = CARTESIAN_POINT ( 'NONE',  ( -2.372390194315504353, 2.446995915860261661, 3.328576424827232039 ) ) ;
#1259 = AXIS2_PLACEMENT_3D ( 'NONE', #288, #896, #436 ) ;
#1260 = CARTESIAN_POINT ( 'NONE',  ( -0.3535533905932743970, 4.218280401510773103, -2.313097477971398419 ) ) ;
#1261 = CARTESIAN_POINT ( 'NONE',  ( -1.652221860714549129, 2.551878123476740257, 3.776135248419495660 ) ) ;
#1262 = ORIENTED_EDGE ( 'NONE', *, *, #706, .F. ) ;
#1263 = FILL_AREA_STYLE ('',( #613 ) ) ;
#1264 = CARTESIAN_POINT ( 'NONE',  ( 0.1767766952966361438, 4.200000000000000178, -1.944543648263005853 ) ) ;
#1265 = ORIENTED_EDGE ( 'NONE', *, *, #1054, .T. ) ;
#1266 = CARTESIAN_POINT ( 'NONE',  ( 3.464823227814089801, 0.6500000000000000222, 3.818376618407350875 ) ) ;
#1267 = ADVANCED_FACE ( 'NONE', ( #1775 ), #751, .T. ) ;
#1268 = CARTESIAN_POINT ( 'NONE',  ( -0.3535533905932743970, 4.200000000000000178, -1.750693609722694166 ) ) ;
#1269 = CARTESIAN_POINT ( 'NONE',  ( 1.944543648263004076, 4.187500000000000000, -0.1767766952966370597 ) ) ;
#1270 = CARTESIAN_POINT ( 'NONE',  ( -2.540000000000000036, -13.50000000000000000, 0.000000000000000000 ) ) ;
#1271 = DIRECTION ( 'NONE',  ( 0.000000000000000000, 0.000000000000000000, -1.000000000000000000 ) ) ;
#1272 = EDGE_LOOP ( 'NONE', ( #1916, #1125, #1690, #756 ) ) ;
#1273 = CARTESIAN_POINT ( 'NONE',  ( 3.358757210636106993, 0.000000000000000000, 3.924442635585332795 ) ) ;
#1274 = VERTEX_POINT ( 'NONE', #1404 ) ;
#1275 = ORIENTED_EDGE ( 'NONE', *, *, #1492, .T. ) ;
#1276 = FACE_OUTER_BOUND ( 'NONE', #440, .T. ) ;
#1277 = LINE ( 'NONE', #1233, #1419 ) ;
#1278 = CIRCLE ( 'NONE', #2009, 0.4135219455025062052 ) ;
#1279 = EDGE_LOOP ( 'NONE', ( #1794, #1816, #1028, #367 ) ) ;
#1280 = CARTESIAN_POINT ( 'NONE',  ( -1.950704231405206546, 4.250173923309395363, 0.1679216025121464118 ) ) ;
#1281 = FACE_OUTER_BOUND ( 'NONE', #1376, .T. ) ;
#1282 = DIRECTION ( 'NONE',  ( 0.000000000000000000, 0.000000000000000000, 1.000000000000000000 ) ) ;
#1283 = ORIENTED_EDGE ( 'NONE', *, *, #122, .F. ) ;
#1284 = DIRECTION ( 'NONE',  ( -0.1218693434051475177, -0.9925461516413220942, 0.000000000000000000 ) ) ;
#1285 = CARTESIAN_POINT ( 'NONE',  ( -0.3535533905932743415, 4.350000000000000533, -2.095670122081833231 ) ) ;
#1286 = ORIENTED_EDGE ( 'NONE', *, *, #1367, .T. ) ;
#1287 = AXIS2_PLACEMENT_3D ( 'NONE', #1598, #151, #748 ) ;
#1288 = EDGE_CURVE ( 'NONE', #2104, #132, #1413, .T. ) ;
#1289 = CONICAL_SURFACE ( 'NONE', #773, 0.5646484193213331393, 0.1221730476396030995 ) ;
#1290 = SURFACE_STYLE_USAGE ( .BOTH. , #1971 ) ;
#1291 = LINE ( 'NONE', #1332, #548 ) ;
#1292 = CARTESIAN_POINT ( 'NONE',  ( 0.000000000000000000, 3.700000000000000622, -4.099999999999999645 ) ) ;
#1293 = DIRECTION ( 'NONE',  ( 0.000000000000000000, -1.000000000000000000, 0.000000000000000000 ) ) ;
#1294 = SURFACE_STYLE_FILL_AREA ( #1994 ) ;
#1295 = CARTESIAN_POINT ( 'NONE',  ( -0.1767766952966373373, 4.187500000000000000, 1.944543648263005187 ) ) ;
#1296 = VECTOR ( 'NONE', #1708, 1000.000000000000000 ) ;
#1297 = DIRECTION ( 'NONE',  ( 0.000000000000000000, 0.000000000000000000, 1.000000000000000000 ) ) ;
#1298 = CIRCLE ( 'NONE', #1965, 4.549999999999999822 ) ;
#1299 = EDGE_LOOP ( 'NONE', ( #1985, #1254 ) ) ;
#1300 = CARTESIAN_POINT ( 'NONE',  ( 0.8806634577953185161, 4.218280401510225097, 1.946788199335566238 ) ) ;
#1301 = DIRECTION ( 'NONE',  ( 0.000000000000000000, 0.000000000000000000, -1.000000000000000000 ) ) ;
#1302 = CARTESIAN_POINT ( 'NONE',  ( -1.946788199335567349, 4.218280401510225097, 0.1735566766087668078 ) ) ;
#1303 = ADVANCED_FACE ( 'NONE', ( #1437 ), #283, .T. ) ;
#1304 = CARTESIAN_POINT ( 'NONE',  ( 2.028779614829408384, 2.551854509395074189, 3.573468746344627078 ) ) ;
#1305 = AXIS2_PLACEMENT_3D ( 'NONE', #112, #1249, #906 ) ;
#1306 = CARTESIAN_POINT ( 'NONE',  ( -0.1746331969181308397, 4.212187487137801334, 1.946040083519730901 ) ) ;
#1307 = CARTESIAN_POINT ( 'NONE',  ( 0.000000000000000000, 0.000000000000000000, 0.000000000000000000 ) ) ;
#1308 = EDGE_CURVE ( 'NONE', #1828, #1742, #915, .T. ) ;
#1309 = CARTESIAN_POINT ( 'NONE',  ( 5.021051876504147385E-16, 4.200000000000000178, 4.099999999999999645 ) ) ;
#1310 = ORIENTED_EDGE ( 'NONE', *, *, #579, .T. ) ;
#1311 = EDGE_CURVE ( 'NONE', #56, #2082, #2081, .T. ) ;
#1312 = AXIS2_PLACEMENT_3D ( 'NONE', #1817, #671, #1284 ) ;
#1313 = EDGE_CURVE ( 'NONE', #410, #510, #1747, .T. ) ;
#1314 = DIRECTION ( 'NONE',  ( 0.000000000000000000, -1.000000000000000000, 0.000000000000000000 ) ) ;
#1315 = CARTESIAN_POINT ( 'NONE',  ( -2.077070363727465008, 4.350000000000002309, -0.06408994386264817156 ) ) ;
#1316 = VECTOR ( 'NONE', #1143, 1000.000000000000000 ) ;
#1317 = ORIENTED_EDGE ( 'NONE', *, *, #1226, .T. ) ;
#1318 = DIRECTION ( 'NONE',  ( -0.000000000000000000, -1.000000000000000000, -0.000000000000000000 ) ) ;
#1319 = LINE ( 'NONE', #32, #1559 ) ;
#1320 = ORIENTED_EDGE ( 'NONE', *, *, #1334, .F. ) ;
#1321 = ORIENTED_EDGE ( 'NONE', *, *, #768, .T. ) ;
#1322 = DIRECTION ( 'NONE',  ( 0.000000000000000000, 0.000000000000000000, 1.000000000000000000 ) ) ;
#1323 = VECTOR ( 'NONE', #205, 1000.000000000000000 ) ;
#1324 = CARTESIAN_POINT ( 'NONE',  ( -0.1036348980243466111, 4.311245935513997374, 1.992489948927628873 ) ) ;
#1325 = PLANE ( 'NONE',  #1844 ) ;
#1326 = DIRECTION ( 'NONE',  ( 0.000000000000000000, 0.000000000000000000, -1.000000000000000000 ) ) ;
#1327 = CARTESIAN_POINT ( 'NONE',  ( -1.992489948927627097, 4.311245935513997374, -0.8107416792108981252 ) ) ;
#1328 = ORIENTED_EDGE ( 'NONE', *, *, #1923, .T. ) ;
#1329 = ORIENTED_EDGE ( 'NONE', *, *, #1226, .F. ) ;
#1330 = B_SPLINE_CURVE_WITH_KNOTS ( 'NONE', 3,
 ( #134, #444, #607, #598, #311, #752, #1405, #1246 ),
 .UNSPECIFIED., .F., .F.,
 ( 4, 2, 2, 4 ),
 ( -3.298698135720537446E-06, 0.0001893016036880170653, 0.0002856017545998855260, 0.0003819019055117540409 ),
 .UNSPECIFIED. ) ;
#1331 = VECTOR ( 'NONE', #228, 1000.000000000000000 ) ;
#1332 = CARTESIAN_POINT ( 'NONE',  ( 3.924442635585343897, 0.6500000000000000222, 3.570889244992059286 ) ) ;
#1333 = ADVANCED_FACE ( 'NONE', ( #155 ), #470, .F. ) ;
#1334 = EDGE_CURVE ( 'NONE', #399, #2048, #409, .T. ) ;
#1335 = CARTESIAN_POINT ( 'NONE',  ( -0.8436295442269405864, 2.551872875862284396, 4.021677501229494744 ) ) ;
#1336 = FACE_OUTER_BOUND ( 'NONE', #679, .T. ) ;
#1337 = DIRECTION ( 'NONE',  ( -0.000000000000000000, 1.000000000000000000, -0.000000000000000000 ) ) ;
#1338 = CARTESIAN_POINT ( 'NONE',  ( 0.000000000000000000, 4.200000000000000178, 0.000000000000000000 ) ) ;
#1339 = ORIENTED_EDGE ( 'NONE', *, *, #1911, .F. ) ;
#1340 = DIRECTION ( 'NONE',  ( -0.000000000000000000, 1.000000000000000000, -0.000000000000000000 ) ) ;
#1341 = VERTEX_POINT ( 'NONE', #1038 ) ;
#1342 = DIRECTION ( 'NONE',  ( 0.000000000000000000, 0.000000000000000000, 1.000000000000000000 ) ) ;
#1343 = DIRECTION ( 'NONE',  ( -0.000000000000000000, -1.000000000000000000, -0.000000000000000000 ) ) ;
#1344 = UNCERTAINTY_MEASURE_WITH_UNIT (LENGTH_MEASURE( 1.000000000000000082E-05 ), #793, 'distance_accuracy_value', 'NONE');
#1345 = DIRECTION ( 'NONE',  ( 1.000000000000000000, 0.000000000000000000, 0.000000000000000000 ) ) ;
#1346 = VECTOR ( 'NONE', #2102, 1000.000000000000114 ) ;
#1347 = VERTEX_POINT ( 'NONE', #2072 ) ;
#1348 = ORIENTED_EDGE ( 'NONE', *, *, #269, .T. ) ;
#1349 = FACE_OUTER_BOUND ( 'NONE', #582, .T. ) ;
#1350 = EDGE_CURVE ( 'NONE', #1575, #1584, #1751, .T. ) ;
#1351 = DIRECTION ( 'NONE',  ( -0.000000000000000000, -1.000000000000000000, 0.000000000000000000 ) ) ;
#1352 = PLANE ( 'NONE',  #1582 ) ;
#1353 = CARTESIAN_POINT ( 'NONE',  ( 0.000000000000000000, 0.6500000000000000222, 0.000000000000000000 ) ) ;
#1354 = ORIENTED_EDGE ( 'NONE', *, *, #1379, .F. ) ;
#1355 = DIRECTION ( 'NONE',  ( 0.000000000000000000, 0.000000000000000000, 1.000000000000000000 ) ) ;
#1356 = VERTEX_POINT ( 'NONE', #2050 ) ;
#1357 = CIRCLE ( 'NONE', #1259, 0.1500000000000003830 ) ;
#1358 = VECTOR ( 'NONE', #271, 1000.000000000000000 ) ;
#1359 = AXIS2_PLACEMENT_3D ( 'NONE', #829, #669, #217 ) ;
#1360 = CARTESIAN_POINT ( 'NONE',  ( -0.3535533905932743970, 4.200000000000000178, -1.750693609722694166 ) ) ;
#1361 = ADVANCED_FACE ( 'NONE', ( #1135 ), #648, .T. ) ;
#1362 = FILL_AREA_STYLE_COLOUR ( '', #1139 ) ;
#1363 = CIRCLE ( 'NONE', #1930, 0.5646484193213333613 ) ;
#1364 = CARTESIAN_POINT ( 'NONE',  ( -0.3535533905932743970, 4.200000000000000178, -1.750693609722694166 ) ) ;
#1365 = ORIENTED_EDGE ( 'NONE', *, *, #1539, .T. ) ;
#1366 = DIRECTION ( 'NONE',  ( 0.000000000000000000, 0.000000000000000000, -1.000000000000000000 ) ) ;
#1367 = EDGE_CURVE ( 'NONE', #2105, #877, #491, .T. ) ;
#1368 = EDGE_CURVE ( 'NONE', #67, #1047, #2099, .T. ) ;
#1369 = ORIENTED_EDGE ( 'NONE', *, *, #1161, .F. ) ;
#1370 = CARTESIAN_POINT ( 'NONE',  ( 0.3535533905932702337, 4.187500000000000000, 1.767766952966365102 ) ) ;
#1371 = PRESENTATION_STYLE_ASSIGNMENT (( #1185 ) ) ;
#1372 = CIRCLE ( 'NONE', #133, 0.4999999999999998890 ) ;
#1373 = PLANE ( 'NONE',  #251 ) ;
#1374 = ADVANCED_FACE ( 'NONE', ( #5 ), #341, .F. ) ;
#1375 = CARTESIAN_POINT ( 'NONE',  ( 0.000000000000000000, 0.000000000000000000, 0.000000000000000000 ) ) ;
#1376 = EDGE_LOOP ( 'NONE', ( #1224, #1310, #1639, #558 ) ) ;
#1377 = DIRECTION ( 'NONE',  ( 0.000000000000000000, 0.000000000000000000, 1.000000000000000000 ) ) ;
#1378 = DIRECTION ( 'NONE',  ( 0.000000000000000000, 0.000000000000000000, 1.000000000000000000 ) ) ;
#1379 = EDGE_CURVE ( 'NONE', #1110, #1084, #1085, .T. ) ;
#1380 = ORIENTED_EDGE ( 'NONE', *, *, #1677, .T. ) ;
#1381 = CARTESIAN_POINT ( 'NONE',  ( 0.000000000000000000, 3.700000000000000622, 0.000000000000000000 ) ) ;
#1382 = DIRECTION ( 'NONE',  ( 0.000000000000000000, 1.000000000000000000, 0.000000000000000000 ) ) ;
#1383 = APPLICATION_CONTEXT ( 'automotive_design' ) ;
#1384 = VECTOR ( 'NONE', #1484, 1000.000000000000000 ) ;
#1385 = CIRCLE ( 'NONE', #1674, 0.5000000000000000000 ) ;
#1386 = CARTESIAN_POINT ( 'NONE',  ( -2.379617081248302846, 2.551883371091195674, 3.338775605911739497 ) ) ;
#1387 = ORIENTED_EDGE ( 'NONE', *, *, #347, .T. ) ;
#1388 = CARTESIAN_POINT ( 'NONE',  ( 2.372364231399281653, 2.446964197924940354, 3.328594929332388208 ) ) ;
#1389 = VERTEX_POINT ( 'NONE', #1481 ) ;
#1390 = CARTESIAN_POINT ( 'NONE',  ( -0.3535533905932743970, 4.218280401510773103, -1.750693609722694166 ) ) ;
#1391 = EDGE_CURVE ( 'NONE', #628, #392, #802, .T. ) ;
#1392 = CARTESIAN_POINT ( 'NONE',  ( 5.572142936120457327E-16, 0.6500000000000000222, 4.549999999999999822 ) ) ;
#1393 = PRESENTATION_LAYER_ASSIGNMENT (  '', '', ( #2056 ) ) ;
#1394 = CIRCLE ( 'NONE', #221, 4.549999999999999822 ) ;
#1395 =( LENGTH_UNIT ( ) NAMED_UNIT ( * ) SI_UNIT ( .MILLI., .METRE. ) );
#1396 = B_SPLINE_SURFACE_WITH_KNOTS ( 'NONE', 1, 3, ( 
 ( #1063, #1074, #1735, #275, #1749, #920, #1580, #135, #608, #1257 ),
 ( #459, #339, #800, #1441, #3, #1780, #186, #1425, #645, #1605 ) ),
 .UNSPECIFIED., .F., .F., .F.,
 ( 2, 2 ),
 ( 4, 2, 2, 2, 4 ),
 ( 0.000000000000000000, 1.000000000000000000 ),
 ( 0.000000000000000000, 0.2499999998987410543, 0.4999999997974821087, 0.7499999996962232185, 0.9999999995949642173 ),
 .UNSPECIFIED. ) ;
#1397 = CARTESIAN_POINT ( 'NONE',  ( -2.372362151122545892, 2.551883371091195674, 3.328596411991277204 ) ) ;
#1398 = ORIENTED_EDGE ( 'NONE', *, *, #1071, .F. ) ;
#1399 = DIRECTION ( 'NONE',  ( -0.000000000000000000, 1.000000000000000000, -0.000000000000000000 ) ) ;
#1400 = B_SPLINE_CURVE_WITH_KNOTS ( 'NONE', 3,
 ( #246, #368, #1187, #1001 ),
 .UNSPECIFIED., .F., .F.,
 ( 4, 4 ),
 ( 0.0001348278850655106422, 0.0001535247906316528283 ),
 .UNSPECIFIED. ) ;
#1401 = FILL_AREA_STYLE ('',( #603 ) ) ;
#1402 = VERTEX_POINT ( 'NONE', #301 ) ;
#1403 = AXIS2_PLACEMENT_3D ( 'NONE', #1679, #1873, #2006 ) ;
#1404 = CARTESIAN_POINT ( 'NONE',  ( 2.755455298081543853E-17, 0.000000000000000000, -2.765000000000000124 ) ) ;
#1405 = CARTESIAN_POINT ( 'NONE',  ( 1.950704231405206324, 4.250173923309394475, -0.1679216025121487710 ) ) ;
#1406 = MECHANICAL_DESIGN_GEOMETRIC_PRESENTATION_REPRESENTATION (  '', ( #1660 ), #926 ) ;
#1407 = DIRECTION ( 'NONE',  ( 1.000000000000000000, 0.000000000000000000, -1.807003620809174583E-15 ) ) ;
#1408 = EDGE_LOOP ( 'NONE', ( #2093, #568, #231, #907 ) ) ;
#1409 = DIRECTION ( 'NONE',  ( 0.000000000000000000, -1.000000000000000000, 0.000000000000000000 ) ) ;
#1410 = DIRECTION ( 'NONE',  ( 0.000000000000000000, 0.000000000000000000, 1.000000000000000000 ) ) ;
#1411 = ORIENTED_EDGE ( 'NONE', *, *, #1923, .F. ) ;
#1412 = VERTEX_POINT ( 'NONE', #635 ) ;
#1413 = LINE ( 'NONE', #106, #1855 ) ;
#1414 = CYLINDRICAL_SURFACE ( 'NONE', #868, 0.1499999999999999667 ) ;
#1415 = DIRECTION ( 'NONE',  ( 0.000000000000000000, 1.000000000000000000, 0.000000000000000000 ) ) ;
#1416 = CARTESIAN_POINT ( 'NONE',  ( 0.8435804964646849147, 2.551862380633372673, 4.021687789693833004 ) ) ;
#1417 = ORIENTED_EDGE ( 'NONE', *, *, #1183, .F. ) ;
#1418 = FACE_OUTER_BOUND ( 'NONE', #1232, .T. ) ;
#1419 = VECTOR ( 'NONE', #775, 1000.000000000000114 ) ;
#1420 = DIRECTION ( 'NONE',  ( 1.000000000000000000, -0.000000000000000000, 2.044391222244499344E-16 ) ) ;
#1421 = ORIENTED_EDGE ( 'NONE', *, *, #1628, .F. ) ;
#1422 = EDGE_LOOP ( 'NONE', ( #665, #358, #181, #402 ) ) ;
#1423 = DIRECTION ( 'NONE',  ( 0.000000000000000000, -1.000000000000000000, 0.000000000000000000 ) ) ;
#1424 = FACE_OUTER_BOUND ( 'NONE', #1130, .T. ) ;
#1425 = CARTESIAN_POINT ( 'NONE',  ( -1.647203211307281867, 2.446990629537697526, 3.764615308082896572 ) ) ;
#1426 = CIRCLE ( 'NONE', #1792, 4.099999999999999645 ) ;
#1427 = CARTESIAN_POINT ( 'NONE',  ( 2.372364231399281653, 2.446964197924940354, 3.328594929332388208 ) ) ;
#1428 = VECTOR ( 'NONE', #1767, 1000.000000000000114 ) ;
#1429 = SURFACE_STYLE_FILL_AREA ( #1781 ) ;
#1430 = PRODUCT_DEFINITION_FORMATION_WITH_SPECIFIED_SOURCE ( 'ANY', '', #1061, .NOT_KNOWN. ) ;
#1431 = DIRECTION ( 'NONE',  ( 1.635512977795599081E-15, -0.000000000000000000, 1.000000000000000000 ) ) ;
#1432 = ORIENTED_EDGE ( 'NONE', *, *, #244, .F. ) ;
#1433 = LINE ( 'NONE', #1596, #1346 ) ;
#1434 = LINE ( 'NONE', #2066, #895 ) ;
#1435 = ORIENTED_EDGE ( 'NONE', *, *, #879, .T. ) ;
#1436 = EDGE_LOOP ( 'NONE', ( #57, #223, #1773, #2033, #1834, #1561, #863, #1533, #492 ) ) ;
#1437 = FACE_OUTER_BOUND ( 'NONE', #1944, .T. ) ;
#1438 = DIRECTION ( 'NONE',  ( 1.000000000000000000, -0.000000000000000000, 1.224646799147353207E-16 ) ) ;
#1439 = DIRECTION ( 'NONE',  ( 0.000000000000000000, 0.000000000000000000, -1.000000000000000000 ) ) ;
#1440 = EDGE_LOOP ( 'NONE', ( #1166, #1262, #242, #1096, #1600 ) ) ;
#1441 = CARTESIAN_POINT ( 'NONE',  ( 0.8436038046669193102, 2.446974770570042867, 4.021683659606334338 ) ) ;
#1442 = CARTESIAN_POINT ( 'NONE',  ( 0.000000000000000000, -13.50000000000000000, -2.540000000000000036 ) ) ;
#1443 = VERTEX_POINT ( 'NONE', #1815 ) ;
#1444 = DIRECTION ( 'NONE',  ( 0.000000000000000000, 0.000000000000000000, -1.000000000000000000 ) ) ;
#1445 = EDGE_CURVE ( 'NONE', #277, #138, #970, .T. ) ;
#1446 = CARTESIAN_POINT ( 'NONE',  ( 0.1767766952966361438, 4.187500000000000000, -1.944543648263005853 ) ) ;
#1447 = EDGE_LOOP ( 'NONE', ( #160, #1491, #1661, #375 ) ) ;
#1448 = VERTEX_POINT ( 'NONE', #1260 ) ;
#1449 = EDGE_CURVE ( 'NONE', #962, #447, #1278, .T. ) ;
#1450 = EDGE_CURVE ( 'NONE', #1537, #1402, #16, .T. ) ;
#1451 = LINE ( 'NONE', #471, #891 ) ;
#1452 = DIRECTION ( 'NONE',  ( 0.7071067811865482389, 0.000000000000000000, 0.7071067811865469066 ) ) ;
#1453 = CARTESIAN_POINT ( 'NONE',  ( 0.3535533905932766174, 4.200000000000000178, 1.750693609722693944 ) ) ;
#1454 = CARTESIAN_POINT ( 'NONE',  ( 0.004290608159459727115, 4.347131515493762421, 2.051482701080154847 ) ) ;
#1455 = FILL_AREA_STYLE ('',( #50 ) ) ;
#1456 = DIRECTION ( 'NONE',  ( -0.000000000000000000, 1.000000000000000000, -0.000000000000000000 ) ) ;
#1457 = FILL_AREA_STYLE_COLOUR ( '', #1108 ) ;
#1458 = FACE_OUTER_BOUND ( 'NONE', #1999, .T. ) ;
#1459 = CARTESIAN_POINT ( 'NONE',  ( -0.7028269954476693560, 4.347129804925396357, -2.051477497064426725 ) ) ;
#1460 = EDGE_LOOP ( 'NONE', ( #1317, #1788, #1034, #1710 ) ) ;
#1461 = AXIS2_PLACEMENT_3D ( 'NONE', #433, #1947, #1062 ) ;
#1462 = CARTESIAN_POINT ( 'NONE',  ( -1.750693609722694166, 4.200000000000000178, -0.3535533905932746745 ) ) ;
#1463 = CARTESIAN_POINT ( 'NONE',  ( 5.375164068905902203E-16, 2.446980056792716685, 4.099999999999876188 ) ) ;
#1464 = EDGE_CURVE ( 'NONE', #164, #1739, #374, .T. ) ;
#1465 =( NAMED_UNIT ( * ) PLANE_ANGLE_UNIT ( ) SI_UNIT ( $, .RADIAN. ) );
#1466 = FILL_AREA_STYLE_COLOUR ( '', #1021 ) ;
#1467 = EDGE_CURVE ( 'NONE', #1576, #1402, #1766, .T. ) ;
#1468 =( NAMED_UNIT ( * ) SI_UNIT ( $, .STERADIAN. ) SOLID_ANGLE_UNIT ( ) );
#1469 = EDGE_CURVE ( 'NONE', #1169, #270, #1849, .T. ) ;
#1470 = EDGE_CURVE ( 'NONE', #1199, #678, #157, .T. ) ;
#1471 = DIRECTION ( 'NONE',  ( 0.000000000000000000, -1.000000000000000000, 0.000000000000000000 ) ) ;
#1472 = EDGE_CURVE ( 'NONE', #2017, #280, #832, .T. ) ;
#1473 = VECTOR ( 'NONE', #124, 1000.000000000000000 ) ;
#1474 = DIRECTION ( 'NONE',  ( -0.000000000000000000, -1.000000000000000000, -0.000000000000000000 ) ) ;
#1475 = COLOUR_RGB ( '',0.000000000000000000, 0.000000000000000000, 0.000000000000000000 ) ;
#1476 = VERTEX_POINT ( 'NONE', #336 ) ;
#1477 = DIRECTION ( 'NONE',  ( -1.000000000000000000, -0.000000000000000000, -2.044391222244499344E-16 ) ) ;
#1478 = FACE_OUTER_BOUND ( 'NONE', #677, .T. ) ;
#1479 =( LENGTH_UNIT ( ) NAMED_UNIT ( * ) SI_UNIT ( .MILLI., .METRE. ) );
#1480 = AXIS2_PLACEMENT_3D ( 'NONE', #137, #1431, #1407 ) ;
#1481 = CARTESIAN_POINT ( 'NONE',  ( -1.060660171779817196, 4.187500000000000000, 0.3535533905932781717 ) ) ;
#1482 = ORIENTED_EDGE ( 'NONE', *, *, #749, .F. ) ;
#1483 = CARTESIAN_POINT ( 'NONE',  ( 3.358757210636106993, 0.6500000000000000222, 3.924442635585332795 ) ) ;
#1484 = DIRECTION ( 'NONE',  ( -0.000000000000000000, -1.000000000000000000, -0.000000000000000000 ) ) ;
#1485 = ORIENTED_EDGE ( 'NONE', *, *, #1210, .T. ) ;
#1486 = AXIS2_PLACEMENT_3D ( 'NONE', #199, #516, #638 ) ;
#1487 = DIRECTION ( 'NONE',  ( -0.000000000000000000, -1.000000000000000000, -0.000000000000000000 ) ) ;
#1488 = CARTESIAN_POINT ( 'NONE',  ( -2.379617081248302846, 2.551883371091195674, 3.338775605911739497 ) ) ;
#1489 = PLANE ( 'NONE',  #899 ) ;
#1490 = ORIENTED_EDGE ( 'NONE', *, *, #1951, .T. ) ;
#1491 = ORIENTED_EDGE ( 'NONE', *, *, #88, .F. ) ;
#1492 = EDGE_CURVE ( 'NONE', #1742, #877, #1451, .T. ) ;
#1493 = EDGE_LOOP ( 'NONE', ( #1551, #149 ) ) ;
#1494 = AXIS2_PLACEMENT_3D ( 'NONE', #140, #2078, #900 ) ;
#1495 = CARTESIAN_POINT ( 'NONE',  ( 0.000000000000000000, -13.50000000000000000, -2.315000000000000391 ) ) ;
#1496 = AXIS2_PLACEMENT_3D ( 'NONE', #1547, #543, #867 ) ;
#1497 = PLANE ( 'NONE',  #1857 ) ;
#1498 = CYLINDRICAL_SURFACE ( 'NONE', #571, 0.1499999999999999667 ) ;
#1499 = CARTESIAN_POINT ( 'NONE',  ( -0.3535533905932716214, 4.187500000000000000, -1.767766952966364657 ) ) ;
#1500 = DIRECTION ( 'NONE',  ( 0.000000000000000000, 0.000000000000000000, 1.000000000000000000 ) ) ;
#1501 = ORIENTED_EDGE ( 'NONE', *, *, #1633, .T. ) ;
#1502 = AXIS2_PLACEMENT_3D ( 'NONE', #422, #1555, #943 ) ;
#1503 = AXIS2_PLACEMENT_3D ( 'NONE', #2039, #1415, #885 ) ;
#1504 = CARTESIAN_POINT ( 'NONE',  ( 0.1735566766086699686, 4.218280401510773103, -1.946788199335634628 ) ) ;
#1505 = CIRCLE ( 'NONE', #530, 0.5646484193213331393 ) ;
#1506 = B_SPLINE_CURVE_WITH_KNOTS ( 'NONE', 3,
 ( #999, #838, #177, #658, #647, #354, #1984, #366 ),
 .UNSPECIFIED., .F., .F.,
 ( 4, 2, 2, 4 ),
 ( 0.000000000000000000, 9.577389198406525647E-05, 0.0001915477839681305129, 0.0003830955679362619474 ),
 .UNSPECIFIED. ) ;
#1507 =( NAMED_UNIT ( * ) SI_UNIT ( $, .STERADIAN. ) SOLID_ANGLE_UNIT ( ) );
#1508 = FACE_OUTER_BOUND ( 'NONE', #746, .T. ) ;
#1509 = CIRCLE ( 'NONE', #1403, 0.1499999999999999667 ) ;
#1510 = DIRECTION ( 'NONE',  ( -0.000000000000000000, 1.000000000000000000, -0.000000000000000000 ) ) ;
#1511 = VERTEX_POINT ( 'NONE', #975 ) ;
#1512 = EDGE_CURVE ( 'NONE', #447, #1069, #1981, .T. ) ;
#1513 = ORIENTED_EDGE ( 'NONE', *, *, #347, .F. ) ;
#1514 = VECTOR ( 'NONE', #1221, 1000.000000000000000 ) ;
#1515 = SURFACE_SIDE_STYLE ('',( #700 ) ) ;
#1516 = UNCERTAINTY_MEASURE_WITH_UNIT (LENGTH_MEASURE( 1.000000000000000082E-05 ), #562, 'distance_accuracy_value', 'NONE');
#1517 = CARTESIAN_POINT ( 'NONE',  ( 0.8838834764831836610, 4.187500000000000000, 1.944543648263004965 ) ) ;
#1518 = STYLED_ITEM ( 'NONE', ( #503 ), #1374 ) ;
#1519 = CARTESIAN_POINT ( 'NONE',  ( -2.540000000000000036, -13.50000000000000000, 0.2250000000000000888 ) ) ;
#1520 = EDGE_LOOP ( 'NONE', ( #1213, #1040, #1917, #1941, #971, #1398, #2031, #1003 ) ) ;
#1521 = CYLINDRICAL_SURFACE ( 'NONE', #732, 0.2250000000000000888 ) ;
#1522 = ORIENTED_EDGE ( 'NONE', *, *, #914, .T. ) ;
#1523 = DIRECTION ( 'NONE',  ( 1.000000000000000000, 0.000000000000000000, -1.635512977795598883E-15 ) ) ;
#1524 = VECTOR ( 'NONE', #198, 1000.000000000000000 ) ;
#1525 = EDGE_CURVE ( 'NONE', #392, #670, #1631, .T. ) ;
#1526 = APPLICATION_PROTOCOL_DEFINITION ( 'draft international standard', 'automotive_design', 1998, #91 ) ;
#1527 = VECTOR ( 'NONE', #2, 1000.000000000000000 ) ;
#1528 =( NAMED_UNIT ( * ) SI_UNIT ( $, .STERADIAN. ) SOLID_ANGLE_UNIT ( ) );
#1529 = CYLINDRICAL_SURFACE ( 'NONE', #332, 4.087499999999999467 ) ;
#1530 = ADVANCED_FACE ( 'NONE', ( #1276 ), #654, .T. ) ;
#1531 = ADVANCED_FACE ( 'NONE', ( #1641 ), #456, .F. ) ;
#1532 =( NAMED_UNIT ( * ) PLANE_ANGLE_UNIT ( ) SI_UNIT ( $, .RADIAN. ) );
#1533 = ORIENTED_EDGE ( 'NONE', *, *, #914, .F. ) ;
#1534 = CARTESIAN_POINT ( 'NONE',  ( 2.379619167886741771, 2.446964197924940354, 3.338774118718726314 ) ) ;
#1535 = EDGE_CURVE ( 'NONE', #967, #1448, #1774, .T. ) ;
#1536 = B_SPLINE_CURVE_WITH_KNOTS ( 'NONE', 3,
 ( #618, #676, #1662, #837 ),
 .UNSPECIFIED., .F., .F.,
 ( 4, 4 ),
 ( 0.000000000000000000, 1.000000000000000000 ),
 .UNSPECIFIED. ) ;
#1537 = VERTEX_POINT ( 'NONE', #1016 ) ;
#1538 = AXIS2_PLACEMENT_3D ( 'NONE', #934, #1211, #1622 ) ;
#1539 = EDGE_CURVE ( 'NONE', #1448, #807, #1244, .T. ) ;
#1540 = DIRECTION ( 'NONE',  ( 0.000000000000000000, 0.000000000000000000, -1.000000000000000000 ) ) ;
#1541 = DIRECTION ( 'NONE',  ( 0.000000000000000000, 0.000000000000000000, -1.000000000000000000 ) ) ;
#1542 = AXIS2_PLACEMENT_3D ( 'NONE', #1823, #821, #1948 ) ;
#1543 = VERTEX_POINT ( 'NONE', #2015 ) ;
#1544 = DIRECTION ( 'NONE',  ( -0.000000000000000000, -1.000000000000000000, -0.000000000000000000 ) ) ;
#1545 = EDGE_LOOP ( 'NONE', ( #1485, #2042, #591, #1180 ) ) ;
#1546 = DIRECTION ( 'NONE',  ( 0.000000000000000000, 0.000000000000000000, 1.000000000000000000 ) ) ;
#1547 = CARTESIAN_POINT ( 'NONE',  ( 0.000000000000000000, 0.000000000000000000, 0.000000000000000000 ) ) ;
#1548 = VECTOR ( 'NONE', #1883, 1000.000000000000000 ) ;
#1549 = SURFACE_SIDE_STYLE ('',( #735 ) ) ;
#1550 = FACE_OUTER_BOUND ( 'NONE', #1460, .T. ) ;
#1551 = ORIENTED_EDGE ( 'NONE', *, *, #1778, .T. ) ;
#1552 = DIRECTION ( 'NONE',  ( 0.000000000000000000, 0.000000000000000000, -1.000000000000000000 ) ) ;
#1553 = AXIS2_PLACEMENT_3D ( 'NONE', #1462, #630, #11 ) ;
#1554 = ORIENTED_EDGE ( 'NONE', *, *, #1017, .T. ) ;
#1555 = DIRECTION ( 'NONE',  ( 0.7071067811865469066, 0.000000000000000000, -0.7071067811865482389 ) ) ;
#1556 = EDGE_CURVE ( 'NONE', #280, #1725, #636, .T. ) ;
#1557 = ADVANCED_FACE ( 'NONE', ( #1691 ), #1521, .T. ) ;
#1558 = CARTESIAN_POINT ( 'NONE',  ( 1.944543648263006963, 4.200000000000000178, 0.8838834764831827728 ) ) ;
#1559 = VECTOR ( 'NONE', #673, 1000.000000000000000 ) ;
#1560 =( NAMED_UNIT ( * ) SI_UNIT ( $, .STERADIAN. ) SOLID_ANGLE_UNIT ( ) );
#1561 = ORIENTED_EDGE ( 'NONE', *, *, #78, .F. ) ;
#1562 = LINE ( 'NONE', #1092, #593 ) ;
#1563 = CARTESIAN_POINT ( 'NONE',  ( 1.944543648263006963, 4.200000000000000178, 0.8838834764831827728 ) ) ;
#1564 = ORIENTED_EDGE ( 'NONE', *, *, #1464, .F. ) ;
#1565 = FACE_BOUND ( 'NONE', #1493, .T. ) ;
#1566 = ORIENTED_EDGE ( 'NONE', *, *, #1467, .F. ) ;
#1567 = DIRECTION ( 'NONE',  ( 0.000000000000000000, 0.000000000000000000, -1.000000000000000000 ) ) ;
#1568 = AXIS2_PLACEMENT_3D ( 'NONE', #742, #2083, #2057 ) ;
#1569 = PRESENTATION_LAYER_ASSIGNMENT (  '', '', ( #655 ) ) ;
#1570 = CARTESIAN_POINT ( 'NONE',  ( -0.4231496773739244488, 2.551870252055056465, 4.099997419745231575 ) ) ;
#1571 = VERTEX_POINT ( 'NONE', #1669 ) ;
#1572 = CARTESIAN_POINT ( 'NONE',  ( -0.4218578385273052955, 2.446982700053870197, 4.087498354894613328 ) ) ;
#1573 = PRESENTATION_STYLE_ASSIGNMENT (( #1915 ) ) ;
#1574 = EDGE_CURVE ( 'NONE', #204, #628, #871, .T. ) ;
#1575 = VERTEX_POINT ( 'NONE', #400 ) ;
#1576 = VERTEX_POINT ( 'NONE', #1681 ) ;
#1577 = AXIS2_PLACEMENT_3D ( 'NONE', #1338, #381, #855 ) ;
#1578 = SURFACE_STYLE_FILL_AREA ( #1919 ) ;
#1579 = DIRECTION ( 'NONE',  ( 0.000000000000000000, 1.000000000000000000, 0.000000000000000000 ) ) ;
#1580 = CARTESIAN_POINT ( 'NONE',  ( -0.8462150957660468098, 2.446985343215145825, 4.033975786476776904 ) ) ;
#1581 = DIRECTION ( 'NONE',  ( -0.000000000000000000, -1.000000000000000000, -0.000000000000000000 ) ) ;
#1582 = AXIS2_PLACEMENT_3D ( 'NONE', #71, #1345, #220 ) ;
#1583 = PLANE ( 'NONE',  #917 ) ;
#1584 = VERTEX_POINT ( 'NONE', #2022 ) ;
#1585 = DIRECTION ( 'NONE',  ( 0.000000000000000000, -0.000000000000000000, -1.000000000000000000 ) ) ;
#1586 = ORIENTED_EDGE ( 'NONE', *, *, #1308, .F. ) ;
#1587 = ORIENTED_EDGE ( 'NONE', *, *, #269, .F. ) ;
#1588 = CARTESIAN_POINT ( 'NONE',  ( 0.6430168373239016910, 4.350000000000002309, 2.077070363727457014 ) ) ;
#1589 = CARTESIAN_POINT ( 'NONE',  ( 0.8838834764831836610, 4.200000000000000178, 1.944543648263004965 ) ) ;
#1590 = EDGE_CURVE ( 'NONE', #718, #1443, #19, .T. ) ;
#1591 = CARTESIAN_POINT ( 'NONE',  ( 1.944543648263004076, 4.200000000000000178, -0.1767766952966370597 ) ) ;
#1592 = CARTESIAN_POINT ( 'NONE',  ( -2.372371498881596708, 2.516920886014216485, 3.328589749642639539 ) ) ;
#1593 = CARTESIAN_POINT ( 'NONE',  ( -2.540000000000000036, -13.50000000000000000, 0.2250000000000000888 ) ) ;
#1594 = DIRECTION ( 'NONE',  ( 0.000000000000000000, 1.000000000000000000, 0.000000000000000000 ) ) ;
#1595 = ORIENTED_EDGE ( 'NONE', *, *, #99, .T. ) ;
#1596 = CARTESIAN_POINT ( 'NONE',  ( 0.8838834764831836610, 4.187500000000000000, 1.944543648263004965 ) ) ;
#1597 = TOROIDAL_SURFACE ( 'NONE', #241, 0.4135219455025061497, 0.1499999999999999944 ) ;
#1598 = CARTESIAN_POINT ( 'NONE',  ( -2.095670122081833231, 4.200000000000000178, -0.3535533905932746745 ) ) ;
#1599 = ORIENTED_EDGE ( 'NONE', *, *, #302, .T. ) ;
#1600 = ORIENTED_EDGE ( 'NONE', *, *, #690, .T. ) ;
#1601 = DIRECTION ( 'NONE',  ( 0.000000000000000000, 1.000000000000000000, -0.000000000000000000 ) ) ;
#1602 = CARTESIAN_POINT ( 'NONE',  ( -0.1757065180248948422, 4.206094015088982729, 1.945291899229842469 ) ) ;
#1603 = CARTESIAN_POINT ( 'NONE',  ( -2.372390194315503908, 2.446995915860261661, 3.328576424827232039 ) ) ;
#1604 = EDGE_CURVE ( 'NONE', #902, #1905, #2118, .T. ) ;
#1605 = CARTESIAN_POINT ( 'NONE',  ( -2.372390192645855045, 2.446995915860248783, 3.328576426017249013 ) ) ;
#1606 = VECTOR ( 'NONE', #1170, 1000.000000000000000 ) ;
#1607 = DIRECTION ( 'NONE',  ( 0.000000000000000000, -0.000000000000000000, -1.000000000000000000 ) ) ;
#1608 = DIRECTION ( 'NONE',  ( 0.000000000000000000, 1.000000000000000000, -0.000000000000000000 ) ) ;
#1609 = AXIS2_PLACEMENT_3D ( 'NONE', #1012, #1699, #875 ) ;
#1610 = ADVANCED_FACE ( 'NONE', ( #2032 ), #566, .T. ) ;
#1611 = CARTESIAN_POINT ( 'NONE',  ( -2.028823196099778237, 2.551880747100582880, 3.573444003425362503 ) ) ;
#1612 = VERTEX_POINT ( 'NONE', #464 ) ;
#1613 = LINE ( 'NONE', #161, #1895 ) ;
#1614 = DIRECTION ( 'NONE',  ( 0.000000000000000000, 0.000000000000000000, -1.000000000000000000 ) ) ;
#1615 = ORIENTED_EDGE ( 'NONE', *, *, #1759, .T. ) ;
#1616 = ORIENTED_EDGE ( 'NONE', *, *, #88, .T. ) ;
#1617 = COLOUR_RGB ( '',0.000000000000000000, 0.000000000000000000, 0.000000000000000000 ) ;
#1618 = B_SPLINE_CURVE_WITH_KNOTS ( 'NONE', 1,
 ( #976, #175 ),
 .UNSPECIFIED., .F., .F.,
 ( 2, 2 ),
 ( 0.000000000000000000, 1.000000000000000000 ),
 .UNSPECIFIED. ) ;
#1619 = ORIENTED_EDGE ( 'NONE', *, *, #1951, .F. ) ;
#1620 = DIRECTION ( 'NONE',  ( -0.000000000000000000, 1.000000000000000000, -0.000000000000000000 ) ) ;
#1621 = CARTESIAN_POINT ( 'NONE',  ( 0.000000000000000000, 0.6500000000000000222, -4.549999999999999822 ) ) ;
#1622 = DIRECTION ( 'NONE',  ( 0.000000000000000000, -0.000000000000000000, 1.000000000000000000 ) ) ;
#1623 = CARTESIAN_POINT ( 'NONE',  ( 1.946788199335566905, 4.218280401510224209, -0.1735566766087689172 ) ) ;
#1624 = DIRECTION ( 'NONE',  ( -0.000000000000000000, -1.000000000000000000, -0.000000000000000000 ) ) ;
#1625 = STYLED_ITEM ( 'NONE', ( #951 ), #1736 ) ;
#1626 = CARTESIAN_POINT ( 'NONE',  ( 0.000000000000000000, 4.200000000000000178, -4.099999999999999645 ) ) ;
#1627 = EDGE_LOOP ( 'NONE', ( #201, #1265, #1328, #572 ) ) ;
#1628 = EDGE_CURVE ( 'NONE', #1952, #253, #1433, .T. ) ;
#1629 = CARTESIAN_POINT ( 'NONE',  ( 0.8557110747296409192, 4.275486912389478533, 1.964051346524442909 ) ) ;
#1630 = CARTESIAN_POINT ( 'NONE',  ( 0.8806634577953185161, 4.218280401510225097, 1.946788199335566238 ) ) ;
#1631 = CIRCLE ( 'NONE', #1553, 0.5646484193213333613 ) ;
#1632 = CYLINDRICAL_SURFACE ( 'NONE', #854, 0.2249999999999999500 ) ;
#1633 = EDGE_CURVE ( 'NONE', #497, #994, #599, .T. ) ;
#1634 = CARTESIAN_POINT ( 'NONE',  ( 1.944543648263004076, 4.187500000000000000, -0.1767766952966370597 ) ) ;
#1635 = CARTESIAN_POINT ( 'NONE',  ( 3.924442635585343453, 0.6500000000000000222, 3.358757210636093671 ) ) ;
#1636 = DIRECTION ( 'NONE',  ( 0.000000000000000000, 1.000000000000000000, 0.000000000000000000 ) ) ;
#1637 = DIRECTION ( 'NONE',  ( 0.000000000000000000, 0.000000000000000000, 1.000000000000000000 ) ) ;
#1638 = LINE ( 'NONE', #1626, #643 ) ;
#1639 = ORIENTED_EDGE ( 'NONE', *, *, #125, .T. ) ;
#1640 = ORIENTED_EDGE ( 'NONE', *, *, #1762, .T. ) ;
#1641 = FACE_OUTER_BOUND ( 'NONE', #2116, .T. ) ;
#1642 = CARTESIAN_POINT ( 'NONE',  ( 2.540000000000000036, 0.000000000000000000, -0.2250000000000000888 ) ) ;
#1643 = CARTESIAN_POINT ( 'NONE',  ( -2.095670122081833231, 4.350000000000000533, -0.1255367128420575573 ) ) ;
#1644 = SURFACE_STYLE_FILL_AREA ( #15 ) ;
#1645 = CARTESIAN_POINT ( 'NONE',  ( -2.372380846612583749, 2.481958400937240850, 3.328583087254624040 ) ) ;
#1646 = ORIENTED_EDGE ( 'NONE', *, *, #1391, .T. ) ;
#1647 = CARTESIAN_POINT ( 'NONE',  ( 2.379619167886741771, 2.446964197924940354, 3.338774118718726314 ) ) ;
#1648 = VECTOR ( 'NONE', #462, 1000.000000000000000 ) ;
#1649 = VECTOR ( 'NONE', #849, 1000.000000000000000 ) ;
#1650 = CARTESIAN_POINT ( 'NONE',  ( -0.8750283836986952890, 4.250173923309396251, -1.950704231405207212 ) ) ;
#1651 = AXIS2_PLACEMENT_3D ( 'NONE', #1270, #634, #1607 ) ;
#1652 = VERTEX_POINT ( 'NONE', #738 ) ;
#1653 = CARTESIAN_POINT ( 'NONE',  ( 0.000000000000000000, 0.000000000000000000, -2.540000000000000036 ) ) ;
#1654 = CARTESIAN_POINT ( 'NONE',  ( 2.379576363609810841, 2.551851885404448073, 3.338804625872784815 ) ) ;
#1655 = DIRECTION ( 'NONE',  ( -1.635512977795599081E-15, -0.000000000000000000, -1.000000000000000000 ) ) ;
#1656 = CARTESIAN_POINT ( 'NONE',  ( 2.035050130028963622, 2.446966841069569298, 3.584356197047917192 ) ) ;
#1657 = EDGE_CURVE ( 'NONE', #253, #2104, #1562, .T. ) ;
#1658 = LINE ( 'NONE', #1667, #839 ) ;
#1659 = ORIENTED_EDGE ( 'NONE', *, *, #629, .F. ) ;
#1660 = STYLED_ITEM ( 'NONE', ( #40 ), #1861 ) ;
#1661 = ORIENTED_EDGE ( 'NONE', *, *, #103, .T. ) ;
#1662 = CARTESIAN_POINT ( 'NONE',  ( -2.379626457593773114, 2.516920886014217373, 3.338768923188947468 ) ) ;
#1663 = COLOUR_RGB ( '',0.000000000000000000, 0.000000000000000000, 0.000000000000000000 ) ;
#1664 = COLOUR_RGB ( '',0.000000000000000000, 0.000000000000000000, 0.000000000000000000 ) ;
#1665 = ORIENTED_EDGE ( 'NONE', *, *, #1234, .T. ) ;
#1666 = FILL_AREA_STYLE ('',( #1362 ) ) ;
#1667 = CARTESIAN_POINT ( 'NONE',  ( -0.1767766952966373373, 4.187500000000000000, 1.944543648263005187 ) ) ;
#1668 = ORIENTED_EDGE ( 'NONE', *, *, #1450, .T. ) ;
#1669 = CARTESIAN_POINT ( 'NONE',  ( 0.000000000000000000, 0.000000000000000000, -2.315000000000000391 ) ) ;
#1670 = PRESENTATION_LAYER_ASSIGNMENT (  '', '', ( #485 ) ) ;
#1671 = EDGE_LOOP ( 'NONE', ( #1522, #47, #437, #1380 ) ) ;
#1672 = AXIS2_PLACEMENT_3D ( 'NONE', #1353, #869, #563 ) ;
#1673 = DIRECTION ( 'NONE',  ( 0.000000000000000000, 1.000000000000000000, 0.000000000000000000 ) ) ;
#1674 = AXIS2_PLACEMENT_3D ( 'NONE', #1653, #1487, #1322 ) ;
#1675 = CYLINDRICAL_SURFACE ( 'NONE', #1359, 4.549999999999999822 ) ;
#1676 = UNCERTAINTY_MEASURE_WITH_UNIT (LENGTH_MEASURE( 1.000000000000000082E-05 ), #819, 'distance_accuracy_value', 'NONE');
#1677 = EDGE_CURVE ( 'NONE', #1652, #670, #767, .T. ) ;
#1678 = EDGE_CURVE ( 'NONE', #1389, #478, #102, .T. ) ;
#1679 = CARTESIAN_POINT ( 'NONE',  ( 3.818376618407362422, 0.000000000000000000, 3.464823227814076922 ) ) ;
#1680 = ORIENTED_EDGE ( 'NONE', *, *, #256, .F. ) ;
#1681 = CARTESIAN_POINT ( 'NONE',  ( 3.924442635585343453, 0.6500000000000000222, 3.358757210636093671 ) ) ;
#1682 = AXIS2_PLACEMENT_3D ( 'NONE', #903, #1423, #890 ) ;
#1683 = VERTEX_POINT ( 'NONE', #1080 ) ;
#1684 = CARTESIAN_POINT ( 'NONE',  ( 0.000000000000000000, 3.700000000000000622, 0.000000000000000000 ) ) ;
#1685 = CARTESIAN_POINT ( 'NONE',  ( -0.1735566766086677204, 4.218280401510773103, 1.946788199335635072 ) ) ;
#1686 =( NAMED_UNIT ( * ) PLANE_ANGLE_UNIT ( ) SI_UNIT ( $, .RADIAN. ) );
#1687 = LINE ( 'NONE', #537, #1331 ) ;
#1688 = COLOUR_RGB ( '',0.000000000000000000, 0.000000000000000000, 0.000000000000000000 ) ;
#1689 = PLANE ( 'NONE',  #662 ) ;
#1690 = ORIENTED_EDGE ( 'NONE', *, *, #1723, .F. ) ;
#1691 = FACE_OUTER_BOUND ( 'NONE', #211, .T. ) ;
#1692 = EDGE_CURVE ( 'NONE', #1758, #1110, #941, .T. ) ;
#1693 = ORIENTED_EDGE ( 'NONE', *, *, #1692, .T. ) ;
#1694 = EDGE_CURVE ( 'NONE', #1683, #1356, #1892, .T. ) ;
#1695 = EDGE_CURVE ( 'NONE', #172, #1006, #430, .T. ) ;
#1696 = EDGE_CURVE ( 'NONE', #172, #67, #431, .T. ) ;
#1697 = CARTESIAN_POINT ( 'NONE',  ( -0.3535533905932772836, 4.187500000000000000, 1.060660171779817862 ) ) ;
#1698 = ADVANCED_FACE ( 'NONE', ( #1769 ), #1731, .T. ) ;
#1699 = DIRECTION ( 'NONE',  ( 0.000000000000000000, -1.000000000000000000, 0.000000000000000000 ) ) ;
#1700 = FACE_BOUND ( 'NONE', #2021, .T. ) ;
#1701 = EDGE_LOOP ( 'NONE', ( #45, #601, #442, #1417 ) ) ;
#1702 = CARTESIAN_POINT ( 'NONE',  ( 2.379604899723584133, 2.481927093751443270, 3.338784287958491248 ) ) ;
#1703 = ORIENTED_EDGE ( 'NONE', *, *, #1696, .F. ) ;
#1704 = CARTESIAN_POINT ( 'NONE',  ( -2.540000000000000036, -13.50000000000000000, 0.000000000000000000 ) ) ;
#1705 = AXIS2_PLACEMENT_3D ( 'NONE', #1777, #587, #1567 ) ;
#1706 = SURFACE_STYLE_FILL_AREA ( #1455 ) ;
#1707 = DIRECTION ( 'NONE',  ( 0.000000000000000000, 1.000000000000000000, 0.000000000000000000 ) ) ;
#1708 = DIRECTION ( 'NONE',  ( -0.7071067811865462405, -0.000000000000000000, 0.7071067811865489050 ) ) ;
#1709 = DIRECTION ( 'NONE',  ( 0.000000000000000000, -0.000000000000000000, 1.000000000000000000 ) ) ;
#1710 = ORIENTED_EDGE ( 'NONE', *, *, #796, .F. ) ;
#1711 = CARTESIAN_POINT ( 'NONE',  ( 2.755455298081543853E-17, -13.50000000000000000, -2.765000000000000124 ) ) ;
#1712 = ORIENTED_EDGE ( 'NONE', *, *, #506, .T. ) ;
#1713 =( GEOMETRIC_REPRESENTATION_CONTEXT ( 3 ) GLOBAL_UNCERTAINTY_ASSIGNED_CONTEXT ( ( #703 ) ) GLOBAL_UNIT_ASSIGNED_CONTEXT ( ( #393, #882, #1870 ) ) REPRESENTATION_CONTEXT ( 'NONE', 'WORKASPACE' ) );
#1714 = CONICAL_SURFACE ( 'NONE', #1921, 0.5646484193213334724, 0.1221730476396030995 ) ;
#1715 = DIRECTION ( 'NONE',  ( 0.000000000000000000, -0.9925461516413220942, -0.1218693434051475177 ) ) ;
#1716 = ORIENTED_EDGE ( 'NONE', *, *, #769, .F. ) ;
#1717 = DIRECTION ( 'NONE',  ( 0.000000000000000000, -1.000000000000000000, 0.000000000000000000 ) ) ;
#1718 = DIRECTION ( 'NONE',  ( -0.000000000000000000, 1.000000000000000000, -0.000000000000000000 ) ) ;
#1719 = CARTESIAN_POINT ( 'NONE',  ( 0.7071067811865479058, 4.187500000000000000, -0.7071067811865476838 ) ) ;
#1720 = CARTESIAN_POINT ( 'NONE',  ( 0.8838834764831836610, 4.200000000000000178, 1.944543648263004965 ) ) ;
#1721 = ORIENTED_EDGE ( 'NONE', *, *, #1657, .T. ) ;
#1722 = CARTESIAN_POINT ( 'NONE',  ( 2.540000000000000036, -13.50000000000000000, 0.2250000000000000888 ) ) ;
#1723 = EDGE_CURVE ( 'NONE', #807, #931, #1118, .T. ) ;
#1724 = ADVANCED_FACE ( 'NONE', ( #448 ), #1740, .F. ) ;
#1725 = VERTEX_POINT ( 'NONE', #139 ) ;
#1726 = DIRECTION ( 'NONE',  ( 0.000000000000000000, 0.000000000000000000, -1.000000000000000000 ) ) ;
#1727 = CARTESIAN_POINT ( 'NONE',  ( -2.035027548381428630, 2.551880747100582880, 3.584371966738590487 ) ) ;
#1728 = ORIENTED_EDGE ( 'NONE', *, *, #1677, .F. ) ;
#1729 = CARTESIAN_POINT ( 'NONE',  ( 2.540000000000000036, -13.50000000000000000, 0.000000000000000000 ) ) ;
#1730 = AXIS2_PLACEMENT_3D ( 'NONE', #697, #74, #1377 ) ;
#1731 = B_SPLINE_SURFACE_WITH_KNOTS ( 'NONE', 1, 3, ( 
 ( #268, #1754, #259, #757 ),
 ( #898, #1914, #747, #1066 ) ),
 .UNSPECIFIED., .F., .F., .F.,
 ( 2, 2 ),
 ( 4, 4 ),
 ( 0.000000000000000000, 1.000000000000000000 ),
 ( 0.000000000000000000, 0.9999952329962287223 ),
 .UNSPECIFIED. ) ;
#1732 = ORIENTED_EDGE ( 'NONE', *, *, #1512, .F. ) ;
#1733 = DIRECTION ( 'NONE',  ( -0.000000000000000000, -1.000000000000000000, 0.000000000000000000 ) ) ;
#1734 = CARTESIAN_POINT ( 'NONE',  ( -1.750693609722694166, 4.350000000000000533, -0.3535533905932746745 ) ) ;
#1735 = CARTESIAN_POINT ( 'NONE',  ( 1.652211078101676112, 2.446969484247491167, 3.776140779629562960 ) ) ;
#1736 = ADVANCED_FACE ( 'NONE', ( #1418 ), #2091, .F. ) ;
#1737 = CIRCLE ( 'NONE', #1880, 0.4999999999999998890 ) ;
#1738 = CARTESIAN_POINT ( 'NONE',  ( 1.750693609722694166, 4.200000000000000178, 0.3535533905932727317 ) ) ;
#1739 = VERTEX_POINT ( 'NONE', #981 ) ;
#1740 = PLANE ( 'NONE',  #94 ) ;
#1741 = LINE ( 'NONE', #1943, #2040 ) ;
#1742 = VERTEX_POINT ( 'NONE', #1273 ) ;
#1743 = EDGE_LOOP ( 'NONE', ( #2117, #836, #308, #1928 ) ) ;
#1744 = DIRECTION ( 'NONE',  ( -0.7071067811865473507, -0.000000000000000000, -0.7071067811865477948 ) ) ;
#1745 = AXIS2_PLACEMENT_3D ( 'NONE', #1102, #947, #1949 ) ;
#1746 = DIRECTION ( 'NONE',  ( 0.000000000000000000, 0.000000000000000000, -1.000000000000000000 ) ) ;
#1747 = CIRCLE ( 'NONE', #850, 0.5646484193213331393 ) ;
#1748 = MECHANICAL_DESIGN_GEOMETRIC_PRESENTATION_REPRESENTATION (  '', ( #715 ), #1081 ) ;
#1749 = CARTESIAN_POINT ( 'NONE',  ( 0.4231159457811409230, 2.446977413731318496, 4.100001650073936688 ) ) ;
#1750 = FACE_OUTER_BOUND ( 'NONE', #290, .T. ) ;
#1751 = LINE ( 'NONE', #287, #1296 ) ;
#1752 = CARTESIAN_POINT ( 'NONE',  ( -0.1767766952966373373, 4.200000000000000178, 1.944543648263005187 ) ) ;
#1753 = ORIENTED_EDGE ( 'NONE', *, *, #1183, .T. ) ;
#1754 = CARTESIAN_POINT ( 'NONE',  ( 2.379590631699289638, 2.516889489577949668, 3.338794456961368340 ) ) ;
#1755 = CARTESIAN_POINT ( 'NONE',  ( 0.000000000000000000, 3.700000000000000622, 3.599999999999999645 ) ) ;
#1756 = B_SPLINE_CURVE_WITH_KNOTS ( 'NONE', 3,
 ( #2092, #439, #1771, #1563 ),
 .UNSPECIFIED., .F., .F.,
 ( 4, 4 ),
 ( 0.0001348278850649495947, 0.0001535247906316528283 ),
 .UNSPECIFIED. ) ;
#1757 = ORIENTED_EDGE ( 'NONE', *, *, #1836, .T. ) ;
#1758 = VERTEX_POINT ( 'NONE', #1795 ) ;
#1759 = EDGE_CURVE ( 'NONE', #1443, #2052, #2005, .T. ) ;
#1760 =( NAMED_UNIT ( * ) SI_UNIT ( $, .STERADIAN. ) SOLID_ANGLE_UNIT ( ) );
#1761 = CARTESIAN_POINT ( 'NONE',  ( 2.922036380408612022, 0.000000000000000000, 3.487721805357838267 ) ) ;
#1762 = EDGE_CURVE ( 'NONE', #2052, #240, #331, .T. ) ;
#1763 = EDGE_CURVE ( 'NONE', #478, #1900, #1613, .T. ) ;
#1764 = DIRECTION ( 'NONE',  ( -0.000000000000000000, -1.000000000000000000, -0.000000000000000000 ) ) ;
#1765 = CIRCLE ( 'NONE', #1609, 4.099999999999999645 ) ;
#1766 = LINE ( 'NONE', #1635, #1099 ) ;
#1767 = DIRECTION ( 'NONE',  ( 0.7071067811865474617, 0.000000000000000000, 0.7071067811865474617 ) ) ;
#1768 = ORIENTED_EDGE ( 'NONE', *, *, #1776, .T. ) ;
#1769 = FACE_OUTER_BOUND ( 'NONE', #1408, .T. ) ;
#1770 = ORIENTED_EDGE ( 'NONE', *, *, #529, .F. ) ;
#1771 = CARTESIAN_POINT ( 'NONE',  ( 1.945291899229843358, 4.206094015088982729, 0.8828132992114441358 ) ) ;
#1772 = EDGE_LOOP ( 'NONE', ( #1220, #699, #846, #1960 ) ) ;
#1773 = ORIENTED_EDGE ( 'NONE', *, *, #1313, .F. ) ;
#1774 = CIRCLE ( 'NONE', #1730, 0.1499999999999999667 ) ;
#1775 = FACE_OUTER_BOUND ( 'NONE', #391, .T. ) ;
#1776 = EDGE_CURVE ( 'NONE', #482, #792, #1938, .T. ) ;
#1777 = CARTESIAN_POINT ( 'NONE',  ( 0.3535533905932766174, 4.200000000000000178, 1.750693609722693944 ) ) ;
#1778 = EDGE_CURVE ( 'NONE', #1989, #240, #964, .T. ) ;
#1779 = ORIENTED_EDGE ( 'NONE', *, *, #2058, .F. ) ;
#1780 = CARTESIAN_POINT ( 'NONE',  ( -0.4218578385273052955, 2.446982700053870197, 4.087498354894613328 ) ) ;
#1781 = FILL_AREA_STYLE ('',( #328 ) ) ;
#1782 = FACE_OUTER_BOUND ( 'NONE', #1440, .T. ) ;
#1783 = ORIENTED_EDGE ( 'NONE', *, *, #1311, .T. ) ;
#1784 = CARTESIAN_POINT ( 'NONE',  ( 5.375164068905902203E-16, 2.446980056792716685, 4.099999999999876188 ) ) ;
#1785 = CIRCLE ( 'NONE', #1111, 0.2250000000000000888 ) ;
#1786 = VECTOR ( 'NONE', #1086, 1000.000000000000000 ) ;
#1787 = CYLINDRICAL_SURFACE ( 'NONE', #1287, 0.1499999999999999667 ) ;
#1788 = ORIENTED_EDGE ( 'NONE', *, *, #1161, .T. ) ;
#1789 = CARTESIAN_POINT ( 'NONE',  ( 0.8750283836986982866, 4.250173923309395363, 1.950704231405205435 ) ) ;
#1790 = CARTESIAN_POINT ( 'NONE',  ( -2.379645210200261207, 2.446995915860261661, 3.338755557624869308 ) ) ;
#1791 = DIRECTION ( 'NONE',  ( 0.000000000000000000, 0.000000000000000000, -1.000000000000000000 ) ) ;
#1792 = AXIS2_PLACEMENT_3D ( 'NONE', #1381, #1029, #1546 ) ;
#1793 = DIRECTION ( 'NONE',  ( 0.000000000000000000, -1.000000000000000000, 0.000000000000000000 ) ) ;
#1794 = ORIENTED_EDGE ( 'NONE', *, *, #705, .F. ) ;
#1795 = CARTESIAN_POINT ( 'NONE',  ( 2.372364231399281653, 2.446964197924940354, 3.328594929332388208 ) ) ;
#1796 = EDGE_CURVE ( 'NONE', #771, #73, #1372, .T. ) ;
#1797 = DIRECTION ( 'NONE',  ( -0.000000000000000000, -1.000000000000000000, -0.000000000000000000 ) ) ;
#1798 = EDGE_LOOP ( 'NONE', ( #1904, #686, #711, #1659, #1693 ) ) ;
#1799 = EDGE_CURVE ( 'NONE', #931, #967, #1093, .T. ) ;
#1800 = AXIS2_PLACEMENT_3D ( 'NONE', #238, #1337, #1832 ) ;
#1801 = AXIS2_PLACEMENT_3D ( 'NONE', #1841, #1188, #100 ) ;
#1802 = DIRECTION ( 'NONE',  ( 0.000000000000000000, -1.000000000000000000, 0.000000000000000000 ) ) ;
#1803 = FACE_OUTER_BOUND ( 'NONE', #44, .T. ) ;
#1804 = CARTESIAN_POINT ( 'NONE',  ( -1.647184598944077871, 2.551878123476740257, 3.764622640954801813 ) ) ;
#1805 = B_SPLINE_CURVE_WITH_KNOTS ( 'NONE', 3,
 ( #1643, #1315, #24, #489, #1141, #1813, #1280, #1302 ),
 .UNSPECIFIED., .F., .F.,
 ( 4, 2, 2, 4 ),
 ( -3.298698135720615373E-06, 0.0001893016036880157101, 0.0002856017545998841708, 0.0003819019055117526314 ),
 .UNSPECIFIED. ) ;
#1806 = SURFACE_SIDE_STYLE ('',( #1294 ) ) ;
#1807 = AXIS2_PLACEMENT_3D ( 'NONE', #479, #1471, #29 ) ;
#1808 = B_SPLINE_CURVE_WITH_KNOTS ( 'NONE', 1,
 ( #1603, #787 ),
 .UNSPECIFIED., .F., .F.,
 ( 2, 2 ),
 ( 0.000000000000000000, 1.000000000000000000 ),
 .UNSPECIFIED. ) ;
#1809 = CARTESIAN_POINT ( 'NONE',  ( -1.944543648263005853, 4.187500000000000000, -0.8838834764831847712 ) ) ;
#1810 = ORIENTED_EDGE ( 'NONE', *, *, #1176, .T. ) ;
#1811 = DIRECTION ( 'NONE',  ( 0.000000000000000000, 0.000000000000000000, 1.000000000000000000 ) ) ;
#1812 = CARTESIAN_POINT ( 'NONE',  ( -2.372390194315503908, 2.446995915860261661, 3.328576424827232039 ) ) ;
#1813 = CARTESIAN_POINT ( 'NONE',  ( -1.964051346524444686, 4.275486912389478533, 0.1486042935430890444 ) ) ;
#1814 = LINE ( 'NONE', #1634, #2024 ) ;
#1815 = CARTESIAN_POINT ( 'NONE',  ( 2.379619167886741771, 2.446964197924940354, 3.338774118718726314 ) ) ;
#1816 = ORIENTED_EDGE ( 'NONE', *, *, #579, .F. ) ;
#1817 = CARTESIAN_POINT ( 'NONE',  ( 1.944543648263006963, 4.200000000000000178, 0.8838834764831827728 ) ) ;
#1818 = LINE ( 'NONE', #1309, #1384 ) ;
#1819 = EDGE_LOOP ( 'NONE', ( #173, #21, #881, #1321 ) ) ;
#1820 = ORIENTED_EDGE ( 'NONE', *, *, #1696, .T. ) ;
#1821 = TOROIDAL_SURFACE ( 'NONE', #740, 0.4135219455025059276, 0.1499999999999999944 ) ;
#1822 = CARTESIAN_POINT ( 'NONE',  ( -0.4231345995472680088, 2.446982699970638997, 4.099999999999999645 ) ) ;
#1823 = CARTESIAN_POINT ( 'NONE',  ( -0.8838834764831848823, 4.200000000000000178, -1.944543648263005853 ) ) ;
#1824 = CARTESIAN_POINT ( 'NONE',  ( -0.3535533905932743970, 4.200000000000000178, -2.315342029044027417 ) ) ;
#1825 = LINE ( 'NONE', #52, #2045 ) ;
#1826 = CIRCLE ( 'NONE', #2095, 0.4999999999999998890 ) ;
#1827 = FACE_OUTER_BOUND ( 'NONE', #334, .T. ) ;
#1828 = VERTEX_POINT ( 'NONE', #1483 ) ;
#1829 = CARTESIAN_POINT ( 'NONE',  ( -0.8462046919163397352, 2.446985343148561753, 4.033978248418403467 ) ) ;
#1830 = CARTESIAN_POINT ( 'NONE',  ( 2.372321557623195076, 2.551851885404448073, 3.328625343476830700 ) ) ;
#1831 = DIRECTION ( 'NONE',  ( 0.000000000000000000, -1.000000000000000000, 0.000000000000000000 ) ) ;
#1832 = DIRECTION ( 'NONE',  ( 0.000000000000000000, 0.000000000000000000, 1.000000000000000000 ) ) ;
#1833 = DIRECTION ( 'NONE',  ( -0.7071067811865467956, 0.000000000000000000, 0.7071067811865483499 ) ) ;
#1834 = ORIENTED_EDGE ( 'NONE', *, *, #405, .F. ) ;
#1835 = PRESENTATION_LAYER_ASSIGNMENT (  '', '', ( #1625 ) ) ;
#1836 = EDGE_CURVE ( 'NONE', #138, #1412, #338, .T. ) ;
#1837 = VECTOR ( 'NONE', #1456, 1000.000000000000000 ) ;
#1838 = ADVANCED_FACE ( 'NONE', ( #813 ), #1145, .T. ) ;
#1839 = CARTESIAN_POINT ( 'NONE',  ( -1.944543648263005409, 4.200000000000000178, 0.1767766952966368099 ) ) ;
#1840 = EDGE_CURVE ( 'NONE', #2082, #410, #1942, .T. ) ;
#1841 = CARTESIAN_POINT ( 'NONE',  ( 0.000000000000000000, 0.000000000000000000, 0.000000000000000000 ) ) ;
#1842 = CARTESIAN_POINT ( 'NONE',  ( 0.000000000000000000, 4.200000000000000178, 0.000000000000000000 ) ) ;
#1843 = ORIENTED_EDGE ( 'NONE', *, *, #1918, .T. ) ;
#1844 = AXIS2_PLACEMENT_3D ( 'NONE', #693, #770, #451 ) ;
#1845 = ORIENTED_EDGE ( 'NONE', *, *, #768, .F. ) ;
#1846 = FACE_OUTER_BOUND ( 'NONE', #295, .T. ) ;
#1847 = AXIS2_PLACEMENT_3D ( 'NONE', #1862, #1382, #723 ) ;
#1848 = APPLICATION_PROTOCOL_DEFINITION ( 'draft international standard', 'automotive_design', 1998, #1383 ) ;
#1849 = B_SPLINE_CURVE_WITH_KNOTS ( 'NONE', 3,
 ( #659, #1306, #1602, #1934 ),
 .UNSPECIFIED., .F., .F.,
 ( 4, 4 ),
 ( 0.0001348278850649495947, 0.0001535247906316528283 ),
 .UNSPECIFIED. ) ;
#1850 = DIRECTION ( 'NONE',  ( 0.000000000000000000, 1.000000000000000000, 0.000000000000000000 ) ) ;
#1851 = FACE_OUTER_BOUND ( 'NONE', #281, .T. ) ;
#1852 = ADVANCED_FACE ( 'NONE', ( #1458 ), #6, .T. ) ;
#1853 = ORIENTED_EDGE ( 'NONE', *, *, #1288, .T. ) ;
#1854 =( NAMED_UNIT ( * ) SI_UNIT ( $, .STERADIAN. ) SOLID_ANGLE_UNIT ( ) );
#1855 = VECTOR ( 'NONE', #1744, 999.9999999999998863 ) ;
#1856 = EDGE_CURVE ( 'NONE', #1356, #1683, #472, .T. ) ;
#1857 = AXIS2_PLACEMENT_3D ( 'NONE', #386, #96, #2028 ) ;
#1858 = ORIENTED_EDGE ( 'NONE', *, *, #1334, .T. ) ;
#1859 = CARTESIAN_POINT ( 'NONE',  ( 0.3535533905932771725, 4.200000000000000178, 2.095670122081832787 ) ) ;
#1860 = CARTESIAN_POINT ( 'NONE',  ( -1.652214316217161638, 2.551878123425062039, 3.776139016366802714 ) ) ;
#1861 = ADVANCED_FACE ( 'NONE', ( #1872 ), #1352, .F. ) ;
#1862 = CARTESIAN_POINT ( 'NONE',  ( 0.000000000000000000, 3.700000000000000622, 0.000000000000000000 ) ) ;
#1863 = B_SPLINE_CURVE_WITH_KNOTS ( 'NONE', 3,
 ( #1239, #466, #2115, #1264 ),
 .UNSPECIFIED., .F., .F.,
 ( 4, 4 ),
 ( 0.0001348278850649495947, 0.0001535247906316528283 ),
 .UNSPECIFIED. ) ;
#1864 = AXIS2_PLACEMENT_3D ( 'NONE', #1738, #1594, #1090 ) ;
#1865 = CARTESIAN_POINT ( 'NONE',  ( -1.946040083519730457, 4.212187487137801334, -0.8817399781046822982 ) ) ;
#1866 = ORIENTED_EDGE ( 'NONE', *, *, #1054, .F. ) ;
#1867 = CARTESIAN_POINT ( 'NONE',  ( -0.3535533905932743970, 4.218280401510773103, -1.750693609722694166 ) ) ;
#1868 = ORIENTED_EDGE ( 'NONE', *, *, #1467, .T. ) ;
#1869 = AXIS2_PLACEMENT_3D ( 'NONE', #853, #1707, #2012 ) ;
#1870 =( NAMED_UNIT ( * ) SI_UNIT ( $, .STERADIAN. ) SOLID_ANGLE_UNIT ( ) );
#1871 = AXIS2_PLACEMENT_3D ( 'NONE', #514, #167, #621 ) ;
#1872 = FACE_OUTER_BOUND ( 'NONE', #1422, .T. ) ;
#1873 = DIRECTION ( 'NONE',  ( 0.000000000000000000, -1.000000000000000000, 0.000000000000000000 ) ) ;
#1874 = ORIENTED_EDGE ( 'NONE', *, *, #1695, .T. ) ;
#1875 = DIRECTION ( 'NONE',  ( 0.000000000000000000, 0.000000000000000000, -1.000000000000000000 ) ) ;
#1876 = DIRECTION ( 'NONE',  ( 0.000000000000000000, 0.000000000000000000, 1.000000000000000000 ) ) ;
#1877 = ORIENTED_EDGE ( 'NONE', *, *, #529, .T. ) ;
#1878 = LINE ( 'NONE', #1007, #1649 ) ;
#1879 = CIRCLE ( 'NONE', #210, 0.5624038682487044749 ) ;
#1880 = AXIS2_PLACEMENT_3D ( 'NONE', #486, #916, #2108 ) ;
#1881 = ADVANCED_FACE ( 'NONE', ( #1206 ), #667, .T. ) ;
#1882 = ORIENTED_EDGE ( 'NONE', *, *, #1525, .T. ) ;
#1883 = DIRECTION ( 'NONE',  ( -0.000000000000000000, 1.000000000000000000, -0.000000000000000000 ) ) ;
#1884 = EDGE_LOOP ( 'NONE', ( #1646, #2014, #1619, #741 ) ) ;
#1885 = AXIS2_PLACEMENT_3D ( 'NONE', #1684, #59, #873 ) ;
#1886 = CYLINDRICAL_SURFACE ( 'NONE', #1078, 0.1499999999999999667 ) ;
#1887 = CIRCLE ( 'NONE', #954, 0.2250000000000000888 ) ;
#1888 = CARTESIAN_POINT ( 'NONE',  ( -0.8461931828757548457, 2.551872875758927517, 4.033980058812287162 ) ) ;
#1889 = DIRECTION ( 'NONE',  ( 0.000000000000000000, -1.000000000000000000, 0.000000000000000000 ) ) ;
#1890 = DIRECTION ( 'NONE',  ( 0.000000000000000000, 0.000000000000000000, 1.000000000000000000 ) ) ;
#1891 = ORIENTED_EDGE ( 'NONE', *, *, #1840, .T. ) ;
#1892 = LINE ( 'NONE', #129, #1514 ) ;
#1893 = ORIENTED_EDGE ( 'NONE', *, *, #103, .F. ) ;
#1894 = CARTESIAN_POINT ( 'NONE',  ( -1.944543648263005853, 4.187500000000000000, -0.8838834764831847712 ) ) ;
#1895 = VECTOR ( 'NONE', #624, 999.9999999999998863 ) ;
#1896 = EDGE_CURVE ( 'NONE', #967, #141, #30, .T. ) ;
#1897 = LINE ( 'NONE', #1935, #1186 ) ;
#1898 = LINE ( 'NONE', #286, #162 ) ;
#1899 = CARTESIAN_POINT ( 'NONE',  ( 0.000000000000000000, 0.000000000000000000, -4.549999999999999822 ) ) ;
#1900 = VERTEX_POINT ( 'NONE', #1499 ) ;
#1901 = CARTESIAN_POINT ( 'NONE',  ( -0.004290608159457303707, 4.347131515493762421, -2.051482701080156179 ) ) ;
#1902 = COLOUR_RGB ( '',0.000000000000000000, 0.000000000000000000, 0.000000000000000000 ) ;
#1903 =( LENGTH_UNIT ( ) NAMED_UNIT ( * ) SI_UNIT ( .MILLI., .METRE. ) );
#1904 = ORIENTED_EDGE ( 'NONE', *, *, #953, .T. ) ;
#1905 = VERTEX_POINT ( 'NONE', #1024 ) ;
#1906 = SURFACE_SIDE_STYLE ('',( #1578 ) ) ;
#1907 = AXIS2_PLACEMENT_3D ( 'NONE', #330, #168, #649 ) ;
#1908 = CARTESIAN_POINT ( 'NONE',  ( -0.1255367128420578904, 4.350000000000000533, -2.095670122081833231 ) ) ;
#1909 = FILL_AREA_STYLE_COLOUR ( '', #1617 ) ;
#1910 = CARTESIAN_POINT ( 'NONE',  ( -1.946788199335634628, 4.218280401510773103, -0.8806634577952192622 ) ) ;
#1911 = EDGE_CURVE ( 'NONE', #240, #1989, #1765, .T. ) ;
#1912 = CARTESIAN_POINT ( 'NONE',  ( 2.379576361927984163, 2.551851885404461395, 3.338804627071427333 ) ) ;
#1913 = EDGE_LOOP ( 'NONE', ( #294, #534 ) ) ;
#1914 = CARTESIAN_POINT ( 'NONE',  ( 2.372335782212401600, 2.516889489577946115, 3.328615205568193236 ) ) ;
#1915 = SURFACE_STYLE_USAGE ( .BOTH. , #1252 ) ;
#1916 = ORIENTED_EDGE ( 'NONE', *, *, #1535, .F. ) ;
#1917 = ORIENTED_EDGE ( 'NONE', *, *, #302, .F. ) ;
#1918 = EDGE_CURVE ( 'NONE', #128, #670, #1400, .T. ) ;
#1919 = FILL_AREA_STYLE ('',( #596 ) ) ;
#1920 = ADVANCED_FACE ( 'NONE', ( #1508 ), #62, .T. ) ;
#1921 = AXIS2_PLACEMENT_3D ( 'NONE', #445, #728, #1876 ) ;
#1922 = CARTESIAN_POINT ( 'NONE',  ( 0.5815700683444945396, 4.350000000000000533, 2.095670122081832343 ) ) ;
#1923 = EDGE_CURVE ( 'NONE', #1412, #138, #1887, .T. ) ;
#1924 = DIRECTION ( 'NONE',  ( -0.000000000000000000, -1.000000000000000000, 0.000000000000000000 ) ) ;
#1925 = CARTESIAN_POINT ( 'NONE',  ( -2.540000000000000036, 0.000000000000000000, 0.000000000000000000 ) ) ;
#1926 = CARTESIAN_POINT ( 'NONE',  ( 0.3535533905932766174, 4.350000000000000533, 1.750693609722693944 ) ) ;
#1927 = CARTESIAN_POINT ( 'NONE',  ( 0.4230996744664425879, 2.551865004440600604, 4.100002580102311001 ) ) ;
#1928 = ORIENTED_EDGE ( 'NONE', *, *, #1070, .F. ) ;
#1929 = CARTESIAN_POINT ( 'NONE',  ( -1.944543648263005631, 4.187500000000000000, 0.1767766952966368377 ) ) ;
#1930 = AXIS2_PLACEMENT_3D ( 'NONE', #1453, #2109, #1791 ) ;
#1931 = ORIENTED_EDGE ( 'NONE', *, *, #427, .T. ) ;
#1932 = ORIENTED_EDGE ( 'NONE', *, *, #1472, .F. ) ;
#1933 = CARTESIAN_POINT ( 'NONE',  ( 3.818376618407362422, 0.6500000000000000222, 3.464823227814076922 ) ) ;
#1934 = CARTESIAN_POINT ( 'NONE',  ( -0.1767766952966340899, 4.200000000000000178, 1.944543648263006075 ) ) ;
#1935 = CARTESIAN_POINT ( 'NONE',  ( -0.7071067811865462405, 4.187500000000000000, 0.7071067811865482389 ) ) ;
#1936 = DIRECTION ( 'NONE',  ( 0.000000000000000000, -0.000000000000000000, -1.000000000000000000 ) ) ;
#1937 = PLANE ( 'NONE',  #1538 ) ;
#1938 = CIRCLE ( 'NONE', #398, 0.5000000000000000000 ) ;
#1939 = CARTESIAN_POINT ( 'NONE',  ( -2.372390194315503908, 2.446995915860261661, 3.328576424827232039 ) ) ;
#1940 = CARTESIAN_POINT ( 'NONE',  ( 0.4218097364345327338, 2.551865004440600604, 4.087502572236144438 ) ) ;
#1941 = ORIENTED_EDGE ( 'NONE', *, *, #1604, .F. ) ;
#1942 = LINE ( 'NONE', #1159, #2069 ) ;
#1943 = CARTESIAN_POINT ( 'NONE',  ( 0.000000000000000000, -13.50000000000000000, -2.315000000000000391 ) ) ;
#1944 = EDGE_LOOP ( 'NONE', ( #1820, #1931 ) ) ;
#1945 = MECHANICAL_DESIGN_GEOMETRIC_PRESENTATION_REPRESENTATION (  '', ( #1518 ), #97 ) ;
#1946 = SURFACE_STYLE_FILL_AREA ( #142 ) ;
#1947 = DIRECTION ( 'NONE',  ( -0.000000000000000000, -1.000000000000000000, -0.000000000000000000 ) ) ;
#1948 = DIRECTION ( 'NONE',  ( 0.000000000000000000, -0.9925461516413220942, 0.1218693434051475177 ) ) ;
#1949 = DIRECTION ( 'NONE',  ( 0.000000000000000000, 0.000000000000000000, 1.000000000000000000 ) ) ;
#1950 = CARTESIAN_POINT ( 'NONE',  ( 0.8838834764831873247, 4.200000000000000178, 1.944543648263004521 ) ) ;
#1951 = EDGE_CURVE ( 'NONE', #204, #1138, #1687, .T. ) ;
#1952 = VERTEX_POINT ( 'NONE', #1517 ) ;
#1953 = CARTESIAN_POINT ( 'NONE',  ( 1.750693609722694166, 4.350000000000000533, 0.3535533905932727317 ) ) ;
#1954 = VECTOR ( 'NONE', #372, 1000.000000000000000 ) ;
#1955 = AXIS2_PLACEMENT_3D ( 'NONE', #1030, #1717, #1043 ) ;
#1956 = CARTESIAN_POINT ( 'NONE',  ( -2.379617081248302846, 2.551883371091195674, 3.338775605911739497 ) ) ;
#1957 = VERTEX_POINT ( 'NONE', #704 ) ;
#1958 = ORIENTED_EDGE ( 'NONE', *, *, #1763, .F. ) ;
#1959 = DIRECTION ( 'NONE',  ( 0.000000000000000000, 0.000000000000000000, -1.000000000000000000 ) ) ;
#1960 = ORIENTED_EDGE ( 'NONE', *, *, #120, .F. ) ;
#1961 = CARTESIAN_POINT ( 'NONE',  ( 0.3535533905932766174, 4.350000000000000533, 1.750693609722693944 ) ) ;
#1962 = AXIS2_PLACEMENT_3D ( 'NONE', #1950, #791, #822 ) ;
#1963 = CARTESIAN_POINT ( 'NONE',  ( 2.372335782212401600, 2.516889489577946115, 3.328615205568193236 ) ) ;
#1964 =( NAMED_UNIT ( * ) PLANE_ANGLE_UNIT ( ) SI_UNIT ( $, .RADIAN. ) );
#1965 = AXIS2_PLACEMENT_3D ( 'NONE', #1133, #1293, #1974 ) ;
#1966 = VERTEX_POINT ( 'NONE', #555 ) ;
#1967 = CARTESIAN_POINT ( 'NONE',  ( 0.000000000000000000, 0.6500000000000000222, 0.000000000000000000 ) ) ;
#1968 = CARTESIAN_POINT ( 'NONE',  ( 5.021051876504147385E-16, 0.6500000000000000222, 4.099999999999999645 ) ) ;
#1969 = EDGE_LOOP ( 'NONE', ( #154, #2113 ) ) ;
#1970 = B_SPLINE_CURVE_WITH_KNOTS ( 'NONE', 1,
 ( #28, #1488 ),
 .UNSPECIFIED., .F., .F.,
 ( 2, 2 ),
 ( 0.000000000000000000, 1.000000000000000000 ),
 .UNSPECIFIED. ) ;
#1971 = SURFACE_SIDE_STYLE ('',( #1946 ) ) ;
#1972 = CARTESIAN_POINT ( 'NONE',  ( -1.652235705149013523, 2.446990629504405490, 3.776130302831824714 ) ) ;
#1973 = ADVANCED_FACE ( 'NONE', ( #1196 ), #1529, .T. ) ;
#1974 = DIRECTION ( 'NONE',  ( 0.000000000000000000, 0.000000000000000000, -1.000000000000000000 ) ) ;
#1975 = SURFACE_STYLE_USAGE ( .BOTH. , #609 ) ;
#1976 = ORIENTED_EDGE ( 'NONE', *, *, #99, .F. ) ;
#1977 = DIRECTION ( 'NONE',  ( -3.539529035337644621E-15, 0.000000000000000000, -1.000000000000000000 ) ) ;
#1978 = DIRECTION ( 'NONE',  ( 0.000000000000000000, -0.000000000000000000, -1.000000000000000000 ) ) ;
#1979 = ORIENTED_EDGE ( 'NONE', *, *, #170, .F. ) ;
#1980 = ORIENTED_EDGE ( 'NONE', *, *, #1604, .T. ) ;
#1981 = B_SPLINE_CURVE_WITH_KNOTS ( 'NONE', 3,
 ( #1922, #1588, #965, #1256, #2106, #1629, #1789, #1300 ),
 .UNSPECIFIED., .F., .F.,
 ( 4, 2, 2, 4 ),
 ( -3.298698135720714900E-06, 0.0001893016036880156017, 0.0002856017545998840623, 0.0003819019055117525230 ),
 .UNSPECIFIED. ) ;
#1982 = DIRECTION ( 'NONE',  ( 0.000000000000000000, -1.000000000000000000, 0.000000000000000000 ) ) ;
#1983 = DIRECTION ( 'NONE',  ( 0.000000000000000000, -1.000000000000000000, 0.000000000000000000 ) ) ;
#1984 = CARTESIAN_POINT ( 'NONE',  ( 2.077172007274218579, 4.350000000000001421, 0.6426810443842914111 ) ) ;
#1985 = ORIENTED_EDGE ( 'NONE', *, *, #617, .F. ) ;
#1986 = CARTESIAN_POINT ( 'NONE',  ( 0.4231292699007239699, 2.446977413648087296, 4.099999999999998757 ) ) ;
#1987 = EDGE_CURVE ( 'NONE', #510, #628, #1505, .T. ) ;
#1988 = CARTESIAN_POINT ( 'NONE',  ( -0.1767766952966340899, 4.200000000000000178, 1.944543648263006075 ) ) ;
#1989 = VERTEX_POINT ( 'NONE', #724 ) ;
#1990 = AXIS2_PLACEMENT_3D ( 'NONE', #1022, #1889, #79 ) ;
#1991 = EDGE_CURVE ( 'NONE', #1725, #280, #324, .T. ) ;
#1992 = FACE_OUTER_BOUND ( 'NONE', #1201, .T. ) ;
#1993 = SURFACE_STYLE_USAGE ( .BOTH. , #197 ) ;
#1994 = FILL_AREA_STYLE ('',( #1457 ) ) ;
#1995 = ORIENTED_EDGE ( 'NONE', *, *, #597, .T. ) ;
#1996 = ORIENTED_EDGE ( 'NONE', *, *, #272, .T. ) ;
#1997 = ADVANCED_FACE ( 'NONE', ( #111 ), #1373, .T. ) ;
#1998 = EDGE_CURVE ( 'NONE', #253, #912, #1898, .T. ) ;
#1999 = EDGE_LOOP ( 'NONE', ( #913, #195, #1783, #984 ) ) ;
#2000 = DIRECTION ( 'NONE',  ( 0.000000000000000000, 1.000000000000000000, 0.000000000000000000 ) ) ;
#2001 = CARTESIAN_POINT ( 'NONE',  ( 0.8435804964646849147, 2.551862380633372673, 4.021687789693833004 ) ) ;
#2002 = UNCERTAINTY_MEASURE_WITH_UNIT (LENGTH_MEASURE( 1.000000000000000082E-05 ), #886, 'distance_accuracy_value', 'NONE');
#2003 = ORIENTED_EDGE ( 'NONE', *, *, #1692, .F. ) ;
#2004 = DIRECTION ( 'NONE',  ( 0.000000000000000000, 0.000000000000000000, 1.000000000000000000 ) ) ;
#2005 = B_SPLINE_CURVE_WITH_KNOTS ( 'NONE', 3,
 ( #1647, #1656, #524, #343, #1986, #1784 ),
 .UNSPECIFIED., .F., .F.,
 ( 4, 2, 4 ),
 ( 0.000000000000000000, 0.2499984255364261498, 0.4999968510728522997 ),
 .UNSPECIFIED. ) ;
#2006 = DIRECTION ( 'NONE',  ( 0.000000000000000000, 0.000000000000000000, -1.000000000000000000 ) ) ;
#2007 = ORIENTED_EDGE ( 'NONE', *, *, #972, .T. ) ;
#2008 = LINE ( 'NONE', #234, #1606 ) ;
#2009 = AXIS2_PLACEMENT_3D ( 'NONE', #1926, #1608, #461 ) ;
#2010 = DIRECTION ( 'NONE',  ( 0.000000000000000000, 0.000000000000000000, 1.000000000000000000 ) ) ;
#2011 = ADVANCED_FACE ( 'NONE', ( #754 ), #435, .F. ) ;
#2012 = DIRECTION ( 'NONE',  ( 0.000000000000000000, 0.000000000000000000, 1.000000000000000000 ) ) ;
#2013 = FACE_OUTER_BOUND ( 'NONE', #22, .T. ) ;
#2014 = ORIENTED_EDGE ( 'NONE', *, *, #190, .F. ) ;
#2015 = CARTESIAN_POINT ( 'NONE',  ( 1.946788199335635960, 4.218280401510773103, 0.8806634577952168197 ) ) ;
#2016 = ADVANCED_FACE ( 'NONE', ( #589 ), #1396, .T. ) ;
#2017 = VERTEX_POINT ( 'NONE', #1292 ) ;
#2018 = DIRECTION ( 'NONE',  ( 0.000000000000000000, -1.000000000000000000, 0.000000000000000000 ) ) ;
#2019 = CARTESIAN_POINT ( 'NONE',  ( -0.8806634577953155185, 4.218280401510225097, -1.946788199335567571 ) ) ;
#2020 = VECTOR ( 'NONE', #755, 1000.000000000000000 ) ;
#2021 = EDGE_LOOP ( 'NONE', ( #1564, #320 ) ) ;
#2022 = CARTESIAN_POINT ( 'NONE',  ( 3.570889244992073053, 0.6500000000000000222, 3.924442635585331907 ) ) ;
#2023 =( GEOMETRIC_REPRESENTATION_CONTEXT ( 3 ) GLOBAL_UNCERTAINTY_ASSIGNED_CONTEXT ( ( #61 ) ) GLOBAL_UNIT_ASSIGNED_CONTEXT ( ( #296, #455, #1760 ) ) REPRESENTATION_CONTEXT ( 'NONE', 'WORKASPACE' ) );
#2024 = VECTOR ( 'NONE', #513, 1000.000000000000000 ) ;
#2025 = ORIENTED_EDGE ( 'NONE', *, *, #34, .F. ) ;
#2026 = FACE_OUTER_BOUND ( 'NONE', #1701, .T. ) ;
#2027 = B_SPLINE_CURVE_WITH_KNOTS ( 'NONE', 3,
 ( #946, #285, #1098, #1589 ),
 .UNSPECIFIED., .F., .F.,
 ( 4, 4 ),
 ( 0.0001348278850655106422, 0.0001535247906316519338 ),
 .UNSPECIFIED. ) ;
#2028 = DIRECTION ( 'NONE',  ( 0.7071067811865474617, 0.000000000000000000, 0.7071067811865474617 ) ) ;
#2029 =( NAMED_UNIT ( * ) PLANE_ANGLE_UNIT ( ) SI_UNIT ( $, .RADIAN. ) );
#2030 = FACE_BOUND ( 'NONE', #2064, .T. ) ;
#2031 = ORIENTED_EDGE ( 'NONE', *, *, #484, .F. ) ;
#2032 = FACE_OUTER_BOUND ( 'NONE', #1545, .T. ) ;
#2033 = ORIENTED_EDGE ( 'NONE', *, *, #1840, .F. ) ;
#2034 = VECTOR ( 'NONE', #1318, 1000.000000000000000 ) ;
#2035 = PRESENTATION_STYLE_ASSIGNMENT (( #243 ) ) ;
#2036 = EDGE_CURVE ( 'NONE', #1347, #128, #1805, .T. ) ;
#2037 = PLANE ( 'NONE',  #1496 ) ;
#2038 = VECTOR ( 'NONE', #1103, 1000.000000000000000 ) ;
#2039 = CARTESIAN_POINT ( 'NONE',  ( 0.000000000000000000, 4.200000000000000178, 0.000000000000000000 ) ) ;
#2040 = VECTOR ( 'NONE', #615, 1000.000000000000000 ) ;
#2041 = PLANE ( 'NONE',  #1305 ) ;
#2042 = ORIENTED_EDGE ( 'NONE', *, *, #986, .T. ) ;
#2043 = DIRECTION ( 'NONE',  ( 0.000000000000000000, 0.000000000000000000, 1.000000000000000000 ) ) ;
#2044 = DIRECTION ( 'NONE',  ( -0.000000000000000000, 1.000000000000000000, -0.000000000000000000 ) ) ;
#2045 = VECTOR ( 'NONE', #1655, 1000.000000000000000 ) ;
#2046 = ORIENTED_EDGE ( 'NONE', *, *, #998, .T. ) ;
#2047 = CIRCLE ( 'NONE', #944, 0.2249999999999999500 ) ;
#2048 = VERTEX_POINT ( 'NONE', #968 ) ;
#2049 = VECTOR ( 'NONE', #1452, 1000.000000000000000 ) ;
#2050 = CARTESIAN_POINT ( 'NONE',  ( 2.095670122081834119, 4.350000000000000533, 0.5815700683444886554 ) ) ;
#2051 = CARTESIAN_POINT ( 'NONE',  ( 2.372321555946496296, 2.551851885404461395, 3.328625344671819253 ) ) ;
#2052 = VERTEX_POINT ( 'NONE', #668 ) ;
#2053 = CARTESIAN_POINT ( 'NONE',  ( 1.647173849205024743, 2.446969484247491167, 3.764628155301424250 ) ) ;
#2054 = EDGE_CURVE ( 'NONE', #1905, #453, #977, .T. ) ;
#2055 = ORIENTED_EDGE ( 'NONE', *, *, #1176, .F. ) ;
#2056 = STYLED_ITEM ( 'NONE', ( #443 ), #1333 ) ;
#2057 = DIRECTION ( 'NONE',  ( 0.000000000000000000, -0.000000000000000000, -1.000000000000000000 ) ) ;
#2058 = EDGE_CURVE ( 'NONE', #1952, #309, #474, .T. ) ;
#2059 = B_SPLINE_SURFACE_WITH_KNOTS ( 'NONE', 1, 3, ( 
 ( #1386, #1727, #1261, #736, #1570, #1927, #600, #622, #765, #1912 ),
 ( #1397, #1611, #126, #316, #611, #1940, #1416, #2073, #949, #2051 ) ),
 .UNSPECIFIED., .F., .F., .F.,
 ( 2, 2 ),
 ( 4, 2, 2, 2, 4 ),
 ( 0.000000000000000000, 1.000000000000000000 ),
 ( 0.000000000000000000, 0.2499999998983132299, 0.4999999997966264598, 0.7499999996949396897, 0.9999999995932529195 ),
 .UNSPECIFIED. ) ;
#2060 = FACE_OUTER_BOUND ( 'NONE', #1772, .T. ) ;
#2061 = DIRECTION ( 'NONE',  ( 0.000000000000000000, 0.000000000000000000, -1.000000000000000000 ) ) ;
#2062 = CARTESIAN_POINT ( 'NONE',  ( 2.540000000000000036, -13.50000000000000000, 0.000000000000000000 ) ) ;
#2063 = STYLED_ITEM ( 'NONE', ( #1207 ), #401 ) ;
#2064 = EDGE_LOOP ( 'NONE', ( #585, #1411 ) ) ;
#2065 = CARTESIAN_POINT ( 'NONE',  ( 0.1486025076084236118, 4.275489247616606647, -1.964052570840387535 ) ) ;
#2066 = CARTESIAN_POINT ( 'NONE',  ( 0.8838834764831836610, 4.200000000000000178, 1.944543648263004965 ) ) ;
#2067 = ORIENTED_EDGE ( 'NONE', *, *, #352, .T. ) ;
#2068 = DIRECTION ( 'NONE',  ( 0.000000000000000000, -1.000000000000000000, 0.000000000000000000 ) ) ;
#2069 = VECTOR ( 'NONE', #831, 999.9999999999998863 ) ;
#2070 = LINE ( 'NONE', #262, #1786 ) ;
#2071 = ADVANCED_FACE ( 'NONE', ( #1101 ), #1155, .F. ) ;
#2072 = CARTESIAN_POINT ( 'NONE',  ( -2.095670122081833231, 4.350000000000000533, -0.1255367128420575573 ) ) ;
#2073 = CARTESIAN_POINT ( 'NONE',  ( 1.647138686119720363, 2.551857133018916812, 3.764642729459978021 ) ) ;
#2074 = ORIENTED_EDGE ( 'NONE', *, *, #996, .T. ) ;
#2075 = CARTESIAN_POINT ( 'NONE',  ( 0.000000000000000000, -13.50000000000000000, -2.540000000000000036 ) ) ;
#2076 = ADVANCED_FACE ( 'NONE', ( #1803 ), #657, .T. ) ;
#2077 = ADVANCED_FACE ( 'NONE', ( #1478 ), #1632, .T. ) ;
#2078 = DIRECTION ( 'NONE',  ( 0.000000000000000000, -1.000000000000000000, 0.000000000000000000 ) ) ;
#2079 = ORIENTED_EDGE ( 'NONE', *, *, #1998, .F. ) ;
#2080 = EDGE_CURVE ( 'NONE', #270, #309, #1363, .T. ) ;
#2081 = B_SPLINE_CURVE_WITH_KNOTS ( 'NONE', 3,
 ( #1255, #1050, #1243, #1059 ),
 .UNSPECIFIED., .F., .F.,
 ( 4, 4 ),
 ( 0.0001348278850655106693, 0.0001535247906316527741 ),
 .UNSPECIFIED. ) ;
#2082 = VERTEX_POINT ( 'NONE', #1591 ) ;
#2083 = DIRECTION ( 'NONE',  ( 0.000000000000000000, -1.000000000000000000, 0.000000000000000000 ) ) ;
#2084 = AXIS2_PLACEMENT_3D ( 'NONE', #1755, #1109, #1410 ) ;
#2085 = FACE_OUTER_BOUND ( 'NONE', #929, .T. ) ;
#2086 = DIRECTION ( 'NONE',  ( 0.9925461516413220942, 0.1218693434051475177, 0.000000000000000000 ) ) ;
#2087 = CIRCLE ( 'NONE', #46, 0.2250000000000000888 ) ;
#2088 = CARTESIAN_POINT ( 'NONE',  ( -2.379626457593773559, 2.516920886014212044, 3.338768923188947024 ) ) ;
#2089 = LINE ( 'NONE', #1064, #1428 ) ;
#2090 = ORIENTED_EDGE ( 'NONE', *, *, #990, .T. ) ;
#2091 = PLANE ( 'NONE',  #64 ) ;
#2092 = CARTESIAN_POINT ( 'NONE',  ( 1.946788199335635960, 4.218280401510773103, 0.8806634577952168197 ) ) ;
#2093 = ORIENTED_EDGE ( 'NONE', *, *, #629, .T. ) ;
#2094 = FACE_OUTER_BOUND ( 'NONE', #1520, .T. ) ;
#2095 = AXIS2_PLACEMENT_3D ( 'NONE', #1925, #1544, #1378 ) ;
#2096 = DIRECTION ( 'NONE',  ( -0.000000000000000000, 1.000000000000000000, -0.000000000000000000 ) ) ;
#2097 = LINE ( 'NONE', #337, #522 ) ;
#2098 = FACE_OUTER_BOUND ( 'NONE', #1058, .T. ) ;
#2099 = LINE ( 'NONE', #935, #1837 ) ;
#2100 = CYLINDRICAL_SURFACE ( 'NONE', #1480, 0.1499999999999999667 ) ;
#2101 = ORIENTED_EDGE ( 'NONE', *, *, #244, .T. ) ;
#2102 = DIRECTION ( 'NONE',  ( 0.7071067811865474617, 0.000000000000000000, -0.7071067811865474617 ) ) ;
#2103 = CARTESIAN_POINT ( 'NONE',  ( 0.000000000000000000, -13.50000000000000000, -2.540000000000000036 ) ) ;
#2104 = VERTEX_POINT ( 'NONE', #1269 ) ;
#2105 = VERTEX_POINT ( 'NONE', #789 ) ;
#2106 = CARTESIAN_POINT ( 'NONE',  ( 0.8107462959418783033, 4.311243179432554307, 1.992487124203985882 ) ) ;
#2107 = EDGE_CURVE ( 'NONE', #877, #1957, #1394, .T. ) ;
#2108 = DIRECTION ( 'NONE',  ( 0.000000000000000000, 0.000000000000000000, 1.000000000000000000 ) ) ;
#2109 = DIRECTION ( 'NONE',  ( 0.000000000000000000, 1.000000000000000000, -0.000000000000000000 ) ) ;
#2110 = B_SPLINE_CURVE_WITH_KNOTS ( 'NONE', 3,
 ( #2019, #87, #551, #734 ),
 .UNSPECIFIED., .F., .F.,
 ( 4, 4 ),
 ( 0.0001348278850655106693, 0.0001535247906316528554 ),
 .UNSPECIFIED. ) ;
#2111 = DIRECTION ( 'NONE',  ( 0.000000000000000000, 0.000000000000000000, 1.000000000000000000 ) ) ;
#2112 = CARTESIAN_POINT ( 'NONE',  ( -2.372371498881596708, 2.516920886014216485, 3.328589749642639539 ) ) ;
#2113 = ORIENTED_EDGE ( 'NONE', *, *, #1776, .F. ) ;
#2114 = SURFACE_STYLE_FILL_AREA ( #1263 ) ;
#2115 = CARTESIAN_POINT ( 'NONE',  ( 0.1757065180248970904, 4.206094015088982729, -1.945291899229842025 ) ) ;
#2116 = EDGE_LOOP ( 'NONE', ( #1237, #2079, #1421, #413 ) ) ;
#2117 = ORIENTED_EDGE ( 'NONE', *, *, #2036, .T. ) ;
#2118 = CIRCLE ( 'NONE', #263, 4.549999999999999822 ) ;
ENDSEC;
END-ISO-10303-21;
